time,t2m_daily,d2m_daily,tp_daily,sf_daily,sd_daily,wind_speed_daily,wind_dir_sin,wind_dir_cos,rh_daily,pdd_daily,pdd_7day,freezing_height_m
2001-06-01,3.6703186,2.0765686,5.4473877,0.0,,0.21073413,-0.9326121,-0.36088037,89.32462,3.6703186,3.670318603515625,4886.6646
2001-06-02,4.100006,2.9515686,6.9885254,0.0,,0.15667745,-0.93961704,-0.3422278,92.22683,4.100006,7.77032470703125,4952.77
2001-06-03,4.2484436,3.3578186,12.939453,0.0,,0.23278837,0.6885151,0.725222,93.93074,4.2484436,12.018768310546875,4975.6064
2001-06-04,3.5765686,2.850006,4.299164,0.0,,0.17947346,0.75973654,0.650231,94.99712,3.5765686,15.5953369140625,4872.241
2001-06-05,3.100006,2.2171936,5.554199,0.0,,0.113530286,0.12707786,0.99189276,93.92789,3.100006,18.695343017578125,4798.924
2001-06-06,2.818756,1.2796936,4.3792725,0.0,,0.122550584,0.91191214,0.41038543,89.605484,2.818756,21.51409912109375,4755.655
2001-06-07,2.4359436,0.5921936,4.787445,0.0,,0.111218266,-0.7342772,-0.67884976,87.629005,2.4359436,23.950042724609375,4696.7607
2001-06-08,3.3265686,1.3890686,5.3520203,0.0,,0.08345172,0.8579121,0.5137964,87.1255,3.3265686,23.606292724609375,4833.78
2001-06-09,3.881256,2.350006,6.8130493,0.0,,0.112869844,0.6656718,0.7462446,89.740105,3.881256,23.387542724609375,4919.116
2001-06-10,4.1390686,2.0453186,2.1820068,0.0,,0.08492342,-0.93647677,0.35072964,86.23897,4.1390686,23.278167724609375,4958.78
2001-06-11,5.5609436,4.100006,9.941101,0.0,,0.050099604,-0.88446856,0.46659976,90.315834,5.5609436,25.262542724609375,5177.53
2001-06-12,4.9203186,3.6234436,11.749268,0.0,,0.46550575,-0.96238995,-0.2716719,91.31751,4.9203186,27.082855224609375,5078.972
2001-06-13,5.475006,4.350006,9.506226,0.0,,0.24719702,-0.9960307,0.08901073,92.460976,5.475006,29.739105224609375,5164.3086
2001-06-14,5.7171936,4.5609436,12.466431,0.0,,0.3866198,0.4625552,0.8865905,92.273445,5.7171936,33.020355224609375,5201.5684
2001-06-15,5.5453186,4.5921936,14.968872,0.0,,0.6510555,0.5073642,0.8617317,93.58271,5.5453186,35.239105224609375,5175.126
2001-06-16,5.4671936,4.7015686,16.00647,0.0,,0.5976088,0.504125,0.86363065,94.81237,5.4671936,36.825042724609375,5163.1064
2001-06-17,5.693756,4.756256,11.459351,0.0,,0.27895063,0.48924285,0.8721476,93.69221,5.693756,38.379730224609375,5197.9624
2001-06-18,5.6078186,4.287506,9.941101,0.0,,0.19487324,-0.108368725,0.99411076,91.21363,5.6078186,38.426605224609375,5184.741
2001-06-19,6.4359436,5.412506,32.928467,0.0,,0.3576628,0.68157613,0.7317472,93.171455,6.4359436,39.942230224609375,5312.145
2001-06-20,5.8578186,4.912506,11.428833,0.0,,0.28854915,0.5101966,0.8600578,93.64928,5.8578186,40.325042724609375,5223.2026
2001-06-21,6.6234436,5.5921936,12.710571,0.0,,0.48169485,0.87378645,0.48630983,93.13094,6.6234436,41.231292724609375,5340.991
2001-06-22,6.1390686,5.443756,9.895325,0.0,,0.598594,0.8226471,0.5685523,95.303505,6.1390686,41.825042724609375,5266.472
2001-06-23,6.193756,4.7484436,8.430481,0.0,,0.33070198,0.50643927,0.8622756,90.4612,6.193756,42.551605224609375,5274.8857
2001-06-24,6.7328186,5.537506,17.471313,0.0,,0.531099,0.6495412,0.7603264,92.08416,6.7328186,43.590667724609375,5357.8184
2001-06-25,6.318756,5.2015686,8.598328,0.0,,0.2437023,0.62963045,0.7768948,92.56032,6.318756,44.301605224609375,5294.116
2001-06-26,6.1390686,4.7796936,7.3051453,0.0,,0.21317026,0.5168097,0.85610026,91.00122,6.1390686,44.004730224609375,5266.472
2001-06-27,6.818756,5.0765686,7.5416565,0.0,,0.32727614,0.6497464,0.760151,88.658424,6.818756,44.965667724609375,5371.0396
2001-06-28,7.1703186,5.568756,17.700195,0.0,,0.23436159,0.35340562,0.93547016,89.557594,7.1703186,45.512542724609375,5425.126
2001-06-29,7.068756,6.100006,25.314331,0.0,,0.13602594,0.024131771,0.9997088,93.55734,7.068756,46.442230224609375,5409.501
2001-06-30,7.037506,5.631256,11.619568,0.0,,0.3924021,0.5319549,0.8467727,90.76781,7.037506,47.285980224609375,5404.6934
2001-07-01,7.100006,6.0609436,13.008118,0.0,,0.18217702,0.4640195,0.885825,93.106,7.100006,47.653167724609375,5414.3086
2001-07-02,6.8578186,5.4984436,13.885498,0.0,,0.18544522,0.40351057,0.914975,91.05067,6.8578186,48.192230224609375,5377.049
2001-07-03,6.4203186,5.256256,11.184692,0.0,,0.19885719,0.16758357,0.9858579,92.26523,6.4203186,48.473480224609375,5309.741
2001-07-04,6.4984436,4.9515686,10.795593,0.0,,0.37781912,0.5282553,0.8490856,89.84583,6.4984436,48.153167724609375,5321.7607
2001-07-05,6.912506,5.1078186,8.483887,0.0,,0.38541755,0.5764345,0.8171434,88.28188,6.912506,47.895355224609375,5385.4624
2001-07-06,7.3421936,5.7796936,11.726379,0.0,,0.3229884,0.66630864,0.7456761,89.81365,7.3421936,48.168792724609375,5451.5684
2001-07-07,6.8734436,5.2171936,12.275696,0.0,,0.31495088,0.53486764,0.8449359,89.19445,6.8734436,48.004730224609375,5379.453
2001-07-08,7.3421936,5.6390686,9.307861,0.0,,0.3910387,0.57002133,0.8216299,88.943535,7.3421936,48.246917724609375,5451.5684
2001-07-09,7.3109436,5.7484436,9.719849,0.0,,0.43771446,0.6927408,0.7211867,89.81123,7.3109436,48.700042724609375,5446.7607
2001-07-10,7.443756,6.1390686,14.778137,0.0,,0.6794926,0.6668579,0.7451849,91.435074,7.443756,49.723480224609375,5467.1934
2001-07-11,7.5296936,6.568756,12.710571,0.0,,0.71785384,0.6461861,0.76317984,93.63056,7.5296936,50.754730224609375,5480.4146
2001-07-12,6.787506,6.0765686,7.8964233,0.0,,0.5019,0.5394539,0.8420151,95.22456,6.787506,50.629730224609375,5366.2314
2001-07-13,7.3265686,6.2796936,14.755249,0.0,,0.69126785,0.7423803,0.66997874,93.06794,7.3265686,50.614105224609375,5449.1646
2001-07-14,6.7640686,6.3890686,24.902344,0.0,,0.9295444,0.73540735,0.6776253,97.454895,6.7640686,50.504730224609375,5362.626
2001-07-15,6.225006,5.6703186,23.864746,0.0,,0.8081704,0.857333,0.5147622,96.23986,6.225006,49.387542724609375,5279.6934
2001-07-16,6.4828186,5.8109436,17.89856,0.0,,0.81780475,0.69080234,0.7230437,95.47082,6.4828186,48.559417724609375,5319.3564
2001-07-17,6.912506,5.8890686,14.450073,0.0,,0.71899295,0.6159603,0.7877772,93.19661,6.912506,48.028167724609375,5385.4624
2001-07-18,7.131256,6.2171936,16.342163,0.0,,0.6186971,0.64991355,0.76000816,93.91396,7.131256,47.629730224609375,5419.116
2001-07-19,6.9984436,6.4046936,30.792236,0.0,,0.59386414,0.7099787,0.70422316,96.00419,6.9984436,47.840667724609375,5398.6836
2001-07-20,6.7640686,6.4046936,17.364502,0.0,,0.2815558,0.25211304,0.9676978,97.559784,6.7640686,47.278167724609375,5362.626
2001-07-21,7.631256,6.818756,15.357971,0.0,,0.43645242,0.71600014,0.69810015,94.594696,7.631256,48.145355224609375,5496.0396
2001-07-22,7.7484436,7.006256,18.218994,0.0,,0.65700436,0.6636716,0.74802405,95.05655,7.7484436,49.668792724609375,5514.0684
2001-07-23,7.3734436,6.412506,11.543274,0.0,,0.5570963,0.6060828,0.7954016,93.622856,7.3734436,50.559417724609375,5456.376
2001-07-24,7.4984436,6.662506,15.701294,0.0,,0.6440058,0.7324153,0.68085814,94.43694,7.4984436,51.145355224609375,5475.6064
2001-07-25,7.318756,6.662506,9.521484,0.0,,0.5783446,0.72523123,0.68850535,95.602936,7.318756,51.332855224609375,5447.9624
2001-07-26,7.256256,6.537506,12.451172,0.0,,0.66188794,0.6698405,0.742505,95.190865,7.256256,51.590667724609375,5438.347
2001-07-27,7.3890686,6.7640686,15.075684,0.0,,0.76953375,0.725886,0.68781507,95.810684,7.3890686,52.215667724609375,5458.78
2001-07-28,7.3578186,6.6703186,13.458252,0.0,,0.75957745,0.76111394,0.64861816,95.399284,7.3578186,51.942230224609375,5453.972
2001-07-29,7.318756,6.787506,23.284912,0.0,,0.7774177,0.79515046,0.6064122,96.427055,7.318756,51.512542724609375,5447.9624
2001-07-30,6.912506,6.4984436,19.561768,0.0,,0.3444479,0.9497762,0.31292996,97.19639,6.912506,51.051605224609375,5385.4624
2001-07-31,7.0453186,6.2484436,9.727478,0.0,,0.47570154,0.76059544,0.6492261,94.67191,7.0453186,50.598480224609375,5405.895
2001-08-01,7.4984436,6.9046936,17.303467,0.0,,0.64374626,0.80704355,0.5904919,96.01982,7.4984436,50.778167724609375,5475.6064
2001-08-02,6.7640686,6.037506,18.508911,0.0,,0.6581809,0.81530946,0.5790255,95.12102,6.7640686,50.285980224609375,5362.626
2001-08-03,6.0609436,5.1390686,21.148682,0.0,,0.6144403,0.654416,0.7561347,93.81212,6.0609436,48.957855224609375,5254.4526
2001-08-04,6.350006,4.850006,6.340027,0.0,,0.54941905,0.55367434,0.8327333,90.128426,6.350006,47.950042724609375,5298.924
2001-08-05,6.2484436,4.9515686,11.016846,0.0,,0.7576868,0.68052524,0.7327246,91.40592,6.2484436,46.879730224609375,5283.299
2001-08-06,4.8734436,4.1390686,13.572693,0.0,,0.50848913,0.56463224,0.8253426,94.99604,4.8734436,44.840667724609375,5071.7607
2001-08-07,5.8265686,4.9671936,11.131287,0.0,,0.36148226,0.5433493,0.83950675,94.21009,5.8265686,43.621917724609375,5218.395
2001-08-08,6.4828186,5.506256,9.757996,0.0,,0.308215,0.7426045,0.6697302,93.47734,6.4828186,42.606292724609375,5319.3564
2001-08-09,6.7328186,5.5453186,10.429382,0.0,,0.43145955,0.72937834,0.68411046,92.13405,6.7328186,42.575042724609375,5357.8184
2001-08-10,6.881256,5.5140686,11.84845,0.0,,0.37990808,0.7242449,0.68954283,91.00297,6.881256,43.395355224609375,5380.655
2001-08-11,7.1234436,6.037506,16.052246,0.0,,0.5130808,0.7018533,0.7123216,92.80645,7.1234436,44.168792724609375,5417.9146
2001-08-12,6.9203186,6.193756,24.154663,0.0,,0.4709832,0.58471435,0.81123924,95.12697,6.9203186,44.840667724609375,5386.6646
2001-08-13,6.787506,5.9203186,11.688232,0.0,,0.25732657,0.60341007,0.79743105,94.20244,6.787506,46.754730224609375,5366.2314
2001-08-14,7.2796936,6.287506,13.320923,0.0,,0.49532235,0.6984285,0.7156798,93.41688,7.2796936,48.207855224609375,5441.953
2001-08-15,7.3890686,6.0765686,12.283325,0.0,,0.4619925,0.71446645,0.6996697,91.3822,7.3890686,49.114105224609375,5458.78
2001-08-16,7.506256,6.5453186,10.108948,0.0,,0.5898111,0.6792595,0.7338982,93.62941,7.506256,49.887542724609375,5476.8086
2001-08-17,8.045319,6.912506,15.045166,0.0,,0.6649812,0.6909559,0.722897,92.559456,8.045319,51.051605224609375,5559.741
2001-08-18,7.4359436,6.9203186,14.472961,0.0,,0.7258067,0.7157983,0.69830704,96.53371,7.4359436,51.364105224609375,5465.991
2001-08-19,7.318756,6.7640686,15.930176,0.0,,0.63144475,0.6793232,0.73383915,96.27206,7.318756,51.762542724609375,5447.9624
2001-08-20,7.381256,6.2953186,8.796692,0.0,,0.6018673,0.6112974,0.79140097,92.82074,7.381256,52.356292724609375,5457.578
2001-08-21,7.0765686,6.1859436,12.077332,0.0,,0.628933,0.6420534,0.7666599,94.06331,7.0765686,52.153167724609375,5410.703
2001-08-22,6.3421936,5.4984436,20.828247,0.0,,0.64226526,0.84615666,0.5329342,94.33551,6.3421936,51.106292724609375,5297.722
2001-08-23,4.8734436,4.1703186,31.234741,0.0,,0.3535351,0.941937,0.33578953,95.20438,4.8734436,48.473480224609375,5071.7607
2001-08-24,4.5140686,3.8109436,11.741638,0.0,,0.13339375,0.8309223,-0.55638844,95.190765,4.5140686,44.942230224609375,5016.472
2001-08-25,5.2953186,4.0921936,6.17218,0.0,,0.11864722,0.21837364,0.97586524,91.94543,5.2953186,42.801605224609375,5136.6646
2001-08-26,5.9359436,4.5765686,7.3547363,0.0,,0.15765768,0.4099783,0.91209525,90.98718,5.9359436,41.418792724609375,5235.222
2001-08-27,6.3734436,4.725006,9.872437,0.0,,0.27742907,0.6353679,0.7722096,89.202,6.3734436,40.410980224609375,5302.53
2001-08-28,5.568756,4.412506,8.872986,0.0,,0.27356178,0.6867415,0.72690177,92.264565,5.568756,38.903167724609375,5178.7314
2001-08-29,5.7640686,4.2640686,9.460449,0.0,,0.34791538,0.6652345,0.74663454,90.08413,5.7640686,38.325042724609375,5208.78
2001-08-30,5.537506,3.818756,4.2037964,0.0,,0.32443652,0.54406226,0.83904487,88.69381,5.537506,38.989105224609375,5173.924
2001-08-31,5.9515686,4.7015686,8.277893,0.0,,0.4950698,0.74661976,0.665251,91.68579,5.9515686,40.426605224609375,5237.626
2002-06-01,2.568756,0.7562561,6.061554,0.0,,0.15471844,-0.9672939,-0.25365826,87.839195,2.568756,2.568756103515625,4717.1934
2002-06-02,2.6703186,0.6312561,7.1029663,0.0,,0.17385508,-0.99984497,0.017608285,86.425735,2.6703186,5.23907470703125,4732.8184
2002-06-03,2.1390686,0.1312561,3.9100647,0.0,,0.28233668,-0.9183268,-0.3958231,86.5666,2.1390686,7.378143310546875,4651.0874
2002-06-04,2.8578186,1.0687561,8.415222,0.0,,0.07798789,-0.9735837,0.22833045,88.01424,2.8578186,10.2359619140625,4761.6646
2002-06-05,2.912506,1.7562561,6.866455,0.0,,0.06084274,0.08188314,0.99664193,92.103004,2.912506,13.148468017578125,4770.0776
2002-06-06,3.3421936,1.4984436,2.462387,0.0,,0.25593793,-0.77886397,-0.6271929,87.71434,3.3421936,16.49066162109375,4836.1836
2002-06-07,3.7015686,2.6078186,5.218506,0.0,,0.30397344,-0.8706301,-0.49193823,92.56138,3.7015686,20.192230224609375,4891.472
2002-06-08,4.7953186,2.9984436,4.5928955,0.0,,0.3698185,-0.90574414,-0.42382497,88.14131,4.7953186,22.418792724609375,5059.741
2002-06-09,5.3421936,3.2796936,6.8893433,0.0,,0.30461535,-0.9401264,-0.34082592,86.55375,5.3421936,25.090667724609375,5143.876
2002-06-10,4.1390686,3.1703186,6.580353,0.0,,0.23074742,-0.98556685,-0.1692868,93.4086,4.1390686,27.090667724609375,4958.78
2002-06-11,4.7171936,3.5296936,12.9470825,0.0,,0.20389055,0.071470425,0.9974427,92.01052,4.7171936,28.950042724609375,5047.722
2002-06-12,4.662506,3.8265686,10.528564,0.0,,0.12540932,-0.29541934,0.9553677,94.31233,4.662506,30.700042724609375,5039.3086
2002-06-13,4.4984436,3.381256,6.9847107,0.0,,0.07933766,-0.919324,0.3935015,92.45451,4.4984436,31.856292724609375,5014.0684
2002-06-14,5.037506,3.2953186,3.0879974,0.0,,0.070785426,-0.8122452,0.5833162,88.504196,5.037506,33.192230224609375,5097.001
2002-06-15,4.631256,3.287506,4.5814514,0.0,,0.04763407,-0.94242126,0.33442816,90.99652,4.631256,33.028167724609375,5034.501
2002-06-16,4.6546936,2.4203186,1.6174316,0.0,,0.10809617,-0.99093896,0.13431314,85.43436,4.6546936,32.340667724609375,5038.1064
2002-06-17,4.5765686,2.725006,3.019333,0.0,,0.13856445,-0.99637043,-0.0851232,87.78054,4.5765686,32.778167724609375,5026.0874
2002-06-18,4.7015686,3.7953186,4.1618347,0.0,,0.11686465,-0.91919905,-0.39379326,93.84913,4.7015686,32.762542724609375,5045.3184
2002-06-19,4.9671936,3.3578186,4.196167,0.0,,0.107321516,0.96396875,0.26601556,89.33168,4.9671936,33.067230224609375,5086.1836
2002-06-20,5.037506,3.443756,5.5274963,0.0,,0.10363796,0.99999744,0.0022578975,89.43589,5.037506,33.606292724609375,5097.001
2002-06-21,5.068756,2.4984436,1.499176,0.0,,0.24625023,0.9423572,0.33460867,83.466034,5.068756,33.637542724609375,5101.8086
2002-06-22,5.8734436,3.975006,8.094788,0.0,,0.054709546,-0.079836674,0.99680793,87.61124,5.8734436,34.879730224609375,5225.6064
2002-06-23,7.131256,5.7796936,18.051147,0.0,,0.38026157,0.43561965,0.9001308,91.11861,7.131256,37.356292724609375,5419.116
2002-06-24,6.7015686,5.318756,11.047363,0.0,,0.33626682,0.36374226,0.93149966,90.89191,6.7015686,39.481292724609375,5353.0107
2002-06-25,6.818756,5.506256,10.818481,0.0,,0.37881476,0.5735921,0.8191411,91.34447,6.818756,41.598480224609375,5371.0396
2002-06-26,6.2015686,5.1390686,14.091492,0.0,,0.30533543,0.85795116,0.51373124,92.906334,6.2015686,42.832855224609375,5276.0874
2002-06-27,5.6546936,4.7953186,17.532349,0.0,,0.16700763,0.19077185,0.9816344,94.20231,5.6546936,43.450042724609375,5191.9526
2002-06-28,6.475006,5.193756,6.6490173,0.0,,0.3172486,0.48135737,0.87652445,91.52023,6.475006,44.856292724609375,5318.155
2002-06-29,7.318756,5.881256,8.94928,0.0,,0.32749662,0.6109169,0.7916947,90.591705,7.318756,46.301605224609375,5447.9624
2002-06-30,7.6390686,6.7640686,15.792847,0.0,,0.5165107,0.6811216,0.7321703,94.19015,7.6390686,46.809417724609375,5497.241
2002-07-01,7.475006,6.8109436,20.568848,0.0,,0.45922223,0.8080919,0.5890565,95.55707,7.475006,47.582855224609375,5472.001
2002-07-02,7.4515686,6.4515686,9.674072,0.0,,0.21945612,0.83269155,0.55373704,93.375404,7.4515686,48.215667724609375,5468.395
2002-07-03,7.568756,6.506256,12.138367,0.0,,0.5050485,0.7802081,0.62552005,92.9809,7.568756,49.582855224609375,5486.424
2002-07-04,7.693756,6.5453186,14.61792,0.0,,0.54052234,0.7321658,0.6811265,92.43996,7.693756,51.621917724609375,5505.655
2002-07-05,7.537506,6.881256,17.318726,0.0,,0.6752746,0.6558385,0.75490123,95.61044,7.537506,52.684417724609375,5481.616
2002-07-06,7.2953186,6.756256,19.073486,0.0,,0.48933512,0.7498815,0.6615721,96.374695,7.2953186,52.660980224609375,5444.3564
2002-07-07,6.9046936,5.912506,13.48114,0.0,,0.088075615,-0.8613815,0.50795865,93.397736,6.9046936,51.926605224609375,5384.2607
2002-07-08,7.5140686,6.0140686,9.57489,0.0,,0.32629254,0.85597074,0.5170242,90.21557,7.5140686,51.965667724609375,5478.0107
2002-07-09,7.8734436,6.7484436,14.24408,0.0,,0.5380347,0.73555106,0.67746925,92.59928,7.8734436,52.387542724609375,5533.299
2002-07-10,7.7796936,7.1546936,54.93164,0.0,,0.56892043,0.9475183,0.31970158,95.82346,7.7796936,52.598480224609375,5518.876
2002-07-11,6.943756,6.568756,54.992676,0.0,,0.6523771,0.9700103,0.24306396,97.4585,6.943756,51.848480224609375,5390.27
2002-07-12,6.1546936,5.4671936,16.76941,0.0,,0.47308835,0.71938366,0.6946129,95.35574,6.1546936,50.465667724609375,5268.876
2002-07-13,7.1859436,5.9671936,9.788513,0.0,,0.46024102,0.6673219,0.7447694,91.9627,7.1859436,50.356292724609375,5427.53
2002-07-14,6.9671936,6.0921936,16.921997,0.0,,0.41981053,0.92757154,0.37364563,94.15976,6.9671936,50.418792724609375,5393.876
2002-07-15,6.881256,5.7171936,8.476257,0.0,,0.2756852,0.96616507,0.2579245,92.29266,6.881256,49.785980224609375,5380.655
2002-07-16,6.8734436,5.5609436,6.942749,0.0,,0.42484882,0.6166026,0.78727454,91.34809,6.8734436,48.785980224609375,5379.453
2002-07-17,7.256256,5.7484436,12.832642,0.0,,0.5052112,0.7408141,0.67171013,90.147606,7.256256,48.262542724609375,5438.347
2002-07-18,7.6078186,6.412506,14.282227,0.0,,0.5021327,0.7565387,0.6539489,92.13723,7.6078186,48.926605224609375,5492.4336
2002-07-19,7.8265686,6.8578186,15.625,0.0,,0.73891973,0.6515529,0.7586032,93.595,7.8265686,50.598480224609375,5526.0874
2002-07-20,7.131256,6.4984436,15.762329,0.0,,0.61202824,0.6881097,0.7256067,95.75075,7.131256,50.543792724609375,5419.116
2002-07-21,6.7015686,5.8265686,34.179688,0.0,,0.18602847,0.7382155,-0.67456496,94.14768,6.7015686,50.278167724609375,5353.0107
2002-07-22,5.8890686,4.7640686,36.376953,0.0,,0.18347201,-0.9999982,-0.0018985696,92.48512,5.8890686,49.285980224609375,5228.0107
2002-07-23,5.8109436,5.0921936,34.39331,0.0,,0.10125675,0.7564841,0.6540121,95.13615,5.8109436,48.223480224609375,5215.991
2002-07-24,5.912506,5.1078186,12.702942,0.0,,0.14315183,0.77087075,0.6369916,94.57315,5.912506,46.879730224609375,5231.616
2002-07-25,6.2328186,5.4203186,7.3051453,0.0,,0.29154384,0.67369336,0.739011,94.53547,6.2328186,45.504730224609375,5280.895
2002-07-26,6.6234436,6.0921936,9.498596,0.0,,0.42691156,0.8034863,0.5953233,96.40747,6.6234436,44.301605224609375,5340.991
2002-07-27,6.8265686,6.0296936,31.982422,0.0,,0.41758767,0.78985566,0.61329275,94.66282,6.8265686,43.996917724609375,5372.241
2002-07-28,5.0453186,4.4359436,34.362793,0.0,,0.3380249,-0.95987856,-0.28041592,95.83747,5.0453186,42.340667724609375,5098.2026
2002-07-29,6.037506,5.2796936,10.566711,0.0,,0.30835903,0.32837474,0.94454753,94.88699,6.037506,42.489105224609375,5250.847
2002-07-30,6.1390686,5.068756,10.20813,0.0,,0.34241572,0.82136995,0.5703958,92.85241,6.1390686,42.817230224609375,5266.472
2002-07-31,6.4671936,5.7640686,10.971069,0.0,,0.45396045,0.82122296,0.5706074,95.26406,6.4671936,43.371917724609375,5316.9526
2002-08-01,6.6859436,5.912506,15.441895,0.0,,0.53735816,0.6188043,0.7855452,94.81043,6.6859436,43.825042724609375,5350.6064
2002-08-02,6.1859436,5.506256,32.287598,0.0,,0.4071617,0.8352649,0.5498477,95.40856,6.1859436,43.387542724609375,5273.6836
2002-08-03,5.9359436,5.2640686,16.540527,0.0,,0.40525398,0.7970262,0.60394466,95.45133,5.9359436,42.496917724609375,5235.222
2002-08-04,6.506256,5.631256,7.217407,0.0,,0.37423494,0.6559606,0.7547951,94.13877,6.506256,43.957855224609375,5322.9624
2002-08-05,6.8578186,5.7640686,13.748169,0.0,,0.46290767,0.7199102,0.69406724,92.74153,6.8578186,44.778167724609375,5377.049
2002-08-06,7.1546936,6.0453186,12.069702,0.0,,0.4669926,0.756482,0.65401447,92.65814,7.1546936,45.793792724609375,5422.722
2002-08-07,7.225006,6.0453186,10.414124,0.0,,0.54406947,0.72918725,0.6843142,92.21351,7.225006,46.551605224609375,5433.5396
2002-08-08,7.693756,6.4203186,9.95636,0.0,,0.5576169,0.7027149,0.7114715,91.648384,7.693756,47.559417724609375,5505.655
2002-08-09,7.912506,6.787506,27.191162,0.0,,0.49500504,0.651035,0.7590477,92.6015,7.912506,49.285980224609375,5539.3086
2002-08-10,6.631256,6.1078186,25.039673,0.0,,0.10000426,0.40373036,0.914878,96.45968,6.631256,49.981292724609375,5342.1934
2002-08-11,7.1390686,6.2796936,19.973755,0.0,,0.47698888,0.7047998,0.7094063,94.269005,7.1390686,50.614105224609375,5420.3184
2002-08-12,6.4359436,5.5609436,19.91272,0.0,,0.34573045,0.33754393,0.94130975,94.13556,6.4359436,50.192230224609375,5312.145
2002-08-13,6.693756,5.7796936,14.297485,0.0,,0.58849156,0.60569316,0.7956983,93.89326,6.693756,49.731292724609375,5351.8086
2002-08-14,6.600006,5.9984436,15.869141,0.0,,0.61149275,0.70068985,0.713466,95.939896,6.600006,49.106292724609375,5337.3857
2002-08-15,6.6546936,5.8734436,12.1536255,0.0,,0.54551053,0.5782284,0.81587493,94.757965,6.6546936,48.067230224609375,5345.799
2002-08-16,6.7171936,5.6703186,10.131836,0.0,,0.3925372,0.68788266,0.7258219,93.03521,6.7171936,46.871917724609375,5355.4146
2002-08-17,6.850006,5.7015686,9.063721,0.0,,0.45245442,0.653985,0.75650746,92.3907,6.850006,47.090667724609375,5375.847
2002-08-18,6.6234436,5.4359436,11.184692,0.0,,0.4696362,0.7194731,0.6945203,92.12741,6.6234436,46.575042724609375,5340.991
2002-08-19,6.5453186,5.5453186,11.459351,0.0,,0.49604237,0.71857834,0.695446,93.328766,6.5453186,46.684417724609375,5328.972
2002-08-20,5.7640686,5.1234436,19.241333,0.0,,0.7290041,0.8352309,0.5498994,95.65289,5.7640686,45.754730224609375,5208.78
2002-08-21,5.0296936,4.5453186,21.087646,0.0,,0.77465785,0.73369086,0.6794834,96.67819,5.0296936,44.184417724609375,5095.799
2002-08-22,4.943756,4.506256,15.563965,0.0,,0.69136363,0.65328884,0.7571088,96.99328,4.943756,42.473480224609375,5082.5776
2002-08-23,5.412506,4.7484436,14.038086,0.0,,0.634482,0.61758363,0.7865052,95.4846,5.412506,41.168792724609375,5154.6934
2002-08-24,5.2328186,4.600006,10.3302,0.0,,0.44176477,0.5391086,0.8422363,95.68687,5.2328186,39.551605224609375,5127.049
2002-08-25,5.3578186,4.537506,10.08606,0.0,,0.2479948,0.26309657,0.9647695,94.44634,5.3578186,38.285980224609375,5146.28
2002-08-26,6.2015686,5.287506,9.422302,0.0,,0.20383579,0.62162286,0.7833167,93.86982,6.2015686,37.942230224609375,5276.0874
2002-08-27,6.131256,4.725006,9.025574,0.0,,0.20768075,0.8640346,0.5034324,90.70357,6.131256,38.309417724609375,5265.27
2002-08-28,6.0453186,4.6234436,8.934021,0.0,,0.4078633,0.6090597,0.7931244,90.59854,6.0453186,39.325042724609375,5252.049
2002-08-29,5.8890686,4.7640686,8.758545,0.0,,0.49605063,0.46386907,0.8859038,92.48512,5.8890686,40.270355224609375,5228.0107
2002-08-30,5.6078186,4.4203186,7.572174,0.0,,0.43902683,0.64840674,0.76129407,92.065445,5.6078186,40.465667724609375,5184.741
2002-08-31,5.3890686,4.256256,9.635925,0.0,,0.48450887,0.6570765,0.75382394,92.40537,5.3890686,40.621917724609375,5151.0874
2003-06-01,3.6234436,1.4515686,3.1108856,0.0,,0.24686034,-0.9978836,0.06502563,85.704315,3.6234436,3.623443603515625,4879.453
2003-06-02,3.6390686,0.037506104,0.49209595,0.0,,0.17499702,-0.99611074,0.08811008,77.3145,3.6390686,7.26251220703125,4881.8564
2003-06-03,4.0921936,1.4046936,2.1362305,0.0,,0.24629407,-0.9937348,0.11176416,82.64912,4.0921936,11.354705810546875,4951.5684
2003-06-04,3.850006,2.5453186,8.964539,0.0,,0.18208432,0.81253135,0.58291745,91.194664,3.850006,15.2047119140625,4914.3086
2003-06-05,2.1703186,1.4125061,9.536743,0.0,,0.03972409,-0.91266745,-0.40870297,94.72856,2.1703186,17.375030517578125,4655.895
2003-06-06,3.2171936,1.3890686,8.964539,0.0,,0.13033962,0.5329002,0.8461781,87.800934,3.2171936,20.59222412109375,4816.9526
2003-06-07,3.4203186,2.2328186,5.619049,0.0,,0.3064364,0.64891946,0.7608571,91.92951,3.4203186,24.012542724609375,4848.203
2003-06-08,3.8890686,3.006256,7.8201294,0.0,,0.07826093,-0.37239894,0.92807275,93.96551,3.8890686,24.278167724609375,4920.3184
2003-06-09,4.9359436,3.256256,5.256653,0.0,,0.12582614,-0.99294925,0.11854028,88.88683,4.9359436,25.575042724609375,5081.376
2003-06-10,5.475006,3.7953186,33.63037,0.0,,0.2739777,0.77659076,0.63000536,88.93238,5.475006,26.957855224609375,5164.3086
2003-06-11,4.006256,3.4359436,34.42383,0.0,,0.23009755,0.99949116,-0.031897184,96.06736,4.006256,27.114105224609375,4938.347
2003-06-12,4.3890686,3.4671936,19.79065,0.0,,0.3219904,0.8378368,0.5459208,93.73075,4.3890686,29.332855224609375,4997.241
2003-06-13,3.8109436,2.7796936,14.884949,0.0,,0.12344534,0.8954139,0.4452348,92.97887,3.8109436,29.926605224609375,4908.299
2003-06-14,3.787506,2.3265686,4.5280457,0.0,,0.094384626,-0.72749716,0.6861107,90.18286,3.787506,30.293792724609375,4904.6934
2003-06-15,4.4359436,3.0140686,6.1836243,0.0,,0.09419655,0.67970514,0.73348546,90.48156,4.4359436,30.840667724609375,5004.4526
2003-06-16,4.4515686,3.4515686,8.972168,0.0,,0.030973569,0.9527639,-0.30371198,93.21912,4.4515686,30.356292724609375,5006.8564
2003-06-17,5.2484436,4.350006,9.498596,0.0,,0.34014854,0.7773201,0.6291053,93.92674,5.2484436,30.129730224609375,5129.4526
2003-06-18,5.4515686,4.4515686,10.498047,0.0,,0.57197225,0.6146496,0.7888003,93.27181,5.4515686,31.575042724609375,5160.7026
2003-06-19,5.8890686,4.8109436,9.887695,0.0,,0.5193424,0.58385885,0.8118552,92.78798,5.8890686,33.075042724609375,5228.0107
2003-06-20,6.068756,5.1859436,11.268616,0.0,,0.56013936,0.66032326,0.7509815,94.06764,6.068756,35.332855224609375,5255.655
2003-06-21,6.2640686,5.350006,10.551453,0.0,,0.41469362,0.80596495,0.5919633,93.87281,6.2640686,37.809417724609375,5285.7026
2003-06-22,6.5140686,5.3421936,9.140015,0.0,,0.53215986,0.89323115,0.4495977,92.22078,6.5140686,39.887542724609375,5324.1646
2003-06-23,6.756256,5.881256,18.829346,0.0,,0.41767067,0.8779626,0.47872925,94.15017,6.756256,42.192230224609375,5361.424
2003-06-24,5.7484436,5.1546936,17.77649,0.0,,0.4379097,0.8212176,0.5706152,95.96472,5.7484436,42.692230224609375,5206.376
2003-06-25,6.475006,5.8109436,11.46698,0.0,,0.3634668,0.6431527,0.76573795,95.52215,6.475006,43.715667724609375,5318.155
2003-06-26,7.1078186,6.1078186,18.600464,0.0,,0.46819234,0.883864,0.467744,93.35777,7.1078186,44.934417724609375,5415.5107
2003-06-27,6.4515686,5.7328186,15.022278,0.0,,0.47419792,0.88657105,0.46259242,95.16052,6.4515686,45.317230224609375,5314.549
2003-06-28,6.9828186,5.5609436,11.2838745,0.0,,0.5050151,0.8276362,0.56126493,90.66571,6.9828186,46.035980224609375,5396.28
2003-06-29,6.1859436,5.2328186,14.381409,0.0,,0.42877916,0.902476,0.43074012,93.61465,6.1859436,45.707855224609375,5273.6836
2003-06-30,5.1546936,3.9203186,45.410156,0.0,,0.41206136,-0.6363301,-0.7714169,91.735115,5.1546936,44.106292724609375,5115.03
2003-07-01,5.037506,3.975006,9.300232,0.0,,0.22788945,-0.8179464,-0.57529444,92.84191,5.037506,43.395355224609375,5097.001
2003-07-02,5.943756,5.2953186,7.4043274,0.0,,0.13508596,-0.35151953,0.93618053,95.60714,5.943756,42.864105224609375,5236.424
2003-07-03,6.3265686,5.193756,21.42334,0.0,,0.048172362,-0.94012594,-0.34082726,92.46029,6.3265686,42.082855224609375,5295.3184
2003-07-04,6.412506,5.8890686,22.201538,0.0,,0.48105517,0.82622737,0.56333685,96.45357,6.412506,42.043792724609375,5308.5396
2003-07-05,5.7953186,5.0140686,8.674622,0.0,,0.2569831,0.6493428,0.76049584,94.72262,5.7953186,40.856292724609375,5213.5874
2003-07-06,5.975006,4.9203186,11.405945,0.0,,0.4209252,0.47734782,0.87871444,92.944435,5.975006,40.645355224609375,5241.2314
2003-07-07,6.6078186,5.6234436,21.514893,0.0,,0.46754503,0.7602877,0.64958644,93.43308,6.6078186,42.098480224609375,5338.5874
2003-07-08,5.006256,3.6546936,42.96875,0.0,,0.3809557,-0.7619868,-0.64759254,90.9725,5.006256,42.067230224609375,5092.1934
2003-07-09,4.1078186,3.162506,25.283813,0.0,,0.20948955,-0.20132418,-0.9795247,93.56183,4.1078186,40.231292724609375,4953.972
2003-07-10,4.3578186,3.4671936,7.6179504,0.0,,0.1871793,0.6417226,0.7669368,93.93595,4.3578186,38.262542724609375,4992.4336
2003-07-11,5.1546936,4.5609436,10.1623535,0.0,,0.2660937,0.6427078,0.7661114,95.945755,5.1546936,37.004730224609375,5115.03
2003-07-12,5.8734436,5.037506,10.414124,0.0,,0.29582322,0.82116586,0.5706896,94.36604,5.8734436,37.082855224609375,5225.6064
2003-07-13,6.2328186,5.443756,11.512756,0.0,,0.45815256,0.81211007,0.58350426,94.68932,6.2328186,37.340667724609375,5280.895
2003-07-14,6.475006,5.662506,13.137817,0.0,,0.48681694,0.80090183,0.5987957,94.54579,6.475006,37.207855224609375,5318.155
2003-07-15,5.881256,5.162506,21.133423,0.0,,0.13680954,-0.74905616,0.66250646,95.13884,5.881256,38.082855224609375,5226.8086
2003-07-16,6.818756,6.2484436,15.403748,0.0,,0.4964489,0.68209046,0.7312678,96.153786,6.818756,40.793792724609375,5371.0396
2003-07-17,6.9515686,6.256256,15.975952,0.0,,0.6207536,0.6450073,0.76417637,95.333305,6.9515686,43.387542724609375,5391.472
2003-07-18,6.912506,6.2484436,14.877319,0.0,,0.6689924,0.49303097,0.87001175,95.537476,6.912506,45.145355224609375,5385.4624
2003-07-19,6.9359436,6.412506,15.129089,0.0,,0.4592576,0.6528029,0.7575278,96.468155,6.9359436,46.207855224609375,5389.0684
2003-07-20,7.1859436,6.7328186,23.406982,0.0,,0.18193908,0.8219023,0.56962854,96.94212,7.1859436,47.160980224609375,5427.53
2003-07-21,6.7171936,5.7171936,25.405884,0.0,,0.22190574,0.31218165,0.9500224,93.33765,6.7171936,47.403167724609375,5355.4146
2003-07-22,6.8265686,5.7015686,14.526367,0.0,,0.39091054,0.617049,0.7869248,92.539375,6.8265686,48.348480224609375,5372.241
2003-07-23,7.2796936,6.068756,17.562866,0.0,,0.34734315,0.50255936,0.8645427,92.0181,7.2796936,48.809417724609375,5441.953
2003-07-24,7.1390686,5.381256,10.1623535,0.0,,0.3637915,0.27649337,0.9610158,88.5897,7.1390686,48.996917724609375,5420.3184
2003-07-25,7.2015686,5.881256,10.635376,0.0,,0.5161289,0.61256427,0.7904208,91.32049,7.2015686,49.285980224609375,5429.9336
2003-07-26,7.4515686,6.0921936,8.102417,0.0,,0.42189145,0.56652886,0.8240419,91.0912,7.4515686,49.801605224609375,5468.395
2003-07-27,7.443756,6.1546936,12.4435425,0.0,,0.45850754,0.6794293,0.733741,91.53368,7.443756,50.059417724609375,5467.1934
2003-07-28,7.1546936,6.1234436,10.276794,0.0,,0.55028784,0.6100323,0.7923765,93.15912,7.1546936,50.496917724609375,5422.722
2003-07-29,7.6859436,6.7796936,10.383606,0.0,,0.5366851,0.5249601,0.85112685,93.99048,7.6859436,51.356292724609375,5504.453
2003-07-30,7.4359436,6.7328186,31.051636,0.0,,0.45335817,0.9849458,0.17286359,95.299805,7.4359436,51.512542724609375,5465.991
2003-07-31,6.4359436,5.7015686,16.784668,0.0,,0.4337412,0.7210386,0.69289494,95.057045,6.4359436,50.809417724609375,5312.145
2003-08-01,6.5140686,5.881256,21.194458,0.0,,0.5240335,0.49989724,0.86608475,95.73014,6.5140686,50.121917724609375,5324.1646
2003-08-02,6.2953186,5.850006,18.432617,0.0,,0.6774404,0.6832935,0.7301438,96.97292,6.2953186,48.965667724609375,5290.5107
2003-08-03,6.537506,5.818756,11.001587,0.0,,0.47356045,0.6542237,0.7563011,95.16377,6.537506,48.059417724609375,5327.77
2003-08-04,6.8109436,5.3421936,9.460449,0.0,,0.26872566,0.58462775,0.81130165,90.35894,6.8109436,47.715667724609375,5369.8374
2003-08-05,6.9515686,5.0921936,7.7552795,0.0,,0.443766,0.69209653,0.721805,87.95014,6.9515686,46.981292724609375,5391.472
2003-08-06,7.225006,5.4828186,8.399963,0.0,,0.21778247,0.6378659,0.77014744,88.69317,7.225006,46.770355224609375,5433.5396
2003-08-07,7.5453186,5.631256,6.084442,0.0,,0.30612868,0.5239639,0.8517405,87.67113,7.5453186,47.879730224609375,5482.8184
2003-08-08,7.506256,5.912506,8.659363,0.0,,0.35925576,0.6187515,0.7855868,89.63254,7.506256,48.871917724609375,5476.8086
2003-08-09,7.5921936,6.600006,17.181396,0.0,,0.47880757,0.7877847,0.6159507,93.43276,7.5921936,50.168792724609375,5490.03
2003-08-10,6.412506,5.537506,23.849487,0.0,,0.1340167,-0.9491151,0.31492946,94.13449,6.412506,50.043792724609375,5308.5396
2003-08-11,7.0140686,5.9984436,7.270813,0.0,,0.39329964,0.6834454,0.7300016,93.252266,7.0140686,50.246917724609375,5401.0874
2003-08-12,7.256256,6.2171936,11.299133,0.0,,0.44000888,0.6891285,0.7246391,93.11432,7.256256,50.551605224609375,5438.347
2003-08-13,7.412506,6.193756,9.292603,0.0,,0.5478518,0.79946494,0.6007128,91.97667,7.412506,50.739105224609375,5462.3857
2003-08-14,7.4828186,6.225006,8.285522,0.0,,0.47082853,0.76017094,0.6497232,91.733665,7.4828186,50.676605224609375,5473.203
2003-08-15,7.725006,6.2484436,12.962341,0.0,,0.41753823,0.7729925,0.63441515,90.37714,7.725006,50.895355224609375,5510.4624
2003-08-16,7.3734436,6.1703186,9.803772,0.0,,0.19506249,0.40645778,0.9136696,92.07344,7.3734436,50.676605224609375,5456.376
2003-08-17,7.725006,6.7171936,29.60205,0.0,,0.4160194,0.67194223,0.74060357,93.3393,7.725006,51.989105224609375,5510.4624
2003-08-18,4.9828186,4.162506,64.88037,0.0,,0.3907163,-0.7179572,-0.69608724,94.429985,4.9828186,49.957855224609375,5088.5874
2003-08-19,4.4984436,3.412506,32.226562,0.0,,0.28608134,-0.78427064,-0.62041885,92.65852,4.4984436,47.200042724609375,5014.0684
2003-08-20,4.5765686,3.5140686,13.336182,0.0,,0.174026,-0.5208257,-0.853663,92.81617,4.5765686,44.364105224609375,5026.0874
2003-08-21,5.0765686,3.9671936,5.3596497,0.0,,0.33714476,-0.8349355,-0.5503478,92.53909,5.0765686,41.957855224609375,5103.0107
2003-08-22,5.8421936,4.9046936,7.6560974,0.0,,0.12736331,-0.9732976,0.22954682,93.6995,5.8421936,40.075042724609375,5220.799
2003-08-23,6.3265686,5.6546936,8.850098,0.0,,0.35204452,0.48752603,0.87310845,95.46526,6.3265686,39.028167724609375,5295.3184
2003-08-24,6.7171936,5.9046936,10.101318,0.0,,0.5343065,0.7251477,0.6885933,94.55608,6.7171936,38.020355224609375,5355.4146
2003-08-25,6.6078186,5.7953186,23.956299,0.0,,0.63584197,0.7310681,0.68230456,94.551445,6.6078186,39.645355224609375,5338.5874
2003-08-26,6.6703186,6.037506,15.869141,0.0,,0.4349378,0.6399083,0.7684513,95.735374,6.6703186,41.817230224609375,5348.203
2003-08-27,6.8890686,6.0296936,10.513306,0.0,,0.43192616,0.822985,0.56806314,94.25786,6.8890686,44.129730224609375,5381.8564
2003-08-28,6.9046936,5.5921936,8.19397,0.0,,0.42912346,0.6895415,0.72424614,91.35017,6.9046936,45.957855224609375,5384.2607
2003-08-29,6.9046936,5.8890686,8.94165,0.0,,0.4588432,0.6677586,0.7443779,93.24655,6.9046936,47.020355224609375,5384.2607
2003-08-30,6.756256,6.100006,13.015747,0.0,,0.6375607,0.7245021,0.6892726,95.58353,6.756256,47.450042724609375,5361.424
2003-08-31,7.1546936,6.4359436,15.24353,0.0,,0.73138875,0.73169875,0.6816281,95.18706,7.1546936,47.887542724609375,5422.722
2004-06-01,2.9515686,1.7875061,20.019531,0.0,,0.070615254,-0.13732098,-0.9905266,92.05401,2.9515686,2.951568603515625,4776.0874
2004-06-02,3.0453186,2.4671936,9.651184,0.0,,0.27313158,0.9086058,0.41765475,95.98387,3.0453186,5.99688720703125,4790.5107
2004-06-03,2.6078186,1.6703186,7.118225,0.0,,0.08863157,0.9916402,0.12903371,93.5377,2.6078186,8.604705810546875,4723.2026
2004-06-04,2.3109436,0.7796936,5.8288574,0.0,,0.013866957,0.62831146,-0.7779619,89.61504,2.3109436,10.9156494140625,4677.53
2004-06-05,1.7250061,0.2484436,3.868103,0.0,,0.1487514,-0.9010551,-0.43370467,89.92308,1.7250061,12.640655517578125,4587.3857
2004-06-06,2.0765686,0.6937561,6.744385,0.0,,0.08710938,-0.8001681,-0.5997758,90.56091,2.0765686,14.71722412109375,4641.472
2004-06-07,2.2484436,0.4046936,3.0937195,0.0,,0.17699847,-0.8889831,-0.4579401,87.61124,2.2484436,16.965667724609375,4667.9146
2004-06-08,2.7640686,0.2953186,0.6799698,0.0,,0.18927059,-0.9822609,-0.18751961,83.79448,2.7640686,16.778167724609375,4747.241
2004-06-09,3.0453186,1.4359436,3.0822754,0.0,,0.16522163,-0.99963385,-0.027059514,89.17327,3.0453186,16.778167724609375,4790.5107
2004-06-10,4.1078186,2.0140686,3.583908,0.0,,0.28117308,0.75020516,0.66120505,86.235725,4.1078186,18.278167724609375,4953.972
2004-06-11,3.943756,1.9359436,7.9803467,0.0,,0.26518983,0.6973741,0.7167073,86.74936,3.943756,19.910980224609375,4928.7314
2004-06-12,4.0765686,2.5296936,5.0086975,0.0,,0.17250459,0.6910057,0.7228493,89.655945,4.0765686,22.262542724609375,4949.1646
2004-06-13,5.318756,3.7328186,10.757446,0.0,,0.42380914,0.5178803,0.8554531,89.507744,5.318756,25.504730224609375,5140.27
2004-06-14,5.7484436,4.6546936,10.726929,0.0,,0.38086954,0.62882936,0.77754337,92.678955,5.7484436,29.004730224609375,5206.376
2004-06-15,6.2953186,5.1859436,19.16504,0.0,,0.6125317,0.9286827,0.37087527,92.60925,6.2953186,32.535980224609375,5290.5107
2004-06-16,5.318756,4.4515686,14.183044,0.0,,0.13626696,0.88999456,0.4559711,94.135605,5.318756,34.809417724609375,5140.27
2004-06-17,5.7484436,4.7328186,13.832092,0.0,,0.57532024,0.99808544,0.061849862,93.1857,5.7484436,36.450042724609375,5206.376
2004-06-18,5.8265686,4.943756,18.981934,0.0,,0.5876515,0.99209785,0.12546629,94.05642,5.8265686,38.332855224609375,5218.395
2004-06-19,6.3890686,5.631256,9.376526,0.0,,0.3779413,0.9243902,0.38144827,94.90105,6.3890686,40.645355224609375,5304.9336
2004-06-20,6.3578186,5.131256,10.070801,0.0,,0.30942586,0.44973665,0.8931612,91.86141,6.3578186,41.684417724609375,5300.126
2004-06-21,6.3578186,5.3890686,12.60376,0.0,,0.29857773,0.76371187,0.6455572,93.521706,6.3578186,42.293792724609375,5300.126
2004-06-22,6.037506,4.5921936,7.675171,0.0,,0.53942263,0.64630735,0.7630772,90.44978,6.037506,42.035980224609375,5250.847
2004-06-23,5.6078186,4.5296936,9.559631,0.0,,0.4398876,0.7820046,0.62327266,92.772224,5.6078186,42.325042724609375,5184.741
2004-06-24,5.2796936,3.8890686,8.857727,0.0,,0.38227713,0.78298277,0.6220434,90.74218,5.2796936,41.856292724609375,5134.2607
2004-06-25,5.4828186,3.631256,7.347107,0.0,,0.36396068,0.7734191,0.6338951,87.86418,5.4828186,41.512542724609375,5165.5107
2004-06-26,5.1859436,3.662506,6.3438416,0.0,,0.23912466,0.6141173,0.78921473,89.89175,5.1859436,40.309417724609375,5119.8374
2004-06-27,5.287506,3.7328186,5.176544,0.0,,0.19267404,-0.054961216,0.9984885,89.70223,5.287506,39.239105224609375,5135.4624
2004-06-28,6.1234436,4.5765686,4.4403076,0.0,,0.23425397,0.28921184,0.95726514,89.81677,6.1234436,39.004730224609375,5264.0684
2004-06-29,6.8578186,5.2015686,8.56781,0.0,,0.3007971,0.50971335,0.8603443,89.19317,6.8578186,39.825042724609375,5377.049
2004-06-30,7.037506,6.131256,9.719849,0.0,,0.4472659,0.68886423,0.7248904,93.960175,7.037506,41.254730224609375,5404.6934
2004-07-01,7.350006,6.225006,13.389587,0.0,,0.47156167,0.8594283,0.51125634,92.56942,7.350006,43.325042724609375,5452.77
2004-07-02,6.943756,6.350006,16.12854,0.0,,0.73257434,0.83915865,0.5438868,96.00247,6.943756,44.785980224609375,5390.27
2004-07-03,6.318756,5.7796936,10.437012,0.0,,0.64798,0.73244447,0.6808268,96.34674,6.318756,45.918792724609375,5294.116
2004-07-04,7.068756,5.9359436,9.613037,0.0,,0.53195107,0.695773,0.7182618,92.50335,7.068756,47.700042724609375,5409.501
2004-07-05,7.0765686,6.1859436,9.674072,0.0,,0.530678,0.9224086,0.38621554,94.06331,7.0765686,48.653167724609375,5410.703
2004-07-06,6.881256,6.2171936,13.053894,0.0,,0.5956243,0.8525718,0.5226101,95.536385,6.881256,48.676605224609375,5380.655
2004-07-07,6.4984436,5.8421936,18.630981,0.0,,0.5898628,0.9718228,0.23571254,95.57459,6.4984436,48.137542724609375,5321.7607
2004-07-08,6.5296936,5.693756,14.724731,0.0,,0.45142612,0.844762,0.5351421,94.39484,6.5296936,47.317230224609375,5326.5684
2004-07-09,5.881256,4.9046936,20.645142,0.0,,0.0998468,0.7885616,0.6149558,93.44677,5.881256,46.254730224609375,5226.8086
2004-07-10,5.5765686,5.0765686,46.23413,0.0,,0.5992252,0.8474485,0.5308776,96.587494,5.5765686,45.512542724609375,5179.9336
2004-07-11,4.9515686,4.4515686,43.33496,0.0,,0.4372128,0.9872553,0.15914465,96.57055,4.9515686,43.395355224609375,5083.78
2004-07-12,4.631256,3.6546936,7.068634,0.0,,0.13533427,-0.6913762,-0.7224949,93.382576,4.631256,40.950042724609375,5034.501
2004-07-13,3.6546936,2.3890686,23.269653,0.0,,0.49718183,-0.7954993,-0.60595447,91.435,3.6546936,37.723480224609375,4884.2607
2004-07-14,4.8890686,4.1078186,15.655518,0.0,,0.25910628,0.6388396,0.76934,94.68495,4.8890686,36.114105224609375,5074.1646
2004-07-15,5.443756,4.9046936,19.042969,0.0,,0.3849058,0.5359723,0.8442356,96.32142,5.443756,35.028167724609375,5159.501
2004-07-16,6.3890686,5.506256,11.566162,0.0,,0.39848432,0.49197647,0.8706085,94.082436,6.3890686,35.535980224609375,5304.9336
2004-07-17,6.381256,5.5765686,11.405945,0.0,,0.42299083,0.8588396,0.51224464,94.59301,6.381256,36.340667724609375,5303.7314
2004-07-18,6.662506,5.9984436,12.619019,0.0,,0.521984,0.7301058,0.6833341,95.528725,6.662506,38.051605224609375,5347.001
2004-07-19,6.2171936,5.881256,41.229248,0.0,,0.36866012,0.7721691,0.63541704,97.7074,6.2171936,39.637542724609375,5278.491
2004-07-20,6.0609436,5.6703186,25.344849,0.0,,0.60752076,0.8985675,0.43883535,97.33531,6.0609436,42.043792724609375,5254.4526
2004-07-21,6.162506,5.4359436,10.5896,0.0,,0.6153981,0.82676417,0.5625487,95.09799,6.162506,43.317230224609375,5270.0776
2004-07-22,5.7640686,4.9359436,8.010864,0.0,,0.4823097,0.88077164,0.47354126,94.41259,5.7640686,43.637542724609375,5208.78
2004-07-23,6.1390686,5.2640686,10.429382,0.0,,0.55818737,0.686251,0.72736484,94.12197,6.1390686,43.387542724609375,5266.472
2004-07-24,6.2953186,5.7171936,19.424438,0.0,,0.71652704,0.7557341,0.6548786,96.08594,6.2953186,43.301605224609375,5290.5107
2004-07-25,5.9515686,5.4203186,24.44458,0.0,,0.4499761,0.6375122,0.7704403,96.38839,5.9515686,42.590667724609375,5237.626
2004-07-26,6.1078186,5.725006,18.997192,0.0,,0.5538325,0.71368814,0.70046353,97.38896,6.1078186,42.481292724609375,5261.6646
2004-07-27,6.2640686,5.6703186,20.339966,0.0,,0.5791836,0.5914002,0.8063782,95.981064,6.2640686,42.684417724609375,5285.7026
2004-07-28,5.881256,5.2484436,19.89746,0.0,,0.73489976,0.6199028,0.78467864,95.70884,5.881256,42.403167724609375,5226.8086
2004-07-29,5.7328186,5.1078186,17.807007,0.0,,0.7132728,0.6938061,0.72016186,95.75585,5.7328186,42.371917724609375,5203.972
2004-07-30,6.2015686,5.4515686,20.370483,0.0,,0.6165785,0.7455933,0.6664012,94.945,6.2015686,42.434417724609375,5276.0874
2004-07-31,6.1390686,5.412506,10.528564,0.0,,0.42891866,0.6682411,0.74394476,95.097084,6.1390686,42.278167724609375,5266.472
2004-08-01,6.568756,5.5453186,13.572693,0.0,,0.6298764,0.7713257,0.6364406,93.17848,6.568756,42.895355224609375,5332.5776
2004-08-02,6.4671936,5.7484436,12.649536,0.0,,0.59129715,0.7138867,0.70026124,95.16111,6.4671936,43.254730224609375,5316.9526
2004-08-03,7.068756,5.9203186,11.238098,0.0,,0.54321194,0.751462,0.6597764,92.40352,7.068756,44.059417724609375,5409.501
2004-08-04,7.2484436,6.1078186,13.61084,0.0,,0.5195572,0.63154745,0.7753372,92.46386,7.2484436,45.426605224609375,5437.145
2004-08-05,7.2015686,6.1078186,15.777588,0.0,,0.42122924,0.7099988,0.7042029,92.760765,7.2015686,46.895355224609375,5429.9336
2004-08-06,7.193756,5.9515686,9.712219,0.0,,0.5111817,0.7259527,0.6877447,91.81439,7.193756,47.887542724609375,5428.7314
2004-08-07,7.0921936,6.0765686,19.104004,0.0,,0.665093,0.65266365,0.7576478,93.25635,7.0921936,48.840667724609375,5413.1064
2004-08-08,6.6078186,5.9828186,19.39392,0.0,,0.71958756,0.51977473,0.85430336,95.78496,6.6078186,48.879730224609375,5338.5874
2004-08-09,6.256256,5.6703186,18.951416,0.0,,0.76154363,0.6107173,0.7918487,96.03276,6.256256,48.668792724609375,5284.501
2004-08-10,6.193756,5.4203186,10.71167,0.0,,0.58777106,0.5777753,0.8161959,94.79043,6.193756,47.793792724609375,5274.8857
2004-08-11,6.256256,5.4203186,11.482239,0.0,,0.5060611,0.6040063,0.79697955,94.382866,6.256256,46.801605224609375,5284.501
2004-08-12,6.2015686,5.0765686,12.336731,0.0,,0.43088457,0.49946082,0.86633646,92.50327,6.2015686,45.801605224609375,5276.0874
2004-08-13,6.506256,5.131256,10.932922,0.0,,0.3992721,0.6878973,0.725808,90.92767,6.506256,45.114105224609375,5322.9624
2004-08-14,6.443756,5.193756,9.109497,0.0,,0.41930953,0.6305707,0.7761318,91.71725,6.443756,44.465667724609375,5313.347
2004-08-15,7.006256,5.7484436,27.511597,0.0,,0.31416643,0.6931786,0.7207659,91.70339,7.006256,44.864105224609375,5399.8857
2004-08-16,5.8265686,5.1078186,27.130127,0.0,,0.12843782,-0.6139735,0.78932667,95.13674,5.8265686,44.434417724609375,5218.395
2004-08-17,6.0296936,5.0921936,8.583069,0.0,,0.35597274,0.21175334,0.9773231,93.7087,6.0296936,44.270355224609375,5249.645
2004-08-18,6.2640686,5.5921936,11.230469,0.0,,0.56845677,0.62317497,0.78208244,95.463036,6.2640686,44.278167724609375,5285.7026
2004-08-19,6.1703186,5.631256,12.069702,0.0,,0.6209333,0.8288304,0.55949986,96.34247,6.1703186,44.246917724609375,5271.28
2004-08-20,6.068756,5.2328186,10.231018,0.0,,0.56398714,0.6670732,0.7449922,94.37463,6.068756,43.809417724609375,5255.655
2004-08-21,6.3734436,5.193756,11.802673,0.0,,0.37998447,0.63993156,0.7684319,92.16227,6.3734436,43.739105224609375,5302.53
2004-08-22,6.162506,4.756256,7.3165894,0.0,,0.26033428,0.49421886,0.8693375,90.7058,6.162506,42.895355224609375,5270.0776
2004-08-23,6.287506,4.443756,6.225586,0.0,,0.36923137,0.6400543,0.7683297,87.9858,6.287506,43.356292724609375,5289.3086
2004-08-24,6.4671936,5.0609436,6.1454773,0.0,,0.33684295,0.67695445,0.7360249,90.72746,6.4671936,43.793792724609375,5316.9526
2004-08-25,6.1703186,4.7328186,7.472992,0.0,,0.1886249,0.36435056,0.9312619,90.50882,6.1703186,43.700042724609375,5271.28
2004-08-26,6.0765686,4.193756,4.1160583,0.0,,0.2394317,0.30335096,0.9528789,87.72621,6.0765686,43.606292724609375,5256.8564
2004-08-27,6.443756,5.0609436,5.935669,0.0,,0.21160828,0.7487763,0.6628227,90.87391,6.443756,43.981292724609375,5313.347
2004-08-28,7.131256,5.850006,6.4735413,0.0,,0.3000842,0.73831815,0.6744526,91.56284,7.131256,44.739105224609375,5419.116
2004-08-29,6.381256,5.5609436,7.797241,0.0,,0.32263765,0.8422096,0.5391503,94.49062,6.381256,44.957855224609375,5303.7314
2004-08-30,6.3578186,5.3578186,7.9421997,0.0,,0.2016479,0.5533024,0.83298045,93.31905,6.3578186,45.028167724609375,5300.126
2004-08-31,6.6390686,5.1859436,8.872986,0.0,,0.2720553,0.6461233,0.76323307,90.44448,6.6390686,45.200042724609375,5343.395
2005-06-01,1.9515686,-4.1421814,0.012397766,0.0,,0.15535514,-0.94997185,0.3123356,64.018814,1.9515686,1.951568603515625,4622.241
2005-06-02,1.7875061,-3.3765564,0.6341934,0.0,,0.18800502,-0.013340939,0.999911,68.5919,1.7875061,3.73907470703125,4597.001
2005-06-03,1.3734436,-2.6109314,3.0441284,0.0,,0.23670503,-0.29962546,0.9540569,74.79351,1.3734436,5.112518310546875,4533.299
2005-06-04,1.4828186,-1.1187439,3.3473969,0.0,,0.20486556,-0.62803197,0.7781876,82.82952,1.4828186,6.5953369140625,4550.126
2005-06-05,1.4750061,-0.6734314,5.054474,0.0,,0.13206744,-0.7117132,0.7024702,85.61645,1.4750061,8.070343017578125,4548.924
2005-06-06,2.4046936,0.4046936,9.658813,0.0,,0.107217945,-0.7178401,0.69620806,86.64263,2.4046936,10.47503662109375,4691.9526
2005-06-07,2.2796936,0.3734436,2.1896362,0.0,,0.17439023,-0.9995767,0.029093051,87.21931,2.2796936,12.754730224609375,4672.722
2005-06-08,2.2640686,-0.5484314,1.2340546,0.0,,0.1595878,-0.9997375,-0.022911495,81.66587,2.2640686,13.067230224609375,4670.3184
2005-06-09,2.9671936,-0.4546814,0.36931038,0.0,,0.16848499,-0.8592777,0.51150936,78.22216,2.9671936,14.246917724609375,4778.491
2005-06-10,3.975006,0.9437561,1.0824203,0.0,,0.17584015,-0.2205858,0.9753676,80.61794,3.975006,16.848480224609375,4933.5396
2005-06-11,4.475006,1.8109436,2.8305054,0.0,,0.1977668,-0.03693818,0.9993175,82.8367,4.475006,19.840667724609375,5010.4624
2005-06-12,5.1859436,3.0765686,7.9803467,0.0,,0.11780781,-0.53311557,0.84604245,86.2516,5.1859436,23.551605224609375,5119.8374
2005-06-13,5.6546936,3.8890686,10.124207,0.0,,0.12276903,-0.77506363,0.6318832,88.4123,5.6546936,26.801605224609375,5191.9526
2005-06-14,6.600006,4.2640686,3.8490295,0.0,,0.17402433,-0.8122854,0.5832602,85.03753,6.600006,31.121917724609375,5337.3857
2005-06-15,6.7328186,4.6703186,4.425049,0.0,,0.20542164,-0.41507852,0.90978557,86.693214,6.7328186,35.590667724609375,5357.8184
2005-06-16,6.4046936,5.0140686,4.776001,0.0,,0.34971175,0.6876478,0.7260444,90.82177,6.4046936,39.028167724609375,5307.3374
2005-06-17,5.7953186,3.7953186,2.5081635,0.0,,0.4171639,0.598407,0.8011923,86.98089,5.7953186,40.848480224609375,5213.5874
2005-06-18,5.4671936,2.2796936,1.6698837,0.0,,0.35667267,0.41377717,0.9103782,79.93408,5.4671936,41.840667724609375,5163.1064
2005-06-19,5.881256,4.287506,11.680603,0.0,,0.3077158,0.6688332,0.7434125,89.50371,5.881256,42.535980224609375,5226.8086
2005-06-20,5.537506,4.2640686,17.745972,0.0,,0.09391772,-0.76880693,0.63948095,91.508865,5.537506,42.418792724609375,5173.924
2005-06-21,5.7640686,4.1078186,11.2838745,0.0,,0.057612102,-0.99320203,-0.116403304,89.10303,5.7640686,41.582855224609375,5208.78
2005-06-22,6.0609436,4.9671936,8.110046,0.0,,0.034148093,0.25827444,0.9660716,92.69666,6.0609436,40.910980224609375,5254.4526
2005-06-23,5.506256,4.006256,7.8811646,0.0,,0.20131437,-0.36867097,-0.92955995,90.06455,5.506256,40.012542724609375,5169.116
2005-06-24,6.193756,4.3578186,15.151978,0.0,,0.116707034,-0.99888706,-0.047166053,88.02541,6.193756,40.410980224609375,5274.8857
2005-06-25,7.568756,5.318756,13.465881,0.0,,0.28155887,0.7808265,0.6247479,85.65429,7.568756,42.512542724609375,5486.424
2005-06-26,7.9046936,6.5140686,13.496399,0.0,,0.518926,0.7320558,0.68124473,90.92633,7.9046936,44.535980224609375,5538.1064
2005-06-27,7.318756,6.4984436,11.84845,0.0,,0.46788046,0.65746963,0.75348103,94.53072,7.318756,46.317230224609375,5447.9624
2005-06-28,6.7796936,5.787506,10.84137,0.0,,0.42308515,0.5623337,0.82691044,93.39134,6.7796936,47.332855224609375,5365.03
2005-06-29,6.9046936,5.8421936,9.780884,0.0,,0.41016534,0.6601044,0.75117385,92.94483,6.9046936,48.176605224609375,5384.2607
2005-06-30,6.4828186,5.6546936,14.686584,0.0,,0.5652634,0.83185095,0.5549991,94.44388,6.4828186,49.153167724609375,5319.3564
2005-07-01,6.412506,5.6234436,13.069153,0.0,,0.6362642,0.9093915,0.41594112,94.69678,6.412506,49.371917724609375,5308.5396
2005-07-02,6.6078186,5.8734436,11.642456,0.0,,0.558091,0.93528235,0.35390246,95.06369,6.6078186,48.410980224609375,5338.5874
2005-07-03,6.693756,5.8578186,13.679504,0.0,,0.66142374,0.8511764,0.52487975,94.402,6.693756,47.200042724609375,5351.8086
2005-07-04,6.2328186,5.4359436,12.4435425,0.0,,0.5340883,0.83880895,0.54442585,94.638016,6.2328186,46.114105224609375,5280.895
2005-07-05,5.7953186,5.100006,16.616821,0.0,,0.52628505,0.89856327,0.43884405,95.29082,5.7953186,45.129730224609375,5213.5874
2005-07-06,6.3265686,5.2796936,9.567261,0.0,,0.52246296,0.76822126,0.6401844,93.014114,6.3265686,44.551605224609375,5295.3184
2005-07-07,6.5296936,5.350006,7.286072,0.0,,0.1750765,0.67667127,0.73628527,92.17171,6.5296936,44.598480224609375,5326.5684
2005-07-08,7.7015686,5.9984436,10.368347,0.0,,0.27797663,0.5186228,0.8550031,88.973495,7.7015686,45.887542724609375,5506.8564
2005-07-09,7.9359436,7.0765686,19.27185,0.0,,0.49859816,0.59395045,0.80450165,94.30435,7.9359436,47.215667724609375,5542.9146
2005-07-10,6.5921936,5.9984436,26.794434,0.0,,0.4774362,0.66067404,0.75067294,95.991425,6.5921936,47.114105224609375,5336.1836
2005-07-11,6.350006,5.787506,15.716553,0.0,,0.4992776,0.61221266,0.79069316,96.19156,6.350006,47.231292724609375,5298.924
2005-07-12,6.8890686,5.8421936,21.896362,0.0,,0.46951646,0.7232965,0.6905376,93.044464,6.8890686,48.325042724609375,5381.8564
2005-07-13,6.4671936,5.9515686,17.745972,0.0,,0.7539551,0.7518943,0.6592837,96.50719,6.4671936,48.465667724609375,5316.9526
2005-07-14,6.7015686,6.0296936,17.27295,0.0,,0.6857943,0.6190785,0.7853291,95.47858,6.7015686,48.637542724609375,5353.0107
2005-07-15,6.3890686,5.600006,18.814087,0.0,,0.6225128,0.9302644,0.36688972,94.69581,6.3890686,47.325042724609375,5304.9336
2005-07-16,5.4515686,4.943756,41.656494,0.0,,0.25058597,0.5641075,0.82570136,96.53158,5.4515686,44.840667724609375,5160.7026
2005-07-17,4.693756,4.287506,22.67456,0.0,,0.31884104,0.59151304,0.80629545,97.1998,4.693756,42.942230224609375,5044.116
2005-07-18,5.568756,5.1546936,10.635376,0.0,,0.5621032,0.51251435,0.8586787,97.16641,5.568756,42.160980224609375,5178.7314
2005-07-19,6.7171936,6.0921936,8.071899,0.0,,0.49767196,0.7952064,0.6063388,95.788574,6.7171936,41.989105224609375,5355.4146
2005-07-20,7.1859436,6.4828186,17.074585,0.0,,0.4784663,0.8990723,0.4378002,95.29062,7.1859436,42.707855224609375,5427.53
2005-07-21,6.7328186,5.975006,17.868042,0.0,,0.46663252,0.946463,0.32281238,94.91473,6.7328186,42.739105224609375,5357.8184
2005-07-22,6.9046936,6.318756,12.496948,0.0,,0.39215156,0.89898676,0.43797585,96.05293,6.9046936,43.254730224609375,5384.2607
2005-07-23,6.850006,5.850006,9.231567,0.0,,0.41567457,0.7406307,0.6719123,93.3445,6.850006,44.653167724609375,5375.847
2005-07-24,7.4203186,6.3421936,11.0321045,0.0,,0.5374642,0.71725345,0.6968124,92.87286,7.4203186,47.379730224609375,5463.5874
2005-07-25,7.1859436,6.1703186,20.15686,0.0,,0.7742184,0.7448288,0.6672556,93.26123,7.1859436,48.996917724609375,5427.53
2005-07-26,7.0296936,5.7640686,8.071899,0.0,,0.5602326,0.4536516,0.89117914,91.65532,7.0296936,49.309417724609375,5403.491
2005-07-27,7.3109436,6.162506,10.986328,0.0,,0.590673,0.6943879,0.71960086,92.41767,7.3109436,49.434417724609375,5446.7607
2005-07-28,7.3578186,6.475006,13.839722,0.0,,0.72234607,0.7151719,0.6989487,94.126854,7.3578186,50.059417724609375,5453.972
2005-07-29,7.5765686,6.6234436,10.826111,0.0,,0.5973369,0.68868506,0.72506064,93.68316,7.5765686,50.731292724609375,5487.626
2005-07-30,7.8265686,6.881256,13.60321,0.0,,0.51605165,0.678889,0.73424095,93.745575,7.8265686,51.707855224609375,5526.0874
2005-07-31,7.8265686,6.7640686,13.282776,0.0,,0.43016475,0.76392424,0.64530593,92.994835,7.8265686,52.114105224609375,5526.0874
2005-08-01,7.9203186,6.9203186,8.552551,0.0,,0.54778045,0.7122137,0.70196277,93.399345,7.9203186,52.848480224609375,5540.5107
2005-08-02,8.295319,6.9359436,9.986877,0.0,,0.58803713,0.8000498,0.59993356,91.148346,8.295319,54.114105224609375,5598.203
2005-08-03,7.975006,7.1078186,10.322571,0.0,,0.6310946,0.653781,0.7566838,94.25565,7.975006,54.778167724609375,5548.924
2005-08-04,7.7484436,7.037506,17.8833,0.0,,0.6420529,0.65022755,0.7597395,95.260254,7.7484436,55.168792724609375,5514.0684
2005-08-05,6.568756,5.9203186,21.392822,0.0,,0.6090843,0.65135235,0.7587754,95.628654,6.568756,54.160980224609375,5332.5776
2005-08-06,6.975006,6.3421936,21.484375,0.0,,0.7882602,0.7891687,0.61417645,95.745544,6.975006,53.309417724609375,5395.078
2005-08-07,6.225006,5.350006,22.81189,0.0,,0.30987605,0.97065014,0.2404959,94.125916,6.225006,51.707855224609375,5279.6934
2005-08-08,6.318756,4.9203186,6.187439,0.0,,0.15189005,0.7265226,0.68714255,90.76631,6.318756,50.106292724609375,5294.116
2005-08-09,6.8734436,5.256256,7.221222,0.0,,0.30679396,0.84750617,0.53078556,89.4369,6.8734436,48.684417724609375,5379.453
2005-08-10,7.5921936,6.068756,11.047363,0.0,,0.39676464,0.81531036,0.5790242,90.07554,7.5921936,48.301605224609375,5490.03
2005-08-11,7.662506,6.881256,29.525757,0.0,,0.5012011,0.87046754,0.4922258,94.79898,7.662506,48.215667724609375,5500.847
2005-08-12,5.9203186,5.068756,29.388428,0.0,,0.28334436,-0.9874386,-0.15800317,94.265564,5.9203186,47.567230224609375,5232.8184
2005-08-13,7.1390686,6.256256,10.398865,0.0,,0.31621215,0.60222125,0.79832923,94.11686,7.1390686,47.731292724609375,5420.3184
2005-08-14,7.4828186,6.725006,14.160156,0.0,,0.64204973,0.83275163,0.55364674,94.9444,7.4828186,48.989105224609375,5473.203
2005-08-15,7.4671936,6.818756,14.259338,0.0,,0.5706634,0.74354935,0.668681,95.659294,7.4671936,50.137542724609375,5470.799
2005-08-16,6.7953186,6.2484436,26.138306,0.0,,0.55258995,0.6021891,0.79835343,96.308556,6.7953186,50.059417724609375,5367.4336
2005-08-17,6.631256,6.2015686,23.895264,0.0,,0.622307,0.6379049,0.77011514,97.0855,6.631256,49.098480224609375,5342.1934
2005-08-18,6.662506,6.1546936,20.17212,0.0,,0.75119513,0.78910714,0.61425555,96.56458,6.662506,48.098480224609375,5347.001
2005-08-19,6.256256,5.8265686,21.80481,0.0,,0.65854806,0.6932569,0.72069055,97.07685,6.256256,48.434417724609375,5284.501
2005-08-20,6.287506,5.662506,10.879517,0.0,,0.5704774,0.62610316,0.7797402,95.77434,6.287506,47.582855224609375,5289.3086
2005-08-21,6.4671936,5.5765686,10.864258,0.0,,0.5303241,0.6891607,0.72460854,94.03511,6.4671936,46.567230224609375,5316.9526
2005-08-22,6.5609436,5.7640686,10.414124,0.0,,0.4633627,0.66704124,0.7450208,94.65174,6.5609436,45.660980224609375,5331.376
2005-08-23,6.6078186,5.6859436,13.160706,0.0,,0.59626883,0.7439657,0.66821784,93.8384,6.6078186,45.473480224609375,5338.5874
2005-08-24,6.0453186,5.2171936,28.59497,0.0,,0.32403892,0.66942245,0.7428819,94.424866,6.0453186,44.887542724609375,5252.049
2005-08-25,4.7796936,3.9359436,33.813477,0.0,,0.2854765,-0.9826293,-0.18557923,94.26583,4.7796936,43.004730224609375,5057.3374
2005-08-26,4.475006,3.631256,7.56073,0.0,,0.23999389,-0.99998474,-0.005519525,94.2521,4.475006,41.223480224609375,5010.4624
2005-08-27,4.4828186,3.006256,7.3165894,0.0,,0.066884175,-0.34882224,0.9371889,90.13561,4.4828186,39.418792724609375,5011.6646
2005-08-28,4.443756,1.6000061,1.1434555,0.0,,0.11026221,-0.23940846,0.97091895,81.77503,4.443756,37.395355224609375,5005.655
2005-08-29,5.381256,3.4828186,2.6721954,0.0,,0.11808749,-0.13128343,0.99134487,87.56511,5.381256,36.215667724609375,5149.8857
2005-08-30,6.068756,4.4359436,5.207062,0.0,,0.10746473,0.67813855,0.7349341,89.2745,6.068756,35.676605224609375,5255.655
2005-08-31,6.7953186,5.3734436,9.155273,0.0,,0.27367896,0.76004314,0.6498726,90.652336,6.7953186,36.426605224609375,5367.4336
2006-06-01,5.2796936,3.1546936,7.5683594,0.0,,0.17270797,0.4710834,0.88208866,86.166084,5.2796936,5.279693603515625,5134.2607
2006-06-02,4.9203186,3.9359436,18.936157,0.0,,0.08152985,-0.98668575,-0.16263843,93.346275,4.9203186,10.20001220703125,5078.972
2006-06-03,5.3109436,4.4828186,11.245728,0.0,,0.47265682,0.7990693,0.60123897,94.39274,5.3109436,15.510955810546875,5139.0684
2006-06-04,5.662506,4.5765686,11.131287,0.0,,0.43787694,0.72036153,0.6935988,92.72467,5.662506,21.1734619140625,5193.155
2006-06-05,6.3265686,5.1234436,10.536194,0.0,,0.42530796,0.74452025,0.66759986,92.00934,6.3265686,27.500030517578125,5295.3184
2006-06-06,5.5140686,4.7328186,14.816284,0.0,,0.5249363,0.6664685,0.74553317,94.71097,5.5140686,33.01409912109375,5170.3184
2006-06-07,6.3109436,5.3578186,8.720398,0.0,,0.4334387,0.5607298,0.8279988,93.62085,6.3109436,39.325042724609375,5292.9146
2006-06-08,6.3734436,5.4828186,10.482788,0.0,,0.28342375,0.47592235,0.8794873,94.03076,6.3734436,40.418792724609375,5302.53
2006-06-09,6.2796936,5.412506,10.765076,0.0,,0.37848964,0.75921106,0.65084445,94.17947,6.2796936,41.778167724609375,5288.1064
2006-06-10,5.7953186,4.6546936,7.9193115,0.0,,0.27877334,0.3761421,0.92656195,92.37884,5.7953186,42.262542724609375,5213.5874
2006-06-11,5.287506,3.881256,2.9296875,0.0,,0.2606608,0.2004371,0.9797066,90.64318,5.287506,41.887542724609375,5135.4624
2006-06-12,4.4359436,1.8500061,0.6890297,0.0,,0.3956856,0.7021535,0.71202564,83.29541,4.4359436,39.996917724609375,5004.4526
2006-06-13,3.318756,0.060943604,0.55933,0.0,,0.30295175,0.56008166,0.8284374,79.21441,3.318756,37.801605224609375,4832.5776
2006-06-14,2.7171936,-1.0171814,0.7829666,0.0,,0.2737875,0.3535653,0.93540984,76.41859,2.7171936,34.207855224609375,4740.03
2006-06-15,2.2796936,-1.3921814,1.7433167,0.0,,0.19405545,0.029722545,0.9995582,76.6956,2.2796936,30.114105224609375,4672.722
2006-06-16,3.2171936,0.1546936,1.8882751,0.0,,0.33410713,0.44135824,0.897331,80.32829,3.2171936,27.051605224609375,4816.9526
2006-06-17,4.0140686,2.068756,4.375458,0.0,,0.27482948,0.62361115,0.7817347,87.143974,4.0140686,25.270355224609375,4939.549
2006-06-18,4.037506,1.4046936,1.1234283,0.0,,0.3067286,0.7191408,0.69486433,82.96681,4.037506,24.020355224609375,4943.155
2006-06-19,4.0453186,0.4671936,0.23961067,0.0,,0.26979,0.67779136,0.7352543,77.511505,4.0453186,23.629730224609375,4944.3564
2006-06-20,4.0921936,0.5609436,2.5596619,0.0,,0.1650411,0.51737523,0.85575867,77.781845,4.0921936,24.403167724609375,4951.5684
2006-06-21,4.818756,2.4828186,4.6539307,0.0,,0.24478811,0.5295955,0.8482503,84.83801,4.818756,26.504730224609375,5063.347
2006-06-22,5.9359436,4.412506,10.261536,0.0,,0.37589642,0.69300485,0.7209329,89.94957,5.9359436,30.160980224609375,5235.222
2006-06-23,6.162506,5.0453186,10.269165,0.0,,0.24691904,0.6150011,0.7885263,92.55132,6.162506,33.106292724609375,5270.0776
2006-06-24,6.3421936,5.1859436,6.4582825,0.0,,0.32509017,0.53020144,0.8478717,92.31068,6.3421936,35.434417724609375,5297.722
2006-06-25,6.0921936,5.4203186,10.475159,0.0,,0.34637043,0.5356891,0.84441525,95.45691,6.0921936,37.489105224609375,5259.2607
2006-06-26,6.787506,5.9046936,9.643555,0.0,,0.48575222,0.68152994,0.73179024,94.10077,6.787506,40.231292724609375,5366.2314
2006-06-27,6.1703186,5.5296936,10.33783,0.0,,0.5477428,0.8664823,0.49920782,95.66676,6.1703186,42.309417724609375,5271.28
2006-06-28,6.6703186,5.8265686,10.314941,0.0,,0.48106694,0.8094597,0.5871754,94.34998,6.6703186,44.160980224609375,5348.203
2006-06-29,6.256256,5.5609436,14.045715,0.0,,0.4232495,0.8237052,0.56701833,95.30782,6.256256,44.481292724609375,5284.501
2006-06-30,6.9828186,5.881256,13.656616,0.0,,0.6693501,0.7251087,0.6886344,92.698456,6.9828186,45.301605224609375,5396.28
2006-07-01,7.475006,6.537506,12.466431,0.0,,0.58613914,0.8555389,0.5177385,93.778915,7.475006,46.434417724609375,5472.001
2006-07-02,7.6703186,6.4515686,9.07135,0.0,,0.39579856,0.582288,0.81298256,91.99252,7.6703186,48.012542724609375,5502.049
2006-07-03,8.014069,6.4515686,12.069702,0.0,,0.29823217,0.60782987,0.79406726,89.8654,8.014069,49.239105224609375,5554.9336
2006-07-04,7.9046936,6.5765686,10.20813,0.0,,0.44732058,0.7968453,0.6041834,91.31796,7.9046936,50.973480224609375,5538.1064
2006-07-05,7.7953186,6.8109436,16.204834,0.0,,0.39764553,0.57375073,0.81903,93.49317,7.7953186,52.098480224609375,5521.28
2006-07-06,8.435944,7.4046936,13.572693,0.0,,0.46058863,0.4465774,0.894745,93.22638,8.435944,54.278167724609375,5619.8374
2006-07-07,8.748444,7.4515686,21.072388,0.0,,0.29926065,0.18763693,0.9822385,91.56879,8.748444,56.043792724609375,5667.9146
2006-07-08,9.232819,8.131256,48.034668,0.0,,0.5723725,0.914505,0.40457463,92.82362,9.232819,57.801605224609375,5742.4336
2006-07-09,8.295319,7.443756,11.222839,0.0,,0.3619113,0.6688529,0.7433948,94.3705,8.295319,58.426605224609375,5598.203
2006-07-10,8.029694,6.7171936,13.053894,0.0,,0.4460981,0.55986756,0.8285821,91.424286,8.029694,58.442230224609375,5557.3374
2006-07-11,7.9828186,6.9515686,12.397766,0.0,,0.6563024,0.7279925,0.68558514,93.202705,7.9828186,58.520355224609375,5550.126
2006-07-12,7.7328186,7.1546936,16.326904,0.0,,0.71635723,0.7395544,0.6730968,96.129845,7.7328186,58.457855224609375,5511.6646
2006-07-13,7.7640686,7.0140686,17.410278,0.0,,0.6568358,0.9217962,0.38767475,95.006294,7.7640686,57.785980224609375,5516.472
2006-07-14,7.850006,6.9828186,11.627197,0.0,,0.6532703,0.8214381,0.5702977,94.250084,7.850006,56.887542724609375,5529.6934
2006-07-15,7.7953186,6.8578186,19.39392,0.0,,0.77578735,0.7861217,0.6180717,93.79432,7.7953186,55.450042724609375,5521.28
2006-07-16,7.8890686,7.131256,14.022827,0.0,,0.7699565,0.71090156,0.70329154,94.96036,7.8890686,55.043792724609375,5535.703
2006-07-17,7.4828186,6.4359436,10.154724,0.0,,0.5367642,0.7163695,0.6977211,93.0763,7.4828186,54.496917724609375,5473.203
2006-07-18,7.787506,6.4671936,10.101318,0.0,,0.41421512,0.75679654,0.6536505,91.35929,7.787506,54.301605224609375,5520.078
2006-07-19,7.1234436,6.1234436,19.515991,0.0,,0.5615169,0.7539218,0.6569641,93.358574,7.1234436,53.692230224609375,5417.9146
2006-07-20,7.318756,6.318756,10.124207,0.0,,0.58944315,0.5728228,0.8196792,93.3686,7.318756,53.246917724609375,5447.9624
2006-07-21,7.443756,6.3578186,15.655518,0.0,,0.63478386,0.67767286,0.73536354,92.824196,7.443756,52.840667724609375,5467.1934
2006-07-22,7.0765686,6.5453186,15.388489,0.0,,0.7874134,0.72304577,0.69080013,96.42025,7.0765686,52.121917724609375,5410.703
2006-07-23,6.7328186,6.1546936,21.194458,0.0,,0.57361335,0.68396944,0.72951066,96.09938,6.7328186,50.965667724609375,5357.8184
2006-07-24,7.1234436,6.4671936,16.708374,0.0,,0.57097703,0.6405208,0.7679408,95.596214,7.1234436,50.606292724609375,5417.9146
2006-07-25,7.0921936,6.4828186,34.66797,0.0,,0.7234852,0.81528103,0.5790655,95.903984,7.0921936,49.910980224609375,5413.1064
2006-07-26,5.537506,5.0453186,20.889282,0.0,,0.3009619,0.88583153,0.464007,96.63898,5.537506,48.325042724609375,5173.924
2006-07-27,5.4984436,4.8890686,19.89746,0.0,,0.53677976,0.60537153,0.795943,95.852325,5.4984436,46.504730224609375,5167.9146
2006-07-28,5.5765686,4.7640686,14.3585205,0.0,,0.6361119,0.56150144,0.8274758,94.50734,5.5765686,44.637542724609375,5179.9336
2006-07-29,6.068756,5.1546936,9.262085,0.0,,0.38281307,0.39126217,0.92027926,93.86348,6.068756,43.629730224609375,5255.655
2006-07-30,6.5296936,5.7328186,11.497498,0.0,,0.53309923,0.67504,0.73778117,94.65044,6.5296936,43.426605224609375,5326.5684
2006-07-31,6.9359436,5.9671936,11.650085,0.0,,0.47965986,0.7202166,0.69374925,93.5507,6.9359436,43.239105224609375,5389.0684
2006-08-01,7.162506,5.881256,13.038635,0.0,,0.62305474,0.67710745,0.7358842,91.564865,7.162506,43.309417724609375,5423.924
2006-08-02,6.6546936,5.9359436,16.235352,0.0,,0.7714014,0.5484767,0.83616585,95.168205,6.6546936,44.426605224609375,5345.799
2006-08-03,6.0609436,4.9828186,11.0321045,0.0,,0.49159515,0.47949573,0.8775442,92.797585,6.0609436,44.989105224609375,5254.4526
2006-08-04,5.7015686,4.912506,15.342712,0.0,,0.567473,0.5648844,0.82517004,94.6672,5.7015686,45.114105224609375,5199.1646
2006-08-05,5.350006,4.8578186,12.390137,0.0,,0.5610375,0.6388137,0.7693615,96.63398,5.350006,44.395355224609375,5145.0776
2006-08-06,5.7171936,4.943756,14.717102,0.0,,0.51028806,0.6750744,0.73774964,94.77094,5.7171936,43.582855224609375,5201.5684
2006-08-07,5.8109436,5.1859436,16.357422,0.0,,0.7278559,0.6537421,0.75671744,95.75846,5.8109436,42.457855224609375,5215.991
2006-08-08,5.7640686,5.006256,9.529114,0.0,,0.45256487,0.75524396,0.65544385,94.87603,5.7640686,41.059417724609375,5208.78
2006-08-09,6.068756,4.631256,10.353088,0.0,,0.35878748,0.8458122,0.5334808,90.501434,6.068756,40.473480224609375,5255.655
2006-08-10,6.2015686,3.818756,4.4822693,0.0,,0.31466696,0.45000455,0.89302623,84.7137,6.2015686,40.614105224609375,5276.0874
2006-08-11,6.912506,4.725006,4.951477,0.0,,0.2857035,0.3482187,0.93741333,85.95842,6.912506,41.825042724609375,5385.4624
2006-08-12,7.0140686,5.2796936,6.843567,0.0,,0.34682658,0.6789377,0.73419595,88.72328,7.0140686,43.489105224609375,5401.0874
2006-08-13,6.9046936,5.3421936,9.83429,0.0,,0.42388502,0.66350543,0.7481715,89.77973,6.9046936,44.676605224609375,5384.2607
2006-08-14,6.693756,5.4046936,10.345459,0.0,,0.4245479,0.61588955,0.7878325,91.484856,6.693756,45.559417724609375,5351.8086
2006-08-15,6.6078186,5.2796936,8.750916,0.0,,0.5247014,0.61837626,0.7858822,91.23138,6.6078186,46.403167724609375,5338.5874
2006-08-16,6.5609436,4.787506,9.475708,0.0,,0.44269666,0.5297015,0.8481841,88.44334,6.5609436,46.895355224609375,5331.376
2006-08-17,6.631256,4.9828186,6.5574646,0.0,,0.38216734,0.6784393,0.73465645,89.223114,6.631256,47.325042724609375,5342.1934
2006-08-18,6.7328186,5.5296936,10.299683,0.0,,0.45223707,0.6343249,0.7730666,92.0343,6.7328186,47.145355224609375,5357.8184
2006-08-19,6.7796936,6.0140686,15.205383,0.0,,0.4540906,0.7295875,0.6838875,94.8654,6.7796936,46.910980224609375,5365.03
2006-08-20,6.756256,5.9046936,11.741638,0.0,,0.45812914,0.7482026,0.66347027,94.302826,6.756256,46.762542724609375,5361.424
2006-08-21,6.8109436,5.4671936,9.590149,0.0,,0.33965403,0.5487977,0.8359552,91.14619,6.8109436,46.879730224609375,5369.8374
2006-08-22,6.7171936,5.6859436,9.3688965,0.0,,0.47778076,0.6607085,0.7506426,93.135925,6.7171936,46.989105224609375,5355.4146
2006-08-23,6.8109436,6.0609436,9.140015,0.0,,0.40558136,0.65311825,0.757256,94.96904,6.8109436,47.239105224609375,5369.8374
2006-08-24,6.975006,6.2484436,35.125732,0.0,,0.47424918,0.7562324,0.65430313,95.12905,6.975006,47.582855224609375,5395.078
2006-08-25,6.3109436,5.8421936,15.510559,0.0,,0.5890108,0.677281,0.73572445,96.81627,6.3109436,47.160980224609375,5292.9146
2006-08-26,6.4203186,5.975006,23.666382,0.0,,0.4991702,0.8006451,0.59913886,96.975914,6.4203186,46.801605224609375,5309.741
2006-08-27,5.4046936,4.693756,15.533447,0.0,,0.36544478,0.9800504,0.19874913,95.172485,5.4046936,45.450042724609375,5153.491
2006-08-28,5.4046936,4.6546936,9.788513,0.0,,0.4723092,0.937155,0.34891322,94.913315,5.4046936,44.043792724609375,5153.491
2006-08-29,6.006256,4.9671936,11.276245,0.0,,0.59573966,0.66102505,0.7503638,93.04735,6.006256,43.332855224609375,5246.0396
2006-08-30,5.4359436,4.3890686,10.3302,0.0,,0.49810347,0.8033401,0.59552056,92.96565,5.4359436,41.957855224609375,5158.299
2006-08-31,5.256256,4.162506,9.391785,0.0,,0.30926973,0.86914045,0.49456534,92.65093,5.256256,40.239105224609375,5130.655
2007-06-01,2.6234436,-2.556244,1.1796951,0.0,,0.21706013,0.036062628,0.99934953,68.69016,2.6234436,2.623443603515625,4725.6064
2007-06-02,3.0921936,-1.0015564,4.722595,0.0,,0.26600316,-0.519481,0.854482,74.501,3.0921936,5.71563720703125,4797.722
2007-06-03,3.9984436,0.8421936,3.2176971,0.0,,0.24387254,-0.26929572,0.9630575,79.8991,3.9984436,9.714080810546875,4937.145
2007-06-04,3.9203186,1.5921936,5.4626465,0.0,,0.24371068,-0.5760144,0.81743956,84.783295,3.9203186,13.6343994140625,4925.126
2007-06-05,4.9515686,3.475006,30.654907,0.0,,0.52845955,0.8976377,0.44073412,90.17108,4.9515686,18.585968017578125,5083.78
2007-06-06,3.3890686,2.6390686,15.670776,0.0,,0.24684049,-0.9762045,-0.21685195,94.83183,3.3890686,21.97503662109375,4843.395
2007-06-07,5.100006,3.7484436,7.873535,0.0,,0.15811077,-0.9859151,0.1672465,90.97902,5.100006,27.075042724609375,5106.616
2007-06-08,6.4984436,5.318756,10.169983,0.0,,0.17060256,0.34649277,0.93805265,92.16982,6.4984436,30.950042724609375,5321.7607
2007-06-09,6.6078186,5.6546936,16.571045,0.0,,0.29253665,0.8157866,0.57835305,93.635544,6.6078186,34.465667724609375,5338.5874
2007-06-10,6.7953186,6.0921936,11.932373,0.0,,0.31305304,0.7802598,0.62545556,95.276215,6.7953186,37.262542724609375,5367.4336
2007-06-11,6.8734436,5.568756,9.117126,0.0,,0.12939648,-0.7877239,0.6160284,91.39757,6.8734436,40.215667724609375,5379.453
2007-06-12,6.8265686,5.2015686,9.567261,0.0,,0.09718888,-0.6138754,0.78940296,89.38459,6.8265686,42.090667724609375,5372.241
2007-06-13,6.6703186,5.5296936,8.4991455,0.0,,0.30260956,0.8233233,0.5675727,92.43021,6.6703186,45.371917724609375,5348.203
2007-06-14,6.631256,5.943756,17.807007,0.0,,0.52097994,0.9405165,0.33974808,95.37306,6.631256,46.903167724609375,5342.1934
2007-06-15,5.412506,4.6859436,17.715454,0.0,,0.32294786,0.9910837,0.13324067,95.06905,5.412506,45.817230224609375,5154.6934
2007-06-16,5.5140686,4.8421936,11.253357,0.0,,0.77923954,0.8340213,0.5517323,95.43622,5.5140686,44.723480224609375,5170.3184
2007-06-17,5.6234436,4.9359436,9.780884,0.0,,0.405725,0.8953879,0.44528702,95.33633,5.6234436,43.551605224609375,5187.145
2007-06-18,5.8109436,4.9203186,11.741638,0.0,,0.5705324,0.8883561,0.45915517,94.004524,5.8109436,42.489105224609375,5215.991
2007-06-19,5.193756,4.131256,7.9421997,0.0,,0.3934727,0.8084811,0.58852214,92.85061,5.193756,40.856292724609375,5121.0396
2007-06-20,4.6546936,3.0140686,5.016327,0.0,,0.32273924,0.70880675,0.7054027,89.10895,4.6546936,38.840667724609375,5038.1064
2007-06-21,5.412506,3.912506,6.7329407,0.0,,0.20007291,0.41122705,0.91153294,90.05741,5.412506,37.621917724609375,5154.6934
2007-06-22,5.725006,4.0921936,5.1651,0.0,,0.3087533,0.6187465,0.78559065,89.24639,5.725006,37.934417724609375,5202.77
2007-06-23,5.7328186,4.1078186,9.979248,0.0,,0.26357853,0.4707685,0.88225675,89.295944,5.7328186,38.153167724609375,5203.972
2007-06-24,6.5765686,5.3265686,13.755798,0.0,,0.23022076,0.43956196,0.89821225,91.72571,6.5765686,39.106292724609375,5333.78
2007-06-25,7.4203186,6.1859436,8.415222,0.0,,0.23244214,0.31693664,0.9484467,91.8781,7.4203186,40.715667724609375,5463.5874
2007-06-26,7.0921936,5.975006,7.49588,0.0,,0.32038283,0.53341943,0.8458509,92.604614,7.0921936,42.614105224609375,5413.1064
2007-06-27,6.631256,5.4828186,11.451721,0.0,,0.27169156,0.6074501,0.79435784,92.37786,6.631256,44.590667724609375,5342.1934
2007-06-28,7.131256,6.3109436,23.742676,0.0,,0.5103731,0.755326,0.6553493,94.522736,7.131256,46.309417724609375,5419.116
2007-06-29,7.4984436,6.318756,12.054443,0.0,,0.4780017,0.5705106,0.8212902,92.22986,7.4984436,48.082855224609375,5475.6064
2007-06-30,7.6234436,6.6234436,10.375977,0.0,,0.60672253,0.6949319,0.7190755,93.3842,7.6234436,49.973480224609375,5494.8374
2007-07-01,7.3578186,6.5140686,14.633179,0.0,,0.66328436,0.77885383,0.6272055,94.38013,7.3578186,50.754730224609375,5453.972
2007-07-02,7.193756,6.1859436,8.735657,0.0,,0.5773677,0.8245598,0.56577486,93.3119,7.193756,50.528167724609375,5428.7314
2007-07-03,6.8421936,5.9671936,10.368347,0.0,,0.49192664,0.7533755,0.65759057,94.154076,6.8421936,50.278167724609375,5374.645
2007-07-04,7.193756,6.1546936,12.626648,0.0,,0.55487555,0.73786604,0.6749472,93.111,7.193756,50.840667724609375,5428.7314
2007-07-05,7.4359436,6.662506,11.34491,0.0,,0.40282056,0.6624431,0.74911225,94.84069,7.4359436,51.145355224609375,5465.991
2007-07-06,7.7171936,6.6390686,11.932373,0.0,,0.36527166,0.68642724,0.7271985,92.88915,7.7171936,51.364105224609375,5509.2607
2007-07-07,7.4359436,6.1703186,11.451721,0.0,,0.46305472,0.74129844,0.67117554,91.681274,7.4359436,51.176605224609375,5465.991
2007-07-08,7.0921936,6.2171936,12.451172,0.0,,0.45195,0.8632298,0.50481117,94.165436,7.0921936,50.910980224609375,5413.1064
2007-07-09,7.2015686,6.131256,9.468079,0.0,,0.3142623,0.5729408,0.8195967,92.9109,7.2015686,50.918792724609375,5429.9336
2007-07-10,7.693756,6.537506,13.832092,0.0,,0.41145083,0.6087927,0.7933293,92.390305,7.693756,51.770355224609375,5505.655
2007-07-11,7.537506,6.7171936,15.579224,0.0,,0.39801672,0.50512904,0.86304384,94.540016,7.537506,52.114105224609375,5481.616
2007-07-12,7.600006,6.912506,19.210815,0.0,,0.4677301,0.809052,0.5877371,95.407974,7.600006,52.278167724609375,5491.2314
2007-07-13,6.756256,6.068756,20.065308,0.0,,0.54132146,0.7852059,0.61923474,95.37759,6.756256,51.317230224609375,5361.424
2007-07-14,7.037506,6.2484436,13.053894,0.0,,0.7428373,0.78549653,0.6188661,94.72259,7.037506,50.918792724609375,5404.6934
2007-07-15,6.725006,5.7953186,23.162842,0.0,,0.52019083,0.85840267,0.51297647,93.793304,6.725006,50.551605224609375,5356.616
2007-07-16,7.3734436,5.9515686,15.869141,0.0,,0.504261,0.66038775,0.75092477,90.69349,7.3734436,50.723480224609375,5456.376
2007-07-17,6.7484436,5.8578186,16.25061,0.0,,0.4042499,0.99347293,0.11406819,94.04816,6.7484436,49.778167724609375,5360.222
2007-07-18,7.3265686,6.662506,8.460999,0.0,,0.28375706,0.9145904,0.40438145,95.55191,7.3265686,49.567230224609375,5449.1646
2007-07-19,8.193756,7.1234436,12.649536,0.0,,0.501304,0.6813286,0.7319777,92.96489,8.193756,50.160980224609375,5582.578
2007-07-20,7.4046936,6.3421936,47.11914,0.0,,0.14561461,0.8462748,-0.5327467,92.972015,7.4046936,50.809417724609375,5461.1836
2007-07-21,7.4203186,6.5453186,16.464233,0.0,,0.45108786,0.87678665,0.4808796,94.18028,7.4203186,51.192230224609375,5463.5874
2007-07-22,6.943756,5.7484436,16.082764,0.0,,0.3500143,0.6584552,0.7526199,92.097,6.943756,51.410980224609375,5390.27
2007-07-23,6.5921936,5.725006,23.254395,0.0,,0.33104253,0.8473763,0.53099287,94.19362,6.5921936,50.629730224609375,5336.1836
2007-07-24,5.0296936,4.4671936,49.6521,0.0,,0.19081312,-0.58919835,-0.8079884,96.15166,5.0296936,48.910980224609375,5095.799
2007-07-25,5.5921936,5.2015686,33.172607,0.0,,0.12682824,-0.9355357,-0.35323212,97.325386,5.5921936,47.176605224609375,5182.3374
2007-07-26,4.8890686,4.2171936,42.48047,0.0,,0.34972706,-0.7699922,-0.6380533,95.41368,4.8890686,43.871917724609375,5074.1646
2007-07-27,4.5140686,3.6703186,38.05542,0.0,,0.34614873,-0.6428861,-0.7659618,94.25386,4.5140686,40.981292724609375,5016.472
2007-07-28,4.756256,3.9828186,18.295288,0.0,,0.32018605,-0.873058,-0.48761633,94.73134,4.756256,38.317230224609375,5053.7314
2007-07-29,5.0296936,4.287506,36.43799,0.0,,0.3800119,-0.9527611,-0.30372074,94.95024,5.0296936,36.403167724609375,5095.799
2007-07-30,5.1546936,4.6078186,32.37915,0.0,,0.30298993,-0.9524218,-0.30478308,96.26046,5.1546936,34.965667724609375,5115.03
2007-07-31,5.4359436,5.0921936,15.25116,0.0,,0.20473477,-0.99988836,0.014943119,97.64003,5.4359436,35.371917724609375,5158.299
2007-08-01,5.7640686,5.1546936,11.650085,0.0,,0.13384365,-0.9968561,0.07923319,95.86101,5.7640686,35.543792724609375,5208.78
2007-08-02,6.2953186,5.4671936,12.626648,0.0,,0.18782814,0.6502292,0.7597381,94.43574,6.2953186,36.950042724609375,5290.5107
2007-08-03,6.6390686,5.725006,8.483887,0.0,,0.19681868,0.6239384,0.7814735,93.890656,6.6390686,39.075042724609375,5343.395
2007-08-04,7.0765686,6.0921936,6.8206787,0.0,,0.43368185,0.7357739,0.67722726,93.4569,7.0765686,41.395355224609375,5410.703
2007-08-05,7.3734436,6.3578186,10.429382,0.0,,0.4169588,0.73717844,0.6756981,93.27099,7.3734436,43.739105224609375,5456.376
2007-08-06,7.662506,6.6546936,12.748718,0.0,,0.6030124,0.66438895,0.747387,93.33608,7.662506,46.246917724609375,5500.847
2007-08-07,7.6703186,6.8265686,12.672424,0.0,,0.47077233,0.7058091,0.7084021,94.39375,7.6703186,48.481292724609375,5502.049
2007-08-08,7.7328186,6.725006,17.333984,0.0,,0.49737582,0.8261131,0.56350434,93.3397,7.7328186,50.450042724609375,5511.6646
2007-08-09,7.7796936,6.881256,14.625549,0.0,,0.24114773,0.7689262,0.63933754,94.04521,7.7796936,51.934417724609375,5518.876
2007-08-10,8.607819,6.9046936,7.4768066,0.0,,0.32005906,0.61862975,0.7856826,89.04851,8.607819,53.903167724609375,5646.28
2007-08-11,8.467194,6.850006,13.2369995,0.0,,0.30522823,0.6038962,0.797063,89.56354,8.467194,55.293792724609375,5624.645
2007-08-12,7.5609436,6.412506,18.203735,0.0,,0.47441104,0.84243023,0.5388054,92.432236,7.5609436,55.481292724609375,5485.222
2007-08-13,7.5140686,6.6859436,19.66858,0.0,,0.4874716,0.78179634,0.62353384,94.48831,7.5140686,55.332855224609375,5478.0107
2007-08-14,7.475006,6.6859436,15.4953,0.0,,0.5290043,0.5990396,0.8007194,94.74053,7.475006,55.137542724609375,5472.001
2007-08-15,7.0921936,6.381256,24.18518,0.0,,0.3191562,0.92483246,0.3803747,95.23592,7.0921936,54.496917724609375,5413.1064
2007-08-16,6.631256,5.9984436,12.626648,0.0,,0.31970337,0.9156132,0.40206036,95.73406,6.631256,53.348480224609375,5342.1934
2007-08-17,6.631256,5.9359436,31.37207,0.0,,0.46341842,0.9820027,0.18886699,95.32159,6.631256,51.371917724609375,5342.1934
2007-08-18,5.5765686,4.7953186,21.04187,0.0,,0.30767775,0.44753098,0.89426845,94.71356,5.5765686,48.481292724609375,5179.9336
2007-08-19,4.2171936,3.662506,24.810791,0.0,,0.32941836,0.30960554,0.9508651,96.17966,4.2171936,45.137542724609375,4970.799
2007-08-20,5.0453186,3.850006,4.8446655,0.0,,0.121739775,-0.02420617,0.999707,91.98031,5.0453186,42.668792724609375,5098.2026
2007-08-21,5.8734436,4.568756,9.269714,0.0,,0.15781271,0.7197546,0.6942286,91.33123,5.8734436,41.067230224609375,5225.6064
2007-08-22,5.8265686,4.3734436,8.018494,0.0,,0.12745216,0.06321305,0.998,90.38492,5.8265686,39.801605224609375,5218.395
2007-08-23,6.381256,5.3265686,8.644104,0.0,,0.45070052,0.6901149,0.7236998,92.96662,6.381256,39.551605224609375,5303.7314
2007-08-24,6.3734436,5.4515686,11.398315,0.0,,0.5229016,0.7694445,0.63871366,93.827156,6.3734436,39.293792724609375,5302.53
2007-08-25,6.131256,5.0765686,8.19397,0.0,,0.4091507,0.70231706,0.7118643,92.95299,6.131256,39.848480224609375,5265.27
2007-08-26,6.5296936,5.6078186,18.753052,0.0,,0.68928593,0.84652257,0.53235286,93.834656,6.5296936,42.160980224609375,5326.5684
2007-08-27,6.3265686,5.7953186,18.78357,0.0,,0.7361674,0.7607762,0.64901435,96.399055,6.3265686,43.442230224609375,5295.3184
2007-08-28,6.2328186,5.5609436,12.329102,0.0,,0.6023286,0.72432107,0.68946284,95.46192,6.2328186,43.801605224609375,5280.895
2007-08-29,6.287506,5.412506,6.713867,0.0,,0.35674617,0.56664497,0.82396203,94.12878,6.287506,44.262542724609375,5289.3086
2007-08-30,6.6859436,5.8421936,11.8637085,0.0,,0.42298475,0.78785807,0.6158568,94.35067,6.6859436,44.567230224609375,5350.6064
2007-08-31,6.475006,5.756256,13.22937,0.0,,0.39569104,0.70090985,0.71324986,95.1614,6.475006,44.668792724609375,5318.155
2008-06-01,3.131256,-0.5015564,2.9087067,0.0,,0.18782413,-0.39125073,0.9202841,77.056244,3.131256,3.131256103515625,4803.7314
2008-06-02,4.0296936,2.0140686,7.419586,0.0,,0.18597783,-0.28355193,0.9589569,86.70963,4.0296936,7.16094970703125,4941.9526
2008-06-03,4.2171936,2.3890686,6.9389343,0.0,,0.18122323,-0.22649492,0.9740124,87.893524,4.2171936,11.378143310546875,4970.799
2008-06-04,4.3109436,2.3734436,7.221222,0.0,,0.17266724,0.15677029,0.9876351,87.22131,4.3109436,15.6890869140625,4985.222
2008-06-05,4.6390686,3.4203186,10.696411,0.0,,0.2851924,0.7096703,0.70453393,91.80316,4.6390686,20.328155517578125,5035.7026
2008-06-06,5.2171936,3.8265686,10.4599,0.0,,0.21877374,0.81241184,0.58308405,90.737724,5.2171936,25.54534912109375,5124.645
2008-06-07,5.3109436,4.4828186,14.73999,0.0,,0.27756506,0.7212555,0.6926691,94.39274,5.3109436,30.856292724609375,5139.0684
2008-06-08,5.7796936,5.0609436,12.664795,0.0,,0.40450087,0.7725571,0.63494533,95.13496,5.7796936,33.504730224609375,5211.1836
2008-06-09,6.0921936,5.100006,9.498596,0.0,,0.27278936,0.62469506,0.78086877,93.35598,6.0921936,35.567230224609375,5259.2607
2008-06-10,6.475006,5.662506,14.251709,0.0,,0.28992563,0.53935236,0.8420802,94.54579,6.475006,37.825042724609375,5318.155
2008-06-11,7.0296936,6.162506,22.216797,0.0,,0.42262208,0.68570703,0.7278777,94.213356,7.0296936,40.543792724609375,5403.491
2008-06-12,6.9203186,6.2328186,14.305115,0.0,,0.45427117,0.7196237,0.69436425,95.38352,6.9203186,42.825042724609375,5386.6646
2008-06-13,6.8109436,5.943756,19.760132,0.0,,0.26616433,0.35062078,0.93651754,94.2035,6.8109436,44.418792724609375,5369.8374
2008-06-14,7.1546936,6.2953186,34.362793,0.0,,0.24937041,0.9604265,0.2785335,94.269714,7.1546936,46.262542724609375,5422.722
2008-06-15,6.443756,5.8265686,12.580872,0.0,,0.30379564,0.91051775,0.41346997,95.83129,6.443756,46.926605224609375,5313.347
2008-06-16,6.8265686,5.7640686,11.993408,0.0,,0.4513675,0.69179964,0.7220895,92.94057,6.8265686,47.660980224609375,5372.241
2008-06-17,6.7015686,5.6546936,14.572144,0.0,,0.4435384,0.35558328,0.9346446,93.03437,6.7015686,47.887542724609375,5353.0107
2008-06-18,6.6703186,5.7953186,25.177002,0.0,,0.43344796,0.35907343,0.9333093,94.146255,6.6703186,47.528167724609375,5348.203
2008-06-19,6.1859436,5.3890686,43.24341,0.0,,0.22707452,0.94022435,0.34055576,94.636055,6.1859436,46.793792724609375,5273.6836
2008-06-20,5.1234436,4.4515686,19.821167,0.0,,0.09282083,-0.6151464,-0.7884129,95.42215,5.1234436,45.106292724609375,5110.222
2008-06-21,6.1078186,5.225006,12.664795,0.0,,0.32326695,0.9530992,0.30265808,94.06945,6.1078186,44.059417724609375,5261.6646
2008-06-22,6.0765686,5.350006,20.187378,0.0,,0.31162485,0.87432355,0.48534352,95.09468,6.0765686,43.692230224609375,5256.8564
2008-06-23,6.2328186,5.2328186,7.1144104,0.0,,0.3098292,0.663483,0.74819136,93.31257,6.2328186,43.098480224609375,5280.895
2008-06-24,6.725006,5.7640686,8.659363,0.0,,0.3698172,0.7169399,0.697135,93.59072,6.725006,43.121917724609375,5356.616
2008-06-25,6.9203186,5.912506,15.586853,0.0,,0.17649522,0.08182909,0.9966464,93.29773,6.9203186,43.371917724609375,5386.6646
2008-06-26,7.1859436,6.1234436,24.32251,0.0,,0.12829639,-0.99523884,-0.09746639,92.960144,7.1859436,44.371917724609375,5427.53
2008-06-27,7.0765686,5.631256,19.348145,0.0,,0.31764096,0.8300941,0.5576234,90.525314,7.0765686,46.325042724609375,5410.703
2008-06-28,5.850006,4.6859436,12.6953125,0.0,,0.5057889,0.7423814,0.6699775,92.23107,5.850006,46.067230224609375,5222.001
2008-06-29,5.8578186,4.912506,22.918701,0.0,,0.24835001,0.8989998,0.4379491,93.64928,5.8578186,45.848480224609375,5223.2026
2008-06-30,6.4515686,5.631256,13.069153,0.0,,0.4800635,0.8599733,0.51033896,94.493645,6.4515686,46.067230224609375,5314.549
2008-07-01,7.225006,6.037506,25.985718,0.0,,0.31190896,0.85787255,0.5138625,92.16378,7.225006,46.567230224609375,5433.5396
2008-07-02,6.4984436,5.6546936,16.067505,0.0,,0.07686129,0.90526813,-0.42484072,94.34241,6.4984436,46.145355224609375,5321.7607
2008-07-03,6.9515686,6.0453186,11.276245,0.0,,0.31610554,0.88123876,0.47267145,93.95615,6.9515686,45.910980224609375,5391.472
2008-07-04,7.3421936,6.0609436,20.996094,0.0,,0.19570267,0.8196127,0.572918,91.57648,7.3421936,46.176605224609375,5451.5684
2008-07-05,7.3578186,6.3890686,26.504517,0.0,,0.25062895,0.8693947,0.49411818,93.57174,7.3578186,47.684417724609375,5453.972
2008-07-06,6.912506,6.100006,22.888184,0.0,,0.5759053,0.70710677,0.70710677,94.56437,6.912506,48.739105224609375,5385.4624
2008-07-07,6.6703186,5.7953186,13.839722,0.0,,0.6812749,0.6626048,0.74896926,94.146255,6.6703186,48.957855224609375,5348.203
2008-07-08,6.131256,4.9515686,10.4904175,0.0,,0.5420818,0.6296257,0.7768987,92.147606,6.131256,47.864105224609375,5265.27
2008-07-09,6.943756,5.9046936,11.833191,0.0,,0.5553924,0.6303609,0.7763022,93.097664,6.943756,48.309417724609375,5390.27
2008-07-10,7.0140686,6.1703186,12.09259,0.0,,0.7124265,0.7436349,0.66858596,94.36508,7.0140686,48.371917724609375,5401.0874
2008-07-11,6.8421936,5.8734436,11.810303,0.0,,0.6997593,0.6880156,0.7256959,93.54601,6.8421936,47.871917724609375,5374.645
2008-07-12,6.9203186,5.9046936,11.5737915,0.0,,0.68061996,0.60298026,0.79775614,93.24737,6.9203186,47.434417724609375,5386.6646
2008-07-13,6.8734436,6.1703186,24.887085,0.0,,0.61363924,0.870511,0.492149,95.2791,6.8734436,47.395355224609375,5379.453
2008-07-14,6.2484436,5.4984436,38.57422,0.0,,0.1936495,0.99661064,-0.082262956,94.94685,6.2484436,46.973480224609375,5283.299
2008-07-15,5.443756,3.975006,32.01294,0.0,,0.48266757,-0.92210126,-0.38694867,90.25761,5.443756,46.285980224609375,5159.501
2008-07-16,5.3734436,4.0765686,32.65381,0.0,,0.60348326,-0.89001536,-0.4559305,91.347824,5.3734436,44.715667724609375,5148.6836
2008-07-17,6.2015686,5.318756,4.825592,0.0,,0.2380637,-0.859904,-0.51045585,94.07379,6.2015686,43.903167724609375,5276.0874
2008-07-18,6.9671936,6.0296936,7.686615,0.0,,0.22529034,0.817088,0.576513,93.75437,6.9671936,44.028167724609375,5393.876
2008-07-19,7.1078186,6.2796936,17.211914,0.0,,0.56416464,0.8503481,0.52622056,94.47087,7.1078186,44.215667724609375,5415.5107
2008-07-20,6.5140686,5.9671936,21.865845,0.0,,0.35222575,0.78948283,0.61377263,96.30037,6.5140686,43.856292724609375,5324.1646
2008-07-21,7.1390686,6.506256,13.153076,0.0,,0.5973596,0.831295,0.55583143,95.75101,7.1390686,44.746917724609375,5420.3184
2008-07-22,6.7953186,6.4046936,18.26477,0.0,,0.48441955,0.8295608,0.55841637,97.35076,6.7953186,46.098480224609375,5367.4336
2008-07-23,7.2953186,6.443756,14.251709,0.0,,0.39886567,0.97995186,0.19923443,94.32667,7.2953186,48.020355224609375,5444.3564
2008-07-24,7.3890686,6.4984436,12.283325,0.0,,0.4746944,0.94016075,0.34073117,94.0777,7.3890686,49.207855224609375,5458.78
2008-07-25,7.3109436,6.6078186,15.670776,0.0,,0.73241097,0.9053468,0.42467296,95.29521,7.3109436,49.551605224609375,5446.7607
2008-07-26,6.912506,6.3265686,18.64624,0.0,,0.7709827,0.83472,0.55067456,96.05318,6.912506,49.356292724609375,5385.4624
2008-07-27,7.0453186,6.5609436,28.778076,0.0,,0.62404597,0.75975347,0.6502112,96.73069,7.0453186,49.887542724609375,5405.895
2008-07-28,7.2328186,6.2953186,16.37268,0.0,,0.5769867,0.61692417,0.7870226,93.76723,7.2328186,49.981292724609375,5434.741
2008-07-29,7.568756,6.725006,18.325806,0.0,,0.73299617,0.7907133,0.6121866,94.38933,7.568756,50.754730224609375,5486.424
2008-07-30,6.7796936,6.3265686,30.136108,0.0,,0.8140377,0.79536974,0.6061245,96.93231,6.7796936,50.239105224609375,5365.03
2008-07-31,6.8109436,6.1078186,21.697998,0.0,,0.5490119,0.6745962,0.73818696,95.276794,6.8109436,49.660980224609375,5369.8374
2008-08-01,6.4046936,5.6703186,21.011353,0.0,,0.3149064,0.77760583,0.62875205,95.05584,6.4046936,48.754730224609375,5307.3374
2008-08-02,6.7015686,5.7171936,19.14978,0.0,,0.5033469,0.5917421,0.8061273,93.43786,6.7015686,48.543792724609375,5353.0107
2008-08-03,5.5453186,5.131256,26.306152,0.0,,0.22115004,-0.49898958,0.86660796,97.165886,5.5453186,47.043792724609375,5175.126
2008-08-04,5.9046936,5.0609436,10.154724,0.0,,0.17611295,0.576343,0.8172079,94.316124,5.9046936,45.715667724609375,5230.4146
2008-08-05,5.9984436,5.256256,18.051147,0.0,,0.33735362,0.3584092,0.9335646,94.98851,5.9984436,44.145355224609375,5244.8374
2008-08-06,6.6703186,5.9984436,12.565613,0.0,,0.40916526,0.7476397,0.6641045,95.47747,6.6703186,44.035980224609375,5348.203
2008-08-07,6.3421936,5.4203186,26.09253,0.0,,0.19141816,0.95912397,0.28298625,93.82565,6.3421936,43.567230224609375,5297.722
2008-08-08,6.412506,5.2015686,13.618469,0.0,,0.20975985,-0.95673025,0.29097635,91.964676,6.412506,43.575042724609375,5308.5396
2008-08-09,7.350006,5.8421936,13.168335,0.0,,0.38180113,0.36000726,0.9329495,90.15463,7.350006,44.223480224609375,5452.77
2008-08-10,7.100006,5.912506,17.044067,0.0,,0.5746326,0.5089869,0.8607743,92.15625,7.100006,45.778167724609375,5414.3086
2008-08-11,6.850006,5.6859436,17.39502,0.0,,0.71683896,0.6668546,0.7451879,92.29081,6.850006,46.723480224609375,5375.847
2008-08-12,6.5765686,5.7328186,13.946533,0.0,,0.6076884,0.7404307,0.67213273,94.345856,6.5765686,47.301605224609375,5333.78
2008-08-13,6.3734436,5.725006,11.100769,0.0,,0.6295327,0.771359,0.6364002,95.62195,6.3734436,47.004730224609375,5302.53
2008-08-14,6.6546936,5.8734436,10.597229,0.0,,0.5802886,0.8612196,0.5082331,94.757965,6.6546936,47.317230224609375,5345.799
2008-08-15,6.600006,5.943756,10.444641,0.0,,0.5393268,0.9578636,0.2872233,95.57812,6.600006,47.504730224609375,5337.3857
2008-08-16,6.818756,6.193756,11.001587,0.0,,0.5894107,0.8665302,0.49912465,95.79192,6.818756,46.973480224609375,5371.0396
2008-08-17,6.9359436,5.912506,9.376526,0.0,,0.3500408,0.894148,0.44777155,93.19785,6.9359436,46.809417724609375,5389.0684
2008-08-18,7.318756,5.9046936,8.491516,0.0,,0.4538301,0.9096836,0.41530207,90.738594,7.318756,47.278167724609375,5447.9624
2008-08-19,6.850006,5.9515686,13.908386,0.0,,0.6234373,0.8858085,0.46405092,94.002106,6.850006,47.551605224609375,5375.847
2008-08-20,6.5609436,5.8734436,16.204834,0.0,,0.35212198,0.5837932,0.8119024,95.370514,6.5609436,47.739105224609375,5331.376
2008-08-21,6.7171936,5.7328186,12.580872,0.0,,0.5108291,0.71068215,0.7035132,93.43865,6.7171936,47.801605224609375,5355.4146
2008-08-22,6.6859436,5.8421936,11.039734,0.0,,0.47254634,0.7708404,0.6370283,94.35067,6.6859436,47.887542724609375,5350.6064
2008-08-23,6.5609436,5.506256,6.038666,0.0,,0.35238212,0.559806,0.8286237,92.9764,6.5609436,47.629730224609375,5331.376
2008-08-24,7.0140686,6.068756,7.9040527,0.0,,0.29493302,0.5252285,0.85096127,93.7061,7.0140686,47.707855224609375,5401.0874
2008-08-25,6.756256,5.8421936,14.572144,0.0,,0.28716817,0.52582765,0.8505911,93.896225,6.756256,47.145355224609375,5361.424
2008-08-26,6.5453186,5.506256,22.04895,0.0,,0.23081356,0.35592934,0.93451285,93.07635,6.5453186,46.840667724609375,5328.972
2008-08-27,6.2796936,5.6703186,34.0271,0.0,,0.47171924,0.5211778,0.8534481,95.87777,6.2796936,46.559417724609375,5288.1064
2008-08-28,5.8109436,5.2484436,10.757446,0.0,,0.55640185,0.67090183,0.74154615,96.17534,5.8109436,45.653167724609375,5215.991
2008-08-29,5.4671936,4.5453186,6.5841675,0.0,,0.311264,0.788274,0.6153244,93.7834,5.4671936,44.434417724609375,5163.1064
2008-08-30,4.287506,2.7171936,2.6378632,0.0,,0.23613425,0.6358522,0.7718108,89.523766,4.287506,42.160980224609375,4981.616
2008-08-31,4.2015686,2.2015686,2.538681,0.0,,0.21641332,0.53303766,0.8460915,86.82347,4.2015686,39.348480224609375,4968.395
2009-06-01,2.162506,0.5375061,7.511139,0.0,,0.24755907,-0.96055037,-0.278106,88.99889,2.162506,2.162506103515625,4654.6934
2009-06-02,2.193756,0.1859436,2.5939941,0.0,,0.43975827,-0.90270656,-0.43025672,86.57219,2.193756,4.35626220703125,4659.501
2009-06-03,3.8734436,1.8812561,3.5495758,0.0,,0.34405988,-0.9863267,-0.16480169,86.83915,3.8734436,8.229705810546875,4917.9146
2009-06-04,5.4359436,3.5609436,6.881714,0.0,,0.1518597,-0.90029645,0.43527725,87.71496,5.4359436,13.6656494140625,5158.299
2009-06-05,4.9828186,4.318756,14.213562,0.0,,0.37840065,0.5303469,0.84778076,95.46928,4.9828186,18.648468017578125,5088.5874
2009-06-06,4.725006,3.7953186,9.231567,0.0,,0.47282496,0.68880373,0.72494787,93.695755,4.725006,23.37347412109375,5048.924
2009-06-07,4.1546936,2.1234436,2.5348663,0.0,,0.3564453,0.65753424,0.75342464,86.62569,4.1546936,27.528167724609375,4961.1836
2009-06-08,3.475006,0.8265686,1.3837814,0.0,,0.3502729,0.6394986,0.7687923,82.80244,3.475006,28.840667724609375,4856.616
2009-06-09,2.8265686,-1.6187439,0.91028214,0.0,,0.5732994,0.67199427,0.74055636,72.55684,2.8265686,29.473480224609375,4756.8564
2009-06-10,2.4359436,-0.9312439,2.2888184,0.0,,0.41811186,0.3611497,0.9325079,78.45134,2.4359436,28.035980224609375,4696.7607
2009-06-11,3.4203186,1.5375061,4.5661926,0.0,,0.27760002,0.22074673,0.9753312,87.476654,3.4203186,26.020355224609375,4848.203
2009-06-12,4.037506,2.9515686,8.216858,0.0,,0.27415872,0.6545236,0.7560416,92.63208,4.037506,25.075042724609375,4943.155
2009-06-13,3.631256,2.1234436,7.507324,0.0,,0.13088664,0.21135989,0.9774083,89.87035,3.631256,23.981292724609375,4880.655
2009-06-14,4.2171936,1.8109436,3.3073425,0.0,,0.14822605,-0.37429965,0.92730784,84.34507,4.2171936,24.043792724609375,4970.799
2009-06-15,5.037506,2.693756,3.314972,0.0,,0.23945008,0.18148682,0.9833934,84.8157,5.037506,25.606292724609375,5097.001
2009-06-16,4.8890686,1.6000061,0.8382797,0.0,,0.18545061,-0.03992614,0.9992026,79.2719,4.8890686,27.668792724609375,5074.1646
2009-06-17,5.5609436,2.3421936,0.83112717,0.0,,0.25348163,0.14688025,0.9891543,79.77016,5.5609436,30.793792724609375,5177.53
2009-06-18,5.7171936,2.881256,1.2817383,0.0,,0.26691002,0.258858,0.9659154,81.989555,5.7171936,33.090667724609375,5201.5684
2009-06-19,5.693756,3.0296936,1.458168,0.0,,0.27777,0.23819023,0.9712185,82.99014,5.693756,34.746917724609375,5197.9624
2009-06-20,6.0765686,3.412506,1.8863678,0.0,,0.48085293,0.41938013,0.90781075,83.03793,6.0765686,37.192230224609375,5256.8564
2009-06-21,6.4203186,4.4515686,2.998352,0.0,,0.4476708,0.48945838,0.8720267,87.23232,6.4203186,39.395355224609375,5309.741
2009-06-22,6.8109436,4.8265686,3.753662,0.0,,0.33289772,0.5023655,0.8646554,87.1747,6.8109436,41.168792724609375,5369.8374
2009-06-23,6.693756,5.1234436,8.331299,0.0,,0.19182876,0.6303051,0.7763475,89.71457,6.693756,42.973480224609375,5351.8086
2009-06-24,6.8578186,5.7796936,9.429932,0.0,,0.22318436,0.5598016,0.8286267,92.84185,6.8578186,44.270355224609375,5377.049
2009-06-25,7.412506,6.4828186,9.712219,0.0,,0.34332597,0.44692916,0.89456934,93.826324,7.412506,45.965667724609375,5462.3857
2009-06-26,7.693756,6.756256,14.793396,0.0,,0.3820644,0.4856429,0.87415725,93.789444,7.693756,47.965667724609375,5505.655
2009-06-27,6.8578186,6.350006,19.683838,0.0,,0.41114414,0.47712463,0.8788356,96.56986,6.8578186,48.746917724609375,5377.049
2009-06-28,7.381256,6.5140686,13.35144,0.0,,0.45208812,0.7803417,0.6253534,94.22914,7.381256,49.707855224609375,5457.578
2009-06-29,7.4671936,6.6234436,16.63208,0.0,,0.5094955,0.71733415,0.6967293,94.3849,7.4671936,50.364105224609375,5470.799
2009-06-30,7.0296936,6.5140686,24.307251,0.0,,0.46880722,0.8092762,0.5874283,96.52261,7.0296936,50.700042724609375,5403.491
2009-07-01,6.4203186,5.6703186,24.398804,0.0,,0.50053746,0.9999018,-0.014015378,94.95365,6.4203186,50.262542724609375,5309.741
2009-07-02,6.068756,4.6234436,6.259918,0.0,,0.27445647,0.8579635,0.5137106,90.45207,6.068756,48.918792724609375,5255.655
2009-07-03,6.0765686,4.787506,9.468079,0.0,,0.25229645,0.8791315,0.47657934,91.44437,6.0765686,47.301605224609375,5256.8564
2009-07-04,6.4046936,4.6859436,8.44574,0.0,,0.27528965,0.7334249,0.67977047,88.76796,6.4046936,46.848480224609375,5307.3374
2009-07-05,7.0140686,5.3421936,11.688232,0.0,,0.32626587,0.7789671,0.62706476,89.10924,7.0140686,46.481292724609375,5401.0874
2009-07-06,7.0296936,6.0609436,25.08545,0.0,,0.38995954,0.9572558,0.28924274,93.55539,7.0296936,46.043792724609375,5403.491
2009-07-07,6.725006,6.0296936,24.56665,0.0,,0.20530635,0.82943416,0.55860454,95.32502,6.725006,45.739105224609375,5356.616
2009-07-08,7.443756,6.2328186,10.704041,0.0,,0.46273157,0.74656457,0.665313,92.028145,7.443756,46.762542724609375,5467.1934
2009-07-09,7.350006,6.162506,16.220093,0.0,,0.4815206,0.72808087,0.6854912,92.1713,7.350006,48.043792724609375,5452.77
2009-07-10,7.1859436,6.256256,25.527954,0.0,,0.2709962,0.38378364,0.92342305,93.81547,7.1859436,49.153167724609375,5427.53
2009-07-11,7.6234436,6.9515686,14.9002075,0.0,,0.5477446,0.6329222,0.7742154,95.511055,7.6234436,50.371917724609375,5494.8374
2009-07-12,7.787506,7.3109436,27.374268,0.0,,0.7408193,0.8258646,0.5638684,96.801384,7.787506,51.145355224609375,5520.078
2009-07-13,7.5296936,6.5609436,9.780884,0.0,,0.6348355,0.68761665,0.7260739,93.580284,7.5296936,51.645355224609375,5480.4146
2009-07-14,7.9515686,6.4515686,6.5727234,0.0,,0.49856105,0.6885049,0.7252317,90.248024,7.9515686,52.871917724609375,5545.3184
2009-07-15,7.3734436,6.1078186,10.4522705,0.0,,0.26987106,0.4803726,0.8770645,91.67729,7.3734436,52.801605224609375,5456.376
2009-07-16,7.7953186,6.193756,10.543823,0.0,,0.42711368,0.6064737,0.79510355,89.606926,7.7953186,53.246917724609375,5521.28
2009-07-17,8.014069,6.9984436,12.580872,0.0,,0.48153675,0.814247,0.58051854,93.304184,8.014069,54.075042724609375,5554.9336
2009-07-18,7.7171936,6.7953186,12.809753,0.0,,0.4175999,0.6653068,0.74657005,93.8912,7.7171936,54.168792724609375,5509.2607
2009-07-19,8.076569,7.0453186,22.140503,0.0,,0.79201716,0.8550902,0.5184793,93.20762,8.076569,54.457855224609375,5564.549
2009-07-20,7.631256,6.3890686,10.292053,0.0,,0.4833662,0.5283181,0.8490465,91.84181,7.631256,54.559417724609375,5496.0396
2009-07-21,7.850006,6.287506,9.45282,0.0,,0.47695988,0.6807848,0.73248345,89.8528,7.850006,54.457855224609375,5529.6934
2009-07-22,7.287506,6.318756,11.360168,0.0,,0.42950395,0.7542995,0.65653044,93.568245,7.287506,54.371917724609375,5443.155
2009-07-23,7.2953186,6.412506,8.44574,0.0,,0.31421822,0.72569746,0.688014,94.12399,7.2953186,53.871917724609375,5444.3564
2009-07-24,8.162506,6.6703186,4.875183,0.0,,0.33437225,0.63413197,0.77322483,90.31207,8.162506,54.020355224609375,5577.77
2009-07-25,8.389069,6.5453186,7.789612,0.0,,0.43059665,0.5845586,0.8113515,88.17417,8.389069,54.692230224609375,5612.626
2009-07-26,8.287506,7.350006,34.942627,0.0,,0.7105759,0.7022803,0.7119006,93.81788,8.287506,54.903167724609375,5597.001
2009-07-27,5.693756,4.506256,96.43555,0.0,,0.5610222,-0.81855667,-0.57442576,92.070724,5.693756,52.965667724609375,5197.9624
2009-07-28,5.2015686,4.131256,20.828247,0.0,,0.33371177,-0.47882652,-0.87790954,92.80019,5.2015686,50.317230224609375,5122.241
2009-07-29,5.8734436,4.662506,35.7666,0.0,,0.3202634,-0.58278763,-0.8126245,91.93119,5.8734436,48.903167724609375,5225.6064
2009-07-30,5.975006,4.7796936,13.771057,0.0,,0.28062826,-0.9996056,0.028083999,92.03777,5.975006,47.582855224609375,5241.2314
2009-07-31,5.8265686,4.600006,14.282227,0.0,,0.47770205,-0.93833005,-0.34574085,91.828,5.8265686,45.246917724609375,5218.395
2009-08-01,6.9359436,5.4046936,7.2784424,0.0,,0.07432919,-0.87205756,-0.48940334,89.97711,6.9359436,43.793792724609375,5389.0684
2009-08-02,8.006256,6.881256,8.4991455,0.0,,0.23013669,0.7351694,0.67788345,92.60683,8.006256,43.512542724609375,5553.7314
2009-08-03,8.076569,7.2328186,10.673523,0.0,,0.16183335,0.5570479,0.83048034,94.4114,8.076569,45.895355224609375,5564.549
2009-08-04,8.232819,6.9359436,16.76941,0.0,,0.10342971,0.28163114,0.9595227,91.53557,8.232819,48.926605224609375,5588.5874
2009-08-05,8.264069,7.287506,36.68213,0.0,,0.38354883,0.8255804,0.5642845,93.56661,8.264069,51.317230224609375,5593.395
2009-08-06,6.4046936,5.4984436,82.58057,0.0,,0.4147452,-0.7670136,-0.6416308,93.93039,6.4046936,51.746917724609375,5307.3374
2009-08-07,6.850006,6.0453186,10.2005005,0.0,,0.026465094,0.68841606,-0.725316,94.61275,6.850006,52.770355224609375,5375.847
2009-08-08,7.631256,7.0140686,9.742737,0.0,,0.4385995,0.87948614,0.47592452,95.86992,7.631256,53.465667724609375,5496.0396
2009-08-09,7.8265686,6.9828186,15.930176,0.0,,0.45304745,0.9058662,0.42356393,94.40055,7.8265686,53.285980224609375,5526.0874
2009-08-10,7.506256,6.5296936,13.259888,0.0,,0.35644197,0.89041924,0.45514122,93.528854,7.506256,52.715667724609375,5476.8086
2009-08-11,7.5765686,6.443756,15.12146,0.0,,0.23868215,0.12479006,0.99218315,92.5326,7.5765686,52.059417724609375,5487.626
2009-08-12,7.850006,6.6703186,14.228821,0.0,,0.24863315,0.46518987,0.88521093,92.2508,7.850006,51.645355224609375,5529.6934
2009-08-13,8.389069,7.162506,21.362305,0.0,,0.059173048,0.80815583,0.5889687,91.98729,8.389069,53.629730224609375,5612.626
2009-08-14,7.1234436,6.2328186,20.629883,0.0,,0.27946723,0.9242614,0.3817602,94.065475,7.1234436,53.903167724609375,5417.9146
2009-08-15,6.8734436,5.9671936,13.98468,0.0,,0.5783415,0.87889385,0.47701734,93.95247,6.8734436,53.145355224609375,5379.453
2009-08-16,6.7328186,5.662506,16.76941,0.0,,0.6546876,0.8002684,0.5996419,92.88518,6.7328186,52.051605224609375,5357.8184
2009-08-17,6.506256,5.8734436,14.823914,0.0,,0.46341735,0.8592543,0.5115487,95.72987,6.506256,51.051605224609375,5322.9624
2009-08-18,6.725006,6.1078186,27.816772,0.0,,0.592645,0.88569444,0.46426862,95.84049,6.725006,50.200042724609375,5356.616
2009-08-19,5.600006,4.787506,11.5737915,0.0,,0.37266585,0.91978765,0.39241648,94.508354,5.600006,47.950042724609375,5183.5396
2009-08-20,5.5140686,4.381256,4.333496,0.0,,0.4920492,0.6976167,0.7164712,92.41273,5.5140686,45.075042724609375,5170.3184
2009-08-21,5.5453186,4.443756,6.504059,0.0,,0.3755721,0.7332564,0.67995226,92.61679,5.5453186,43.496917724609375,5175.126
2009-08-22,6.131256,4.8265686,7.1411133,0.0,,0.3535626,0.884551,0.4664435,91.348404,6.131256,42.754730224609375,5265.27
2009-08-23,6.006256,4.4828186,8.560181,0.0,,0.2905135,0.8832354,0.4689299,89.95496,6.006256,42.028167724609375,5246.0396
2009-08-24,5.5921936,4.193756,8.628845,0.0,,0.5387938,0.7041553,0.710046,90.714714,5.5921936,41.114105224609375,5182.3374
2009-08-25,5.725006,5.1234436,14.11438,0.0,,0.75113326,0.6360831,0.7716205,95.911835,5.725006,40.114105224609375,5202.77
2009-08-26,5.5921936,4.725006,13.511658,0.0,,0.563604,0.5046519,0.8633229,94.14813,5.5921936,40.106292724609375,5182.3374
2009-08-27,5.7328186,4.8578186,11.688232,0.0,,0.28498095,0.47846195,0.87810826,94.10331,5.7328186,40.325042724609375,5203.972
2009-08-28,6.2484436,5.0140686,13.458252,0.0,,0.38179418,0.6906126,0.7232249,91.804596,6.2484436,41.028167724609375,5283.299
2009-08-29,6.7328186,5.381256,15.541077,0.0,,0.2956041,0.5768939,0.8168191,91.09148,6.7328186,41.629730224609375,5357.8184
2009-08-30,6.7015686,5.600006,11.138916,0.0,,0.30715922,0.9045212,0.42642856,92.68258,6.7015686,42.325042724609375,5353.0107
2009-08-31,6.5296936,5.443756,9.361267,0.0,,0.5724242,0.66790366,0.74424773,92.77338,6.5296936,43.262542724609375,5326.5684
2010-06-01,3.6859436,1.5687561,5.8135986,0.0,,0.18879561,-0.028166376,0.9996033,86.04735,3.6859436,3.685943603515625,4889.0684
2010-06-02,4.4359436,2.2796936,5.3367615,0.0,,0.37600717,0.3334144,0.9427804,85.88689,4.4359436,8.12188720703125,5004.4526
2010-06-03,5.3265686,3.3421936,3.3302307,0.0,,0.35613385,0.28552347,0.9583717,87.030785,5.3265686,13.448455810546875,5141.472
2010-06-04,4.5140686,3.412506,38.391113,0.0,,0.55242944,0.9758034,0.21864979,92.55737,4.5140686,17.9625244140625,5016.472
2010-06-05,3.3890686,2.7484436,14.595032,0.0,,0.35148683,0.96618015,0.25786796,95.57048,3.3890686,21.351593017578125,4843.395
2010-06-06,2.1234436,-0.4390564,1.3628006,0.0,,0.2733249,-0.89009863,-0.45576796,83.14754,2.1234436,23.47503662109375,4648.6836
2010-06-07,3.8265686,1.1234436,1.9407272,0.0,,0.30371597,-0.9983758,-0.056972556,82.52233,3.8265686,27.301605224609375,4910.7026
2010-06-08,4.287506,1.6078186,1.78051,0.0,,0.25131443,-0.27735034,0.9607689,82.72037,4.287506,27.903167724609375,4981.616
2010-06-09,4.2484436,0.9437561,0.39196014,0.0,,0.13221598,-0.34022292,0.9403448,79.08681,4.2484436,27.715667724609375,4975.6064
2010-06-10,4.7484436,0.7171936,0.34046173,0.0,,0.3672177,0.68345445,0.72999316,75.13407,4.7484436,27.137542724609375,5052.53
2010-06-11,4.131256,0.3578186,0.85926056,0.0,,0.29690257,0.5636812,0.8259924,76.439064,4.131256,26.754730224609375,4957.5776
2010-06-12,4.5609436,0.6546936,0.53691864,0.0,,0.3701217,0.55012524,0.8350822,75.78181,4.5609436,27.926605224609375,5023.6836
2010-06-13,4.3109436,0.2640686,0.6709099,0.0,,0.36599317,0.684407,0.72910017,74.97262,4.3109436,30.114105224609375,4985.222
2010-06-14,4.1390686,0.6703186,1.9741058,0.0,,0.29360917,0.53175426,0.84689873,78.14083,4.1390686,30.426605224609375,4958.78
2010-06-15,5.4359436,2.8578186,4.1122437,0.0,,0.22829597,0.28071854,0.9597901,83.46463,5.4359436,31.575042724609375,5158.299
2010-06-16,6.600006,4.693756,7.9803467,0.0,,0.31977272,0.56688523,0.8237968,87.63107,6.600006,33.926605224609375,5337.3857
2010-06-17,6.2015686,4.8265686,9.742737,0.0,,0.5897358,0.7128788,0.70128727,90.906456,6.2015686,35.379730224609375,5276.0874
2010-06-18,6.2796936,5.068756,8.644104,0.0,,0.2844402,0.1549267,0.98792595,91.95644,6.2796936,37.528167724609375,5288.1064
2010-06-19,6.9828186,5.2171936,14.602661,0.0,,0.40710384,0.5622198,0.82698786,88.52815,6.9828186,39.950042724609375,5396.28
2010-06-20,6.7328186,5.4359436,4.6806335,0.0,,0.42887586,0.44288203,0.8965799,91.437836,6.7328186,42.371917724609375,5357.8184
2010-06-21,7.0609436,6.0140686,18.173218,0.0,,0.39575776,0.8118326,0.58389026,93.0537,7.0609436,45.293792724609375,5408.299
2010-06-22,6.6390686,4.9203186,5.7792664,0.0,,0.211155,0.7816015,0.6237781,88.78787,6.6390686,46.496917724609375,5343.395
2010-06-23,6.8109436,5.3265686,8.094788,0.0,,0.32420745,0.8328604,0.5534831,90.260956,6.8109436,46.707855224609375,5369.8374
2010-06-24,6.3265686,4.9828186,6.5727234,0.0,,0.3461842,0.81807065,0.57511777,91.11325,6.3265686,46.832855224609375,5295.3184
2010-06-25,6.7015686,5.475006,6.7710876,0.0,,0.48726505,0.6122743,0.7906454,91.88291,6.7015686,47.254730224609375,5353.0107
2010-06-26,7.2171936,5.8109436,9.872437,0.0,,0.28555918,0.61642355,0.7874147,90.780464,7.2171936,47.489105224609375,5432.3374
2010-06-27,7.0140686,5.600006,9.239197,0.0,,0.36860198,0.6981086,0.71599185,90.71703,7.0140686,47.770355224609375,5401.0874
2010-06-28,6.412506,5.1703186,7.0648193,0.0,,0.32724407,0.4812026,0.8766094,91.76509,6.412506,47.121917724609375,5308.5396
2010-06-29,6.6078186,5.2953186,8.056641,0.0,,0.2568306,0.94108415,0.33817244,91.33045,6.6078186,47.090667724609375,5338.5874
2010-06-30,6.600006,5.006256,16.113281,0.0,,0.3462048,0.94989276,0.31257603,89.56099,6.600006,46.879730224609375,5337.3857
2010-07-01,5.9671936,4.9203186,10.498047,0.0,,0.2633568,0.99007195,0.14056146,92.99462,5.9671936,46.520355224609375,5240.03
2010-07-02,6.693756,5.6703186,6.6223145,0.0,,0.4295117,0.83613753,0.54851985,93.18508,6.693756,46.512542724609375,5351.8086
2010-07-03,7.0609436,6.0921936,8.865356,0.0,,0.4522202,0.82492304,0.56524503,93.556946,7.0609436,46.356292724609375,5408.299
2010-07-04,6.9203186,5.662506,10.635376,0.0,,0.4468169,0.7879084,0.61579245,91.697914,6.9203186,46.262542724609375,5386.6646
2010-07-05,7.1859436,6.318756,11.71875,0.0,,0.57732314,0.55059475,0.8347727,94.22038,7.1859436,47.035980224609375,5427.53
2010-07-06,7.1078186,6.131256,9.605408,0.0,,0.44253752,0.66422683,0.74753106,93.50887,7.1078186,47.535980224609375,5415.5107
2010-07-07,7.5296936,6.412506,15.136719,0.0,,0.4671494,0.6260962,0.7797458,92.62949,7.5296936,48.465667724609375,5480.4146
2010-07-08,7.693756,6.9203186,14.022827,0.0,,0.5518564,0.55521053,0.83170986,94.851036,7.693756,50.192230224609375,5505.655
2010-07-09,7.7796936,7.2796936,38.146973,0.0,,0.6382438,0.7964054,0.60476315,96.646225,7.7796936,51.278167724609375,5518.876
2010-07-10,6.0140686,4.8734436,68.54248,0.0,,0.6610578,-0.8612499,-0.50818163,92.39173,6.0140686,50.231292724609375,5247.241
2010-07-11,4.7640686,2.9671936,63.11035,0.0,,0.8114759,-0.84240794,-0.53884023,88.1385,4.7640686,48.075042724609375,5054.9336
2010-07-12,5.475006,4.537506,12.527466,0.0,,0.1160856,-0.9138007,-0.4061629,93.681435,5.475006,46.364105224609375,5164.3086
2010-07-13,5.6859436,4.7953186,12.321472,0.0,,0.344999,-0.92278355,-0.38531867,93.99867,5.6859436,44.942230224609375,5196.7607
2010-07-14,6.037506,5.006256,12.519836,0.0,,0.39280793,-0.9646095,-0.26368266,93.09966,6.037506,43.450042724609375,5250.847
2010-07-15,7.0296936,6.3265686,16.098022,0.0,,0.12640527,-0.5301725,0.8478898,95.28486,7.0296936,42.785980224609375,5403.491
2010-07-16,7.3578186,6.6546936,23.757935,0.0,,0.42022163,0.629783,0.7767711,95.296936,7.3578186,42.364105224609375,5453.972
2010-07-17,7.506256,6.975006,16.906738,0.0,,0.3562698,0.43069154,0.9024992,96.43231,7.506256,43.856292724609375,5476.8086
2010-07-18,8.029694,7.475006,28.259277,0.0,,0.49191526,0.617405,0.7866454,96.29276,8.029694,47.121917724609375,5557.3374
2010-07-19,6.6859436,6.3421936,60.516357,0.0,,0.223771,0.8766417,-0.48114383,97.66334,6.6859436,48.332855224609375,5350.6064
2010-07-20,6.1703186,5.537506,12.542725,0.0,,0.5708224,0.67875963,0.7343606,95.71859,6.1703186,48.817230224609375,5271.28
2010-07-21,6.7640686,6.1859436,10.96344,0.0,,0.6148305,0.65082407,0.7592286,96.100334,6.7640686,49.543792724609375,5362.626
2010-07-22,7.631256,6.7796936,15.197754,0.0,,0.5270914,0.62807834,0.77815014,94.34145,7.631256,50.145355224609375,5496.0396
2010-07-23,8.287506,7.412506,19.958496,0.0,,0.62302417,0.7465006,0.66538477,94.21926,8.287506,51.075042724609375,5597.001
2010-07-24,8.185944,7.412506,24.68872,0.0,,0.58754,0.823581,0.56719875,94.87069,8.185944,51.754730224609375,5581.376
2010-07-25,8.076569,7.5140686,23.452759,0.0,,0.7751609,0.6204609,0.7842374,96.24281,8.076569,51.801605224609375,5564.549
2010-07-26,7.2328186,6.287506,20.996094,0.0,,0.7662029,0.8061517,0.59170896,93.71677,7.2328186,52.348480224609375,5434.741
2010-07-27,6.3265686,5.4515686,12.329102,0.0,,0.39447564,0.88378793,0.46788773,94.13056,6.3265686,52.504730224609375,5295.3184
2010-07-28,7.693756,6.100006,6.2713623,0.0,,0.43576148,0.54457474,0.83871233,89.647255,7.693756,53.434417724609375,5505.655
2010-07-29,7.5453186,6.568756,52.246094,0.0,,0.55337954,0.76677287,0.64191854,93.530815,7.5453186,53.348480224609375,5482.8184
2010-07-30,5.4359436,4.975006,37.81128,0.0,,0.17857668,-0.9925489,-0.12184705,96.846825,5.4359436,50.496917724609375,5158.299
2010-07-31,5.068756,4.6078186,21.896362,0.0,,0.25560626,-0.9857079,0.16846341,96.83763,5.068756,47.379730224609375,5101.8086
2010-08-01,6.4828186,5.8890686,8.628845,0.0,,0.3205176,0.6984857,0.71562403,95.987976,6.4828186,45.785980224609375,5319.3564
2010-08-02,6.256256,5.568756,15.167236,0.0,,0.4076456,0.6749649,0.73784983,95.35944,6.256256,44.809417724609375,5284.501
2010-08-03,6.5453186,5.9203186,11.558533,0.0,,0.48020923,0.6914304,0.7224431,95.78289,6.5453186,45.028167724609375,5328.972
2010-08-04,7.068756,6.068756,47.454834,0.0,,0.4846882,0.7817526,0.62358874,93.35577,7.068756,44.403167724609375,5409.501
2010-08-05,6.5453186,5.975006,20.15686,0.0,,0.18526332,0.3016122,0.9534307,96.14551,6.5453186,43.403167724609375,5328.972
2010-08-06,7.2953186,6.1234436,14.976501,0.0,,0.31367132,0.51019704,0.86005753,92.26744,7.2953186,45.262542724609375,5444.3564
2010-08-07,6.9828186,6.1234436,14.49585,0.0,,0.36134496,0.6894949,0.72429055,94.26205,6.9828186,47.176605224609375,5396.28
2010-08-08,7.225006,6.0453186,14.312744,0.0,,0.28377935,0.5204927,0.85386616,92.21351,7.225006,47.918792724609375,5433.5396
2010-08-09,7.131256,6.068756,12.374878,0.0,,0.25573918,0.5250558,0.8510678,92.95717,7.131256,48.793792724609375,5419.116
2010-08-10,7.3109436,6.4046936,10.406494,0.0,,0.3863668,0.8107125,0.58544445,93.972984,7.3109436,49.559417724609375,5446.7607
2010-08-11,7.287506,6.4203186,11.558533,0.0,,0.5178568,0.8877295,0.46036538,94.22494,7.287506,49.778167724609375,5443.155
2010-08-12,7.1390686,6.4046936,12.001038,0.0,,0.49655023,0.8363368,0.548216,95.08414,7.1390686,50.371917724609375,5420.3184
2010-08-13,7.100006,6.3109436,11.131287,0.0,,0.41164005,0.81668836,0.57707894,94.72516,7.100006,50.176605224609375,5414.3086
2010-08-14,7.8578186,6.7796936,13.084412,0.0,,0.57456625,0.8838189,0.46782914,92.89685,7.8578186,51.051605224609375,5530.895
2010-08-15,7.9203186,7.1546936,16.983032,0.0,,0.65844595,0.8587336,0.51242226,94.91083,7.9203186,51.746917724609375,5540.5107
2010-08-16,7.8578186,7.4359436,27.053833,0.0,,0.58592147,0.64251757,0.76627094,97.16536,7.8578186,52.473480224609375,5530.895
2010-08-17,7.5140686,6.8578186,42.72461,0.0,,0.5507841,0.76905626,0.6391811,95.60965,7.5140686,52.676605224609375,5478.0107
2010-08-18,6.8890686,6.4984436,34.240723,0.0,,0.39033347,0.85563856,0.5175738,97.35272,6.8890686,52.278167724609375,5381.8564
2010-08-19,6.7328186,6.1546936,25.161743,0.0,,0.3441086,0.7190652,0.69494265,96.09938,6.7328186,51.871917724609375,5357.8184
2010-08-20,6.631256,6.006256,20.141602,0.0,,0.62732434,0.4786885,0.8779848,95.78573,6.631256,51.403167724609375,5342.1934
2010-08-21,6.5453186,6.0140686,24.658203,0.0,,0.50167304,0.70662,0.70759326,96.40526,6.5453186,50.090667724609375,5328.972
2010-08-22,6.5765686,5.8734436,36.193848,0.0,,0.44471043,0.7109392,0.70325345,95.26812,6.5765686,48.746917724609375,5333.78
2010-08-23,5.5140686,4.4359436,33.02002,0.0,,0.34418482,-0.6876955,-0.72599924,92.76697,5.5140686,46.403167724609375,5170.3184
2010-08-24,5.2953186,4.4203186,17.471313,0.0,,0.19461665,0.94649714,-0.32271224,94.0831,5.2953186,44.184417724609375,5136.6646
2010-08-25,4.9984436,4.381256,11.482239,0.0,,0.13302615,-0.9616883,-0.2741454,95.78355,4.9984436,42.293792724609375,5090.991
2010-08-26,6.5609436,5.5609436,9.124756,0.0,,0.169643,0.28998742,0.9570305,93.32957,6.5609436,42.121917724609375,5331.376
2010-08-27,7.1703186,6.4515686,15.991211,0.0,,0.47180718,0.7394482,0.6732135,95.18764,7.1703186,42.660980224609375,5425.126
2010-08-28,6.9671936,6.5609436,13.389587,0.0,,0.5842036,0.7706137,0.6373025,97.24983,6.9671936,43.082855224609375,5393.876
2010-08-29,7.2328186,6.5140686,16.281128,0.0,,0.40929285,0.7509856,0.66031855,95.18999,7.2328186,43.739105224609375,5434.741
2010-08-30,6.6546936,6.1234436,32.409668,0.0,,0.42391488,0.731993,0.68131214,96.408356,6.6546936,44.879730224609375,5345.799
2010-08-31,6.412506,5.8890686,14.24408,0.0,,0.40085453,0.59961015,0.80029225,96.45357,6.412506,45.996917724609375,5308.5396
2011-06-01,2.2640686,0.8187561,6.465912,0.0,,0.103039816,-0.8796329,-0.4756532,90.16792,2.2640686,2.264068603515625,4670.3184
2011-06-02,2.1234436,0.3890686,1.9044876,0.0,,0.1734662,-0.9887159,-0.14980283,88.29503,2.1234436,4.38751220703125,4648.6836
2011-06-03,2.5453186,-0.5796814,1.1234283,0.0,,0.17939278,-0.9948382,-0.10147413,79.86687,2.5453186,6.932830810546875,4713.5874
2011-06-04,2.725006,-1.1578064,0.9007454,0.0,,0.102062814,-0.9813436,0.192262,75.59438,2.725006,9.6578369140625,4741.2314
2011-06-05,3.2015686,0.3187561,2.954483,0.0,,0.1396618,-0.847384,0.53098065,81.3776,3.2015686,12.859405517578125,4814.549
2011-06-06,3.6234436,0.3890686,1.7900467,0.0,,0.2650957,0.20399103,0.97897273,79.39471,3.6234436,16.48284912109375,4879.453
2011-06-07,2.9203186,0.1859436,2.5615692,0.0,,0.3780642,0.74844164,0.6632006,82.218506,2.9203186,19.403167724609375,4771.28
2011-06-08,2.1859436,0.5765686,5.92041,0.0,,0.20870018,0.96041816,0.27856222,89.10132,2.1859436,19.325042724609375,4658.299
2011-06-09,2.9984436,0.9671936,4.737854,0.0,,0.22596003,0.9410801,0.33818376,86.5081,2.9984436,20.200042724609375,4783.299
2011-06-10,3.287506,0.8500061,4.131317,0.0,,0.14574724,0.49415332,0.86937475,84.04668,3.287506,20.942230224609375,4827.77
2011-06-11,3.693756,2.693756,9.170532,0.0,,0.11821571,0.7006235,0.71353114,93.17877,3.693756,21.910980224609375,4890.27
2011-06-12,4.7953186,3.3265686,7.8201294,0.0,,0.12345113,0.54335374,0.8395038,90.20901,4.7953186,23.504730224609375,5059.741
2011-06-13,5.2796936,4.1546936,10.375977,0.0,,0.27218044,0.7731974,0.6341654,92.44955,5.2796936,25.160980224609375,5134.2607
2011-06-14,5.5296936,4.2328186,9.468079,0.0,,0.37482202,0.66177243,0.7497048,91.35824,5.5296936,27.770355224609375,5172.722
2011-06-15,5.193756,3.756256,6.954193,0.0,,0.17538641,0.47154528,0.88184184,90.43748,5.193756,30.778167724609375,5121.0396
2011-06-16,6.4359436,5.0765686,9.69696,0.0,,0.19821262,0.5299436,0.8480329,91.0217,6.4359436,34.215667724609375,5312.145
2011-06-17,6.4828186,5.0296936,11.299133,0.0,,0.27454698,0.47841594,0.87813336,90.433075,6.4828186,37.410980224609375,5319.3564
2011-06-18,6.256256,5.100006,17.959595,0.0,,0.27040142,-0.20517997,0.97872424,92.30558,6.256256,39.973480224609375,5284.501
2011-06-19,6.1546936,5.2640686,24.32251,0.0,,0.30282477,0.45268744,0.8916693,94.02058,6.1546936,41.332855224609375,5268.876
2011-06-20,6.693756,5.7796936,11.558533,0.0,,0.3928527,0.8538804,0.52046925,93.89326,6.693756,42.746917724609375,5351.8086
2011-06-21,6.9359436,6.1390686,9.315491,0.0,,0.21656924,0.7800984,0.6256569,94.667366,6.9359436,44.153167724609375,5389.0684
2011-06-22,7.0296936,5.9828186,10.765076,0.0,,0.36628416,0.66386724,0.7478505,93.052025,7.0296936,45.989105224609375,5403.491
2011-06-23,7.1078186,6.131256,9.902954,0.0,,0.23639318,0.3986506,0.9171029,93.50887,7.1078186,46.660980224609375,5415.5107
2011-06-24,7.9046936,6.5609436,21.514893,0.0,,0.49491882,0.61908436,0.7853245,91.21992,7.9046936,48.082855224609375,5538.1064
2011-06-25,6.381256,5.3578186,30.807495,0.0,,0.28611204,-0.9659404,0.2587645,93.168564,6.381256,48.207855224609375,5303.7314
2011-06-26,7.0609436,6.0140686,16.433716,0.0,,0.28125012,0.50694424,0.8619788,93.0537,7.0609436,49.114105224609375,5408.299
2011-06-27,7.225006,6.131256,24.353027,0.0,,0.42848572,0.65182304,0.75837106,92.76207,7.225006,49.645355224609375,5433.5396
2011-06-28,5.9828186,5.100006,25.604248,0.0,,0.18264107,0.9824918,0.1863058,94.06367,5.9828186,48.692230224609375,5242.4336
2011-06-29,6.131256,5.506256,23.452759,0.0,,0.52095443,0.98695797,0.16097823,95.76914,6.131256,47.793792724609375,5265.27
2011-06-30,5.818756,5.0140686,38.848877,0.0,,0.29133275,0.8551922,-0.5183111,94.56917,5.818756,46.504730224609375,5217.1934
2011-07-01,5.1390686,4.2171936,23.68164,0.0,,0.36495554,-0.5231267,-0.8522549,93.767456,5.1390686,43.739105224609375,5112.626
2011-07-02,5.5140686,4.443756,42.44995,0.0,,0.42346352,-0.8694115,-0.49408865,92.817665,5.5140686,42.871917724609375,5170.3184
2011-07-03,6.5296936,5.8734436,13.725281,0.0,,0.21871272,0.5578518,0.8299406,95.575676,6.5296936,42.340667724609375,5326.5684
2011-07-04,6.037506,5.2953186,18.218994,0.0,,0.13483356,-0.96780926,-0.25168476,94.990036,6.037506,41.153167724609375,5250.847
2011-07-05,5.818756,5.1078186,25.512695,0.0,,0.36381975,0.7602977,0.64957476,95.18817,5.818756,40.989105224609375,5217.1934
2011-07-06,5.9671936,5.5140686,21.148682,0.0,,0.45523953,0.55988723,0.8285688,96.91255,5.9671936,40.825042724609375,5240.03
2011-07-07,5.9046936,5.5296936,17.593384,0.0,,0.6891699,0.7921101,0.61037827,97.437515,5.9046936,40.910980224609375,5230.4146
2011-07-08,6.256256,5.5921936,10.528564,0.0,,0.41277105,0.7038462,0.71035236,95.51445,6.256256,42.028167724609375,5284.501
2011-07-09,6.6546936,5.8421936,8.987427,0.0,,0.4157588,0.62010115,0.7845219,94.553444,6.6546936,43.168792724609375,5345.799
2011-07-10,6.9046936,5.7640686,7.873535,0.0,,0.39562762,0.5340975,0.8454229,92.44387,6.9046936,43.543792724609375,5384.2607
2011-07-11,7.3734436,6.0609436,9.346008,0.0,,0.48240018,0.66197306,0.74952763,91.381165,7.3734436,44.879730224609375,5456.376
2011-07-12,7.3421936,6.287506,6.706238,0.0,,0.51710075,0.64587873,0.76344,93.01869,7.3421936,46.403167724609375,5451.5684
2011-07-13,7.1390686,6.568756,21.560669,0.0,,0.46836945,0.6260291,0.7797997,96.16344,7.1390686,47.575042724609375,5420.3184
2011-07-14,6.5296936,5.8890686,29.220581,0.0,,0.21701568,0.6406822,0.7678062,95.67897,6.5296936,48.200042724609375,5326.5684
2011-07-15,6.4828186,5.818756,12.268066,0.0,,0.36429587,0.82095987,0.5709859,95.52242,6.4828186,48.426605224609375,5319.3564
2011-07-16,6.600006,5.7015686,10.139465,0.0,,0.39264992,0.8064445,0.5913097,93.990425,6.600006,48.371917724609375,5337.3857
2011-07-17,6.8734436,5.693756,10.688782,0.0,,0.2667806,0.5724178,0.81996214,92.19242,6.8734436,48.340667724609375,5379.453
2011-07-18,7.193756,6.4515686,10.787964,0.0,,0.36457184,0.5491244,0.83574057,95.03513,7.193756,48.160980224609375,5428.7314
2011-07-19,7.7328186,6.9203186,23.635864,0.0,,0.4933228,0.8685323,0.49563256,94.59895,7.7328186,48.551605224609375,5511.6646
2011-07-20,7.287506,6.8265686,20.462036,0.0,,0.6750407,0.68897754,0.7247827,96.89262,7.287506,48.700042724609375,5443.155
2011-07-21,7.5609436,6.725006,12.565613,0.0,,0.5253912,0.5599436,0.8285307,94.439644,7.5609436,49.731292724609375,5485.222
2011-07-22,7.600006,6.5453186,32.25708,0.0,,0.6130562,0.68177885,0.7315583,93.032555,7.600006,50.848480224609375,5491.2314
2011-07-23,7.3265686,6.8890686,30.014038,0.0,,0.5212546,0.9058298,0.42364177,97.04943,7.3265686,51.575042724609375,5449.1646
2011-07-24,6.4046936,6.0921936,28.457642,0.0,,0.4056157,0.60882324,0.79330593,97.868996,6.4046936,51.106292724609375,5307.3374
2011-07-25,7.0453186,6.287506,19.882202,0.0,,0.46005347,0.4752229,0.87986547,94.927124,7.0453186,50.957855224609375,5405.895
2011-07-26,6.6234436,6.193756,17.837524,0.0,,0.77233315,0.6865864,0.7270482,97.08532,6.6234436,49.848480224609375,5340.991
2011-07-27,6.0140686,5.475006,29.800415,0.0,,0.42675403,0.73513234,0.6779236,96.33796,6.0140686,48.575042724609375,5247.241
2011-07-28,6.568756,5.9828186,16.342163,0.0,,0.4616211,0.62301666,0.78220856,96.0425,6.568756,47.582855224609375,5332.5776
2011-07-29,7.1390686,6.7171936,14.1067505,0.0,,0.6714996,0.65007246,0.7598722,97.14926,7.1390686,47.121917724609375,5420.3184
2011-07-30,7.756256,7.2015686,15.25116,0.0,,0.6874496,0.6900364,0.7237747,96.28482,7.756256,47.551605224609375,5515.27
2011-07-31,7.787506,7.3109436,19.851685,0.0,,0.5131767,0.74120885,0.6712745,96.801384,7.787506,48.934417724609375,5520.078
2011-08-01,7.818756,7.2953186,26.2146,0.0,,0.69302917,0.77783525,0.6284683,96.49256,7.818756,49.707855224609375,5524.8857
2011-08-02,7.5921936,6.9671936,27.435303,0.0,,0.6616458,0.96675354,0.25571004,95.81734,7.5921936,50.676605224609375,5490.03
2011-08-03,7.1390686,6.412506,15.419006,0.0,,0.4754732,0.7927958,0.6094874,95.13529,7.1390686,51.801605224609375,5420.3184
2011-08-04,7.5921936,6.881256,13.656616,0.0,,0.38190523,0.71726114,0.69680446,95.25448,7.5921936,52.825042724609375,5490.03
2011-08-05,7.256256,6.193756,44.0979,0.0,,0.16855238,0.7260383,0.68765426,92.96396,7.256256,52.942230224609375,5438.347
2011-08-06,6.225006,5.5609436,40.893555,0.0,,0.21746618,-0.9890636,-0.14748946,95.51335,6.225006,51.410980224609375,5279.6934
2011-08-07,6.318756,5.4359436,15.975952,0.0,,0.14007628,0.15849607,0.9873596,94.07919,6.318756,49.942230224609375,5294.116
2011-08-08,6.7796936,5.6546936,13.343811,0.0,,0.44623438,0.44370863,0.8961711,92.53668,6.7796936,48.903167724609375,5365.03
2011-08-09,6.6546936,5.7640686,11.8637085,0.0,,0.52628887,0.6554779,0.7552144,94.043816,6.6546936,47.965667724609375,5345.799
2011-08-10,6.693756,5.6234436,13.702393,0.0,,0.52731574,0.5796605,0.81485814,92.883026,6.693756,47.520355224609375,5351.8086
2011-08-11,6.0609436,5.4046936,21.636963,0.0,,0.6297861,0.5752821,0.8179551,95.559364,6.0609436,45.989105224609375,5254.4526
2011-08-12,5.6859436,4.7640686,8.69751,0.0,,0.6099227,0.45552006,0.8902255,93.79401,5.6859436,44.418792724609375,5196.7607
2011-08-13,6.8578186,5.4203186,19.012451,0.0,,0.58816296,0.84429336,0.5358813,90.55856,6.8578186,45.051605224609375,5377.049
2011-08-14,5.9828186,4.9203186,12.756348,0.0,,0.3516471,0.9907338,0.13581806,92.894295,5.9828186,44.715667724609375,5242.4336
2011-08-15,6.0609436,5.225006,11.772156,0.0,,0.3017827,0.926299,0.37678933,94.37429,6.0609436,43.996917724609375,5254.4526
2011-08-16,6.4671936,5.787506,16.38794,0.0,,0.73243505,0.71998703,0.6939875,95.41867,6.4671936,43.809417724609375,5316.9526
2011-08-17,6.2484436,5.787506,19.424438,0.0,,0.6972829,0.72337145,0.6904591,96.867035,6.2484436,43.364105224609375,5283.299
2011-08-18,5.9203186,5.2640686,19.195557,0.0,,0.48935795,0.94890755,0.31555417,95.55445,5.9203186,43.223480224609375,5232.8184
2011-08-19,4.881256,4.443756,27.999878,0.0,,0.35735416,0.64219815,0.7665387,96.99178,4.881256,42.418792724609375,5072.9624
2011-08-20,5.5921936,4.7484436,8.392334,0.0,,0.21647665,0.5543097,0.83231044,94.30222,5.5921936,41.153167724609375,5182.3374
2011-08-21,6.787506,5.3734436,7.873535,0.0,,0.33669722,0.565944,0.8244437,90.70095,6.787506,41.957855224609375,5366.2314
2011-08-22,7.2328186,6.5921936,26.428223,0.0,,0.29871693,0.6235981,0.78174514,95.70272,7.2328186,43.129730224609375,5434.741
2011-08-23,5.881256,5.162506,32.37915,0.0,,0.2729679,-0.9883044,-0.15249406,95.13884,5.881256,42.543792724609375,5226.8086
2011-08-24,6.7640686,5.881256,16.906738,0.0,,0.21553154,0.74590755,0.6660495,94.099686,6.7640686,43.059417724609375,5362.626
2011-08-25,6.5296936,5.6703186,19.77539,0.0,,0.24037579,0.7739347,0.63326544,94.24176,6.5296936,43.668792724609375,5326.5684
2011-08-26,6.3265686,5.3890686,22.323608,0.0,,0.56434417,0.7549035,0.65583587,93.72321,6.3265686,45.114105224609375,5295.3184
2011-08-27,6.1234436,4.7796936,9.475708,0.0,,0.61029345,0.68846554,0.725269,91.09938,6.1234436,45.645355224609375,5264.0684
2011-08-28,6.225006,5.3421936,10.612488,0.0,,0.57005084,0.71222746,0.70194876,94.07487,6.225006,45.082855224609375,5279.6934
2011-08-29,6.256256,5.1078186,9.780884,0.0,,0.6314979,0.70439535,0.7098078,92.35576,6.256256,44.106292724609375,5284.501
2011-08-30,6.693756,5.818756,13.069153,0.0,,0.5908668,0.76068395,0.6491224,94.147316,6.693756,44.918792724609375,5351.8086
2011-08-31,6.600006,5.725006,24.032593,0.0,,0.5079419,0.57581484,0.81758016,94.14305,6.600006,44.754730224609375,5337.3857
2012-06-01,6.0140686,4.318756,22.644043,0.0,,0.35890132,0.86799186,0.49657837,88.88038,6.0140686,6.014068603515625,5247.241
2012-06-02,4.756256,3.287506,9.056091,0.0,,0.2629456,0.864418,0.50277376,90.20607,4.756256,10.77032470703125,5053.7314
2012-06-03,3.6078186,1.2796936,4.6310425,0.0,,0.42482638,0.86949587,0.49394023,84.74766,3.6078186,14.378143310546875,4877.049
2012-06-04,2.9046936,-1.0953064,1.5926361,0.0,,0.20303245,0.43078524,0.90245444,74.980095,2.9046936,17.2828369140625,4768.876
2012-06-05,2.9984436,0.2484436,4.257202,0.0,,0.23684822,0.20757519,0.9782191,82.135864,2.9984436,20.281280517578125,4783.299
2012-06-06,3.3265686,0.3500061,3.1490326,0.0,,0.18778247,-0.4660947,0.8847348,80.84501,3.3265686,23.60784912109375,4833.78
2012-06-07,4.162506,2.037506,4.9209595,0.0,,0.13704306,-0.56473184,0.82527447,86.04943,4.162506,27.770355224609375,4962.3857
2012-06-08,4.8421936,2.2328186,1.9874573,0.0,,0.282675,0.5311629,0.8472697,83.20659,4.8421936,26.598480224609375,5066.9526
2012-06-09,4.7484436,1.8109436,1.8138885,0.0,,0.43736675,0.5071299,0.86186963,81.269714,4.7484436,26.590667724609375,5052.53
2012-06-10,4.5765686,2.037506,2.8266907,0.0,,0.62566614,0.7253987,0.68832886,83.59183,4.5765686,27.559417724609375,5026.0874
2012-06-11,5.0140686,2.631256,2.538681,0.0,,0.30596355,0.4340795,0.90087456,84.57828,5.0140686,29.668792724609375,5093.395
2012-06-12,5.287506,2.8890686,3.0117035,0.0,,0.34758812,0.35312393,0.93557656,84.51604,5.287506,31.957855224609375,5135.4624
2012-06-13,6.7484436,4.943756,6.9999695,0.0,,0.42521828,0.45157185,0.89223474,88.26737,6.7484436,35.379730224609375,5360.222
2012-06-14,7.6859436,5.475006,5.302429,0.0,,0.57337993,0.52074367,0.8537131,85.8992,7.6859436,38.903167724609375,5504.453
2012-06-15,7.631256,6.0140686,7.4310303,0.0,,0.545881,0.48123187,0.87659335,89.49739,7.631256,41.692230224609375,5496.0396
2012-06-16,7.7171936,6.006256,8.895874,0.0,,0.5586938,0.6799481,0.7332602,88.9268,7.7171936,44.660980224609375,5509.2607
2012-06-17,7.4046936,6.318756,18.28003,0.0,,0.77905595,0.84048545,0.5418342,92.82204,7.4046936,47.489105224609375,5461.1836
2012-06-18,6.131256,5.381256,17.410278,0.0,,0.16844475,0.036098644,0.9993482,94.942215,6.131256,48.606292724609375,5265.27
2012-06-19,6.600006,5.6078186,9.460449,0.0,,0.38331828,0.57003766,0.82161856,93.382126,6.600006,49.918792724609375,5337.3857
2012-06-20,7.3421936,6.225006,12.176514,0.0,,0.42100847,0.66166,0.749804,92.61885,7.3421936,50.512542724609375,5451.5684
2012-06-21,7.3578186,6.4359436,17.700195,0.0,,0.49901897,0.6409059,0.76761943,93.87417,7.3578186,50.184417724609375,5453.972
2012-06-22,7.350006,6.5765686,15.296936,0.0,,0.5104056,0.5773403,0.81650364,94.83724,7.350006,49.903167724609375,5452.77
2012-06-23,7.412506,6.6703186,20.004272,0.0,,0.65324557,0.7388737,0.6738439,95.043594,7.412506,49.598480224609375,5462.3857
2012-06-24,6.2171936,5.4828186,22.567749,0.0,,0.28167537,0.74236685,0.66999364,95.04858,6.2171936,48.410980224609375,5278.491
2012-06-25,6.350006,5.7328186,44.21997,0.0,,0.82845074,0.9736736,0.22794686,95.828224,6.350006,48.629730224609375,5298.924
2012-06-26,5.4203186,4.4671936,13.679504,0.0,,0.83316696,0.85798377,0.51367676,93.57645,5.4203186,47.450042724609375,5155.895
2012-06-27,5.412506,4.5453186,6.67572,0.0,,0.38158125,0.67372304,0.7389839,94.1399,5.412506,45.520355224609375,5154.6934
2012-06-28,6.2484436,5.4359436,13.35907,0.0,,0.3395101,0.7158609,0.69824296,94.53614,6.2484436,44.410980224609375,5283.299
2012-06-29,6.8265686,5.8421936,14.129639,0.0,,0.25620508,0.5955693,0.8033039,93.444214,6.8265686,43.887542724609375,5372.241
2012-06-30,7.381256,6.2953186,7.7400208,0.0,,0.3864508,0.8010601,0.59858394,92.82074,7.381256,43.856292724609375,5457.578
2012-07-01,7.100006,6.3578186,13.305664,0.0,,0.47358304,0.7877117,0.6160441,95.0315,7.100006,44.739105224609375,5414.3086
2012-07-02,7.3578186,6.4515686,11.062622,0.0,,0.48297125,0.6606848,0.7506634,93.97517,7.3578186,45.746917724609375,5453.972
2012-07-03,7.068756,6.3890686,15.945435,0.0,,0.5181205,0.6036127,0.7972777,95.4402,7.068756,47.395355224609375,5409.501
2012-07-04,6.6078186,5.975006,20.141602,0.0,,0.52846706,0.59918666,0.8006094,95.73328,6.6078186,48.590667724609375,5338.5874
2012-07-05,6.9671936,6.1234436,19.195557,0.0,,0.3842499,0.92382705,0.3828101,94.36304,6.9671936,49.309417724609375,5393.876
2012-07-06,6.4984436,5.5609436,19.424438,0.0,,0.4904071,0.9503623,0.31114537,93.7316,6.4984436,48.981292724609375,5321.7607
2012-07-07,6.0921936,5.4046936,12.199402,0.0,,0.44524518,0.9272235,0.37450838,95.35347,6.0921936,47.692230224609375,5259.2607
2012-07-08,6.6234436,5.5296936,10.429382,0.0,,0.2846231,0.69565,0.71838087,92.72838,6.6234436,47.215667724609375,5340.991
2012-07-09,7.1234436,5.9046936,11.054993,0.0,,0.4117115,0.7791883,0.62679,91.95884,7.1234436,46.981292724609375,5417.9146
2012-07-10,7.0609436,6.1703186,11.001587,0.0,,0.47673362,0.64269954,0.76611835,94.06259,7.0609436,46.973480224609375,5408.299
2012-07-11,7.2953186,6.5140686,14.686584,0.0,,0.57452184,0.689687,0.7241076,94.784096,7.2953186,47.660980224609375,5444.3564
2012-07-12,7.4203186,6.975006,15.457153,0.0,,0.67799133,0.83901906,0.544102,96.99967,7.4203186,48.114105224609375,5463.5874
2012-07-13,6.9359436,6.2796936,47.51587,0.0,,0.24606176,0.9862393,0.1653241,95.589745,6.9359436,48.551605224609375,5389.0684
2012-07-14,6.975006,6.162506,11.512756,0.0,,0.53314096,0.80687064,0.5907282,94.56702,6.975006,49.434417724609375,5395.078
2012-07-15,6.225006,5.1859436,43.518066,0.0,,0.18321438,0.4820467,-0.87614554,93.05914,6.225006,49.035980224609375,5279.6934
2012-07-16,5.475006,4.600006,9.971619,0.0,,0.2430832,-0.8069953,-0.59055793,94.091415,5.475006,47.387542724609375,5164.3086
2012-07-17,6.225006,5.4359436,6.591797,0.0,,0.33491182,-0.95786643,-0.2872141,94.689,6.225006,46.551605224609375,5279.6934
2012-07-18,7.4828186,6.6546936,25.161743,0.0,,0.07328056,0.60551614,0.79583305,94.48697,7.4828186,46.739105224609375,5473.203
2012-07-19,6.7484436,5.5296936,35.858154,0.0,,0.24816494,0.11276613,-0.9936215,91.93562,6.7484436,46.067230224609375,5360.222
2012-07-20,6.9359436,6.2171936,10.681152,0.0,,0.46927714,0.8917055,0.45261598,95.178825,6.9359436,46.067230224609375,5389.0684
2012-07-21,7.2953186,6.3578186,9.963989,0.0,,0.3151639,0.40552744,0.9140829,93.77025,7.2953186,46.387542724609375,5444.3564
2012-07-22,8.029694,7.2953186,18.76831,0.0,,0.41788897,0.6221982,0.78285974,95.11814,8.029694,48.192230224609375,5557.3374
2012-07-23,8.014069,7.4359436,19.638062,0.0,,0.5235056,0.6724871,0.74010885,96.13836,8.014069,50.731292724609375,5554.9336
2012-07-24,7.6546936,6.881256,26.992798,0.0,,0.6328261,0.8934994,0.44906446,94.84947,7.6546936,52.160980224609375,5499.645
2012-07-25,7.0609436,6.350006,16.479492,0.0,,0.6590178,0.73647714,0.6764624,95.23476,7.0609436,51.739105224609375,5408.299
2012-07-26,7.5140686,6.7171936,22.583008,0.0,,0.5753007,0.66159356,0.7498626,94.69132,7.5140686,52.504730224609375,5478.0107
2012-07-27,7.2015686,6.600006,33.843994,0.0,,0.6797318,0.72588664,0.68781435,95.959015,7.2015686,52.770355224609375,5429.9336
2012-07-28,7.2796936,6.6703186,19.500732,0.0,,0.65478677,0.7225933,0.69127345,95.91,7.2796936,52.754730224609375,5441.953
2012-07-29,7.3421936,6.9046936,21.865845,0.0,,0.82796407,0.774325,0.63278806,97.049805,7.3421936,52.067230224609375,5451.5684
2012-07-30,7.443756,6.8109436,16.021729,0.0,,0.6632661,0.6783871,0.7347047,95.76113,7.443756,51.496917724609375,5467.1934
2012-07-31,7.7796936,7.100006,18.997192,0.0,,0.61976916,0.61688167,0.7870559,95.465454,7.7796936,51.621917724609375,5518.876
2012-08-01,7.9984436,7.5453186,17.944336,0.0,,0.5032268,0.5967348,0.8024385,96.961586,7.9984436,52.559417724609375,5552.53
2012-08-02,7.9359436,7.443756,35.91919,0.0,,0.5721627,0.7842707,0.6204188,96.7019,7.9359436,52.981292724609375,5542.9146
2012-08-03,6.0453186,5.443756,32.74536,0.0,,0.21532999,0.57030016,0.82143635,95.92214,6.0453186,51.825042724609375,5252.049
2012-08-04,6.3421936,5.6390686,8.18634,0.0,,0.49208587,0.54723597,0.8369784,95.25942,6.3421936,50.887542724609375,5297.722
2012-08-05,6.8265686,5.600006,9.399414,0.0,,0.43794262,0.6238109,0.7815753,91.89071,6.8265686,50.371917724609375,5372.241
2012-08-06,6.8734436,5.5609436,11.047363,0.0,,0.3695128,0.6501382,0.759816,91.34809,6.8734436,49.801605224609375,5379.453
2012-08-07,7.2015686,5.9046936,9.796143,0.0,,0.392571,0.7046148,0.70959,91.46856,7.2015686,49.223480224609375,5429.9336
2012-08-08,6.943756,6.068756,19.241333,0.0,,0.644953,0.81386137,0.58105916,94.15869,6.943756,48.168792724609375,5390.27
2012-08-09,6.1390686,5.1390686,12.084961,0.0,,0.3439806,0.5571546,0.8304088,93.30769,6.1390686,46.371917724609375,5266.472
2012-08-10,6.5296936,4.8109436,6.298065,0.0,,0.38440374,0.55572575,0.8313657,88.77859,6.5296936,46.856292724609375,5326.5684
2012-08-11,6.4828186,5.600006,13.961792,0.0,,0.59036386,0.6314796,0.7753925,94.08676,6.4828186,46.996917724609375,5319.3564
2012-08-12,6.1390686,5.0765686,13.717651,0.0,,0.61281693,0.78562665,0.6187009,92.90289,6.1390686,46.309417724609375,5266.472
2012-08-13,6.0765686,5.162506,10.520935,0.0,,0.4171571,0.840417,0.5419402,93.86385,6.0765686,45.512542724609375,5256.8564
2012-08-14,6.568756,5.381256,8.979797,0.0,,0.25221327,0.6403272,0.7681022,92.1241,6.568756,44.879730224609375,5332.5776
2012-08-15,6.8890686,5.5453186,6.8626404,0.0,,0.38293058,0.60823077,0.79376024,91.15149,6.8890686,44.825042724609375,5381.8564
2012-08-16,7.6390686,6.1859436,9.414673,0.0,,0.42312557,0.7056628,0.70854783,90.51705,7.6390686,46.325042724609375,5497.241
2012-08-17,7.6234436,6.6859436,25.177002,0.0,,0.5725802,0.6920257,0.7218728,93.78606,7.6234436,47.418792724609375,5494.8374
2012-08-18,7.3890686,6.7171936,18.203735,0.0,,0.4129788,0.34612995,0.9381866,95.50284,7.3890686,48.325042724609375,5458.78
2012-08-19,7.2484436,6.3109436,13.076782,0.0,,0.5646223,0.5871943,0.80944604,93.76798,7.2484436,49.434417724609375,5437.145
2012-08-20,6.100006,5.287506,13.893127,0.0,,0.42146325,0.42083898,0.90713537,94.52979,6.100006,49.457855224609375,5260.4624
2012-08-21,6.7328186,5.756256,14.297485,0.0,,0.5581852,0.7466125,0.66525924,93.489975,6.7328186,49.621917724609375,5357.8184
2012-08-22,5.943756,5.2015686,19.699097,0.0,,0.45218307,0.91083735,0.41276538,94.98636,5.943756,48.676605224609375,5236.424
2012-08-23,5.1703186,4.568756,11.276245,0.0,,0.07589623,-0.89587003,0.44431618,95.893906,5.1703186,46.207855224609375,5117.4336
2012-08-24,6.4046936,5.3421936,12.046814,0.0,,0.3576747,0.8375223,0.5464031,92.91748,6.4046936,44.989105224609375,5307.3374
2012-08-25,6.1390686,5.287506,11.657715,0.0,,0.5227395,0.688418,0.7253142,94.27535,6.1390686,43.739105224609375,5266.472
2012-08-26,6.2796936,5.256256,11.299133,0.0,,0.60709804,0.73873794,0.6739928,93.16318,6.2796936,42.770355224609375,5288.1064
2012-08-27,6.3734436,5.3734436,9.757996,0.0,,0.52329266,0.7390105,0.67369395,93.31986,6.3734436,43.043792724609375,5302.53
2012-08-28,6.756256,5.5765686,8.895874,0.0,,0.41598046,0.7805824,0.6250528,92.18536,6.756256,43.067230224609375,5361.424
2012-08-29,6.537506,5.131256,9.124756,0.0,,0.36631712,0.68580115,0.727789,90.73245,6.537506,43.660980224609375,5327.77
2012-08-30,6.4359436,5.225006,7.610321,0.0,,0.31589356,0.6240822,0.78135866,91.966125,6.4359436,44.926605224609375,5312.145
2012-08-31,6.7953186,5.600006,11.070251,0.0,,0.40207493,0.612363,0.7905767,92.087975,6.7953186,45.317230224609375,5367.4336
2013-06-01,3.1390686,1.9437561,10.826111,0.0,,0.14440301,-0.33877185,-0.94086856,91.86055,3.1390686,3.139068603515625,4804.9336
2013-06-02,3.2953186,1.8187561,2.4967194,0.0,,0.19890758,-0.9991095,-0.042192135,90.044914,3.2953186,6.43438720703125,4828.972
2013-06-03,3.975006,2.1078186,1.4810562,0.0,,0.2182412,-0.9995347,0.03050136,87.62692,3.975006,10.409393310546875,4933.5396
2013-06-04,4.256256,2.381256,2.8038025,0.0,,0.2505127,-0.95994544,-0.28018707,87.604645,4.256256,14.6656494140625,4976.8086
2013-06-05,5.9046936,4.2640686,10.986328,0.0,,0.16498317,0.82942295,0.5586211,89.212265,5.9046936,20.570343017578125,5230.4146
2013-06-06,5.912506,5.193756,10.215759,0.0,,0.35206527,0.88276535,0.46981418,95.14003,5.912506,26.48284912109375,5231.616
2013-06-07,5.725006,4.4984436,8.743286,0.0,,0.11450863,0.3765772,0.9263852,91.821594,5.725006,32.207855224609375,5202.77
2013-06-08,5.9984436,4.7015686,11.054993,0.0,,0.11363528,-0.77613044,0.6305724,91.38938,5.9984436,35.067230224609375,5244.8374
2013-06-09,7.412506,5.3265686,10.726929,0.0,,0.10654942,-0.99501306,0.09974479,86.619545,7.412506,39.184417724609375,5462.3857
2013-06-10,7.8421936,5.850006,26.351929,0.0,,0.0031934716,0.96697193,0.2548828,87.226166,7.8421936,43.051605224609375,5528.491
2013-06-11,6.6390686,5.4515686,10.261536,0.0,,0.4745286,0.5788022,0.81546795,92.12836,6.6390686,45.434417724609375,5343.395
2013-06-12,6.1546936,4.9046936,9.925842,0.0,,0.50933444,0.63942975,0.76884955,91.6988,6.1546936,45.684417724609375,5268.876
2013-06-13,5.256256,4.3421936,13.130188,0.0,,0.55330527,0.61729527,0.78673154,93.82445,5.256256,45.028167724609375,5130.655
2013-06-14,5.600006,4.100006,10.665894,0.0,,0.5874697,0.72394025,0.68986267,90.07167,5.600006,44.903167724609375,5183.5396
2013-06-15,4.912506,4.1390686,17.242432,0.0,,0.593514,0.9740713,0.22624119,94.73781,4.912506,43.817230224609375,5077.77
2013-06-16,4.4359436,3.7328186,24.093628,0.0,,0.4349881,0.9962332,-0.08671435,95.1878,4.4359436,40.840667724609375,5004.4526
2013-06-17,5.006256,4.4046936,19.927979,0.0,,0.6298982,0.8767228,0.48099595,95.88858,5.006256,38.004730224609375,5092.1934
2013-06-18,4.8421936,3.725006,18.951416,0.0,,0.29490542,0.65856326,0.7525254,92.474655,4.8421936,36.207855224609375,5066.9526
2013-06-19,4.4046936,3.4671936,17.196655,0.0,,0.43560806,-0.8462937,-0.53271663,93.62834,4.4046936,34.457855224609375,4999.645
2013-06-20,5.4359436,4.4984436,5.8288574,0.0,,0.3197278,-0.99801075,0.063043796,93.67951,5.4359436,34.637542724609375,5158.299
2013-06-21,6.9984436,6.1390686,21.087646,0.0,,0.18887793,0.28307596,0.9590975,94.26274,6.9984436,36.035980224609375,5398.6836
2013-06-22,7.0765686,6.3109436,18.859863,0.0,,0.25450024,0.5587889,0.82930994,94.87728,7.0765686,38.200042724609375,5410.703
2013-06-23,7.1703186,6.4828186,15.205383,0.0,,0.52386147,0.5909393,0.806716,95.39254,7.1703186,40.934417724609375,5425.126
2013-06-24,7.037506,6.3578186,16.63208,0.0,,0.5282994,0.6867185,0.7269234,95.43909,7.037506,42.965667724609375,5404.6934
2013-06-25,7.5921936,6.5140686,11.688232,0.0,,0.46807158,0.6201684,0.7844687,92.8823,7.5921936,45.715667724609375,5490.03
2013-06-26,7.5296936,6.3890686,12.176514,0.0,,0.487075,0.7869441,0.6170243,92.48015,7.5296936,48.840667724609375,5480.4146
2013-06-27,7.4828186,6.8265686,18.432617,0.0,,0.74781054,0.92130935,0.38883045,95.608574,7.4828186,50.887542724609375,5473.203
2013-06-28,7.350006,6.3734436,21.896362,0.0,,0.49086902,0.9151499,0.4031136,93.52103,7.350006,51.239105224609375,5452.77
2013-06-29,7.6859436,6.7328186,12.59613,0.0,,0.47961858,0.82819307,0.56044286,93.68851,7.6859436,51.848480224609375,5504.453
2013-06-30,7.6078186,6.7796936,12.687683,0.0,,0.43369052,0.69804245,0.7160564,94.492325,7.6078186,52.285980224609375,5492.4336
2013-07-01,7.6859436,6.7796936,12.6953125,0.0,,0.46956816,0.7445338,0.6675847,93.99048,7.6859436,52.934417724609375,5504.453
2013-07-02,7.631256,6.8421936,13.999939,0.0,,0.5102378,0.75600475,0.6545661,94.746925,7.631256,52.973480224609375,5496.0396
2013-07-03,7.631256,6.7328186,15.762329,0.0,,0.6043117,0.749012,0.66255647,94.03836,7.631256,53.075042724609375,5496.0396
2013-07-04,7.7015686,7.1390686,47.27173,0.0,,0.5053992,0.67677397,0.73619086,96.231766,7.7015686,53.293792724609375,5506.8564
2013-07-05,6.6703186,6.1546936,36.315918,0.0,,0.009954117,0.88678974,-0.46217304,96.51277,6.6703186,52.614105224609375,5348.203
2013-07-06,6.4203186,5.818756,30.715942,0.0,,0.23991264,0.6314351,0.7754287,95.93415,6.4203186,51.348480224609375,5309.741
2013-07-07,6.4046936,5.850006,31.921387,0.0,,0.42863342,0.5325564,0.8463945,96.24518,6.4046936,50.145355224609375,5307.3374
2013-07-08,6.4671936,6.006256,29.968262,0.0,,0.51076794,0.793937,0.608,96.87245,6.4671936,48.926605224609375,5316.9526
2013-07-09,6.3578186,5.8421936,29.541016,0.0,,0.5525593,0.75156313,0.6596612,96.50417,6.3578186,47.653167724609375,5300.126
2013-07-10,6.3109436,5.9359436,18.081665,0.0,,0.44517663,0.7738107,0.63341695,97.44575,6.3109436,46.332855224609375,5292.9146
2013-07-11,6.8109436,6.2015686,13.8168335,0.0,,0.5122264,0.76307887,0.6463053,95.894936,6.8109436,45.442230224609375,5369.8374
2013-07-12,7.131256,6.4828186,18.478394,0.0,,0.64382136,0.6446494,0.7644784,95.64788,7.131256,45.903167724609375,5419.116
2013-07-13,6.4671936,5.8421936,27.191162,0.0,,0.2003281,-0.078682564,0.9968997,95.780304,6.4671936,45.950042724609375,5316.9526
2013-07-14,7.4359436,6.6234436,15.556335,0.0,,0.36965325,0.6558353,0.75490403,94.58648,7.4359436,46.981292724609375,5465.991
2013-07-15,7.506256,6.881256,23.132324,0.0,,0.53698343,0.7442655,0.6678839,95.81453,7.506256,48.020355224609375,5476.8086
2013-07-16,7.537506,6.7796936,20.553589,0.0,,0.6864742,0.69599587,0.7180458,94.94655,7.537506,49.200042724609375,5481.616
2013-07-17,7.006256,6.4984436,24.459839,0.0,,0.5718081,0.523883,0.85179025,96.57387,7.006256,49.895355224609375,5399.8857
2013-07-18,7.537506,7.0296936,26.794434,0.0,,0.63409996,0.7018899,0.71228546,96.58814,7.537506,50.621917724609375,5481.616
2013-07-19,6.7796936,6.287506,31.143188,0.0,,0.5199732,0.9155745,0.40214846,96.67179,6.7796936,50.270355224609375,5365.03
2013-07-20,6.5765686,6.0140686,13.496399,0.0,,0.49054584,0.5648802,0.82517296,96.19834,6.5765686,50.379730224609375,5333.78
2013-07-21,7.381256,6.3578186,33.203125,0.0,,0.47596434,0.71247214,0.7017004,93.22123,7.381256,50.325042724609375,5457.578
2013-07-22,5.662506,4.7796936,39.82544,0.0,,0.18832907,-0.99041235,-0.13814242,94.04881,5.662506,48.481292724609375,5193.155
2013-07-23,6.350006,5.787506,12.023926,0.0,,0.2941469,0.36436805,0.93125504,96.19156,6.350006,47.293792724609375,5298.924
2013-07-24,6.412506,5.8734436,21.499634,0.0,,0.58080804,0.6700323,0.7423319,96.34944,6.412506,46.700042724609375,5308.5396
2013-07-25,6.4828186,5.8421936,15.884399,0.0,,0.5482909,0.71066004,0.7035356,95.67738,6.4828186,45.645355224609375,5319.3564
2013-07-26,7.006256,6.1546936,10.749817,0.0,,0.43628252,0.58757263,0.80917144,94.3139,7.006256,45.871917724609375,5399.8857
2013-07-27,7.4671936,6.3890686,20.935059,0.0,,0.35974982,0.4977824,0.86730194,92.87544,7.4671936,46.762542724609375,5470.799
2013-07-28,7.4359436,6.4515686,24.429321,0.0,,0.1340036,0.32543617,0.94556403,93.475075,7.4359436,46.817230224609375,5465.991
2013-07-29,7.818756,6.5296936,24.230957,0.0,,0.25664634,0.48467338,0.8746952,91.55794,7.818756,48.973480224609375,5524.8857
2013-07-30,7.5140686,6.350006,13.763428,0.0,,0.30582237,0.50932086,0.8605767,92.3301,7.5140686,50.137542724609375,5478.0107
2013-07-31,7.0453186,6.1234436,18.615723,0.0,,0.5737457,0.58083564,0.8140209,93.85931,7.0453186,50.770355224609375,5405.895
2013-08-01,6.5609436,5.7640686,29.724121,0.0,,0.41993585,0.48312345,0.87555224,94.65174,6.5609436,50.848480224609375,5331.376
2013-08-02,6.225006,5.5921936,17.608643,0.0,,0.2226029,0.062480703,0.99804616,95.72043,6.225006,50.067230224609375,5279.6934
2013-08-03,6.568756,5.5140686,10.513306,0.0,,0.3507109,0.64148444,0.76713604,92.97683,6.568756,49.168792724609375,5332.5776
2013-08-04,6.9203186,5.7484436,11.253357,0.0,,0.42127794,0.6392148,0.7690282,92.245094,6.9203186,48.653167724609375,5386.6646
2013-08-05,6.850006,5.7015686,15.136719,0.0,,0.64382255,0.8114984,0.58435464,92.3907,6.850006,47.684417724609375,5375.847
2013-08-06,6.6859436,6.287506,17.211914,0.0,,0.6973164,0.68902546,0.7247371,97.296074,6.6859436,46.856292724609375,5350.6064
2013-08-07,7.037506,6.4828186,21.1792,0.0,,0.4361916,0.7600857,0.64982283,96.26382,7.037506,46.848480224609375,5404.6934
2013-08-08,6.7328186,6.0609436,21.530151,0.0,,0.42961785,0.73875606,0.6739729,95.479675,6.7328186,47.020355224609375,5357.8184
2013-08-09,6.0296936,5.2015686,16.51001,0.0,,0.16759731,0.51968116,0.8543603,94.42418,6.0296936,46.825042724609375,5249.645
2013-08-10,6.1703186,5.662506,26.168823,0.0,,0.2882712,0.8515711,0.5242392,96.55122,6.1703186,46.426605224609375,5271.28
2013-08-11,6.7484436,5.881256,15.098572,0.0,,0.32689184,0.6508836,0.7591775,94.200676,6.7484436,46.254730224609375,5360.222
2013-08-12,6.4828186,5.9046936,23.010254,0.0,,0.41190583,0.70947367,0.70473194,96.091705,6.4828186,45.887542724609375,5319.3564
2013-08-13,6.037506,5.006256,12.031555,0.0,,0.5099444,0.6697843,0.74255574,93.09966,6.037506,45.239105224609375,5250.847
2013-08-14,6.100006,4.9203186,9.742737,0.0,,0.4748887,0.78091896,0.6246323,92.14571,6.100006,44.301605224609375,5260.4624
2013-08-15,5.9671936,5.0296936,10.620117,0.0,,0.29719108,0.7537205,0.65719503,93.705635,5.9671936,43.535980224609375,5240.03
2013-08-16,6.3578186,4.9984436,8.979797,0.0,,0.44986898,0.67945135,0.7337206,91.01632,6.3578186,43.864105224609375,5300.126
2013-08-17,6.381256,5.2484436,9.315491,0.0,,0.45950413,0.82884866,0.55947286,92.46348,6.381256,44.075042724609375,5303.7314
2013-08-18,5.9828186,5.162506,14.49585,0.0,,0.45632207,0.49970698,0.8661945,94.47345,5.9828186,43.309417724609375,5242.4336
2013-08-19,6.162506,5.225006,10.9939575,0.0,,0.4438359,0.46755913,0.8839618,93.7152,6.162506,42.989105224609375,5270.0776
2013-08-20,6.0140686,4.8265686,9.925842,0.0,,0.34442973,0.42954832,0.90304387,92.09032,6.0140686,42.965667724609375,5247.241
2013-08-21,5.9984436,4.7484436,11.665344,0.0,,0.44720405,0.54483485,0.83854336,91.6888,5.9984436,42.864105224609375,5244.8374
2013-08-22,6.3890686,5.4828186,10.604858,0.0,,0.2787448,0.5933932,0.8049127,93.92965,6.3890686,43.285980224609375,5304.9336
2013-08-23,6.506256,5.4984436,9.712219,0.0,,0.20883185,0.5480051,0.836475,93.2762,6.506256,43.434417724609375,5322.9624
2013-08-24,6.9984436,5.6078186,8.033752,0.0,,0.4085773,0.55600953,0.8311759,90.86337,6.9984436,44.051605224609375,5398.6836
2013-08-25,7.2796936,6.4203186,15.060425,0.0,,0.62247264,0.754614,0.65616894,94.27527,7.2796936,45.348480224609375,5441.953
2013-08-26,6.8578186,6.225006,13.298035,0.0,,0.56691533,0.75449425,0.6563066,95.74164,6.8578186,46.043792724609375,5377.049
2013-08-27,6.1703186,5.5140686,15.327454,0.0,,0.4297681,0.80723494,0.5902302,95.56318,6.1703186,46.200042724609375,5271.28
2013-08-28,6.6703186,5.912506,15.464783,0.0,,0.52764416,0.48167008,0.8763526,94.91225,6.6703186,46.871917724609375,5348.203
2013-08-29,6.6234436,5.850006,13.282776,0.0,,0.47112215,0.70373034,0.71046716,94.80789,6.6234436,47.106292724609375,5340.991
2013-08-30,6.5140686,5.7953186,11.207581,0.0,,0.40717423,0.6805431,0.73270804,95.16289,6.5140686,47.114105224609375,5324.1646
2013-08-31,6.631256,5.756256,10.658264,0.0,,0.47091544,0.6807096,0.73255336,94.14448,6.631256,46.746917724609375,5342.1934
2014-06-01,2.9515686,1.7015686,7.4424744,0.0,,0.23869117,-0.9650406,-0.26210025,91.490204,2.9515686,2.951568603515625,4776.0874
2014-06-02,3.6703186,1.5453186,2.023697,0.0,,0.3289723,-0.9580914,-0.28646266,85.99759,3.6703186,6.62188720703125,4886.6646
2014-06-03,3.6546936,1.7562561,3.5896301,0.0,,0.27097988,-0.8662681,-0.4995794,87.4013,3.6546936,10.276580810546875,4884.2607
2014-06-04,4.0765686,1.3421936,0.6394386,0.0,,0.36300722,-0.9725078,-0.23287052,82.369774,4.0765686,14.3531494140625,4949.1646
2014-06-05,3.9671936,1.6625061,1.7471313,0.0,,0.41293427,-0.9347404,-0.35533136,84.93093,3.9671936,18.320343017578125,4932.3374
2014-06-06,5.0921936,3.1703186,5.9280396,0.0,,0.23012336,-0.9988486,-0.047973137,87.39307,5.0921936,23.41253662109375,5105.4146
2014-06-07,5.4046936,3.9046936,5.1460266,0.0,,0.30235967,-0.97701573,-0.2131671,90.056816,5.4046936,28.817230224609375,5153.491
2014-06-08,5.412506,3.5921936,2.527237,0.0,,0.22306193,-0.99982303,-0.018811708,88.0513,5.412506,31.278167724609375,5154.6934
2014-06-09,5.4046936,3.631256,19.561768,0.0,,0.022457428,-0.27976516,0.96006846,88.3417,5.4046936,33.012542724609375,5153.491
2014-06-10,4.7953186,3.1546936,1.7347336,0.0,,0.13706127,-0.9983916,0.056693852,89.120636,4.7953186,34.153167724609375,5059.741
2014-06-11,4.5765686,2.1859436,1.6450882,0.0,,0.056289807,-0.1557329,0.9877992,84.48092,4.5765686,34.653167724609375,5026.0874
2014-06-12,3.850006,2.2015686,5.706787,0.0,,0.03901693,-0.3904946,0.92060524,88.99213,3.850006,34.535980224609375,4914.3086
2014-06-13,4.2171936,1.5921936,3.522873,0.0,,0.218891,0.7573244,0.65303886,83.035866,4.2171936,33.660980224609375,4970.799
2014-06-14,4.4046936,2.8734436,7.385254,0.0,,0.13298453,0.7274585,0.6861517,89.781296,4.4046936,32.660980224609375,4999.645
2014-06-15,5.4984436,3.0453186,7.4806213,0.0,,0.20723595,-0.99901223,-0.04443569,84.21395,5.4984436,32.746917724609375,5167.9146
2014-06-16,6.8578186,4.6234436,6.5460205,0.0,,0.10927815,0.13509451,0.99083275,85.671844,6.8578186,34.200042724609375,5377.049
2014-06-17,6.9515686,5.3578186,7.1144104,0.0,,0.20192353,0.6066532,0.7949666,89.58883,6.9515686,36.356292724609375,5391.472
2014-06-18,7.131256,5.9203186,12.733459,0.0,,0.63240856,0.6979764,0.7161207,92.00899,7.131256,38.910980224609375,5419.116
2014-06-19,7.1703186,6.4671936,16.525269,0.0,,0.7363372,0.7678951,0.64057565,95.29004,7.1703186,42.231292724609375,5425.126
2014-06-20,6.756256,6.0609436,20.019531,0.0,,0.40322137,0.8973146,0.44139156,95.326164,6.756256,44.770355224609375,5361.424
2014-06-21,6.5765686,5.7796936,13.175964,0.0,,0.31445134,0.25912416,0.96584404,94.65239,6.5765686,46.942230224609375,5333.78
2014-06-22,7.1390686,6.4515686,27.96936,0.0,,0.3372639,0.71556133,0.6985499,95.39141,7.1390686,48.582855224609375,5420.3184
2014-06-23,5.7171936,4.7171936,12.1154785,0.0,,0.044030435,0.033073958,0.9994529,93.28571,5.7171936,47.442230224609375,5201.5684
2014-06-24,5.4203186,3.412506,1.4152527,0.0,,0.23914123,0.51096326,0.8596026,86.8962,5.4203186,45.910980224609375,5155.895
2014-06-25,5.631256,4.068756,7.549286,0.0,,0.17718543,0.8012384,0.5983452,89.680084,5.631256,44.410980224609375,5188.347
2014-06-26,6.693756,4.9203186,6.729126,0.0,,0.30275652,0.77413696,0.6330182,88.454926,6.693756,43.934417724609375,5351.8086
2014-06-27,7.131256,5.5765686,10.2005005,0.0,,0.42340967,0.673476,0.7392091,89.84595,7.131256,44.309417724609375,5419.116
2014-06-28,7.0921936,5.537506,6.4735413,0.0,,0.22159016,0.44235924,0.89683795,89.84294,7.0921936,44.825042724609375,5413.1064
2014-06-29,7.2328186,5.850006,9.567261,0.0,,0.236942,0.6166833,0.78721136,90.928825,7.2328186,44.918792724609375,5434.741
2014-06-30,7.0921936,5.4203186,26.824951,0.0,,0.3359564,0.8938451,0.4483759,89.11568,7.0921936,46.293792724609375,5413.1064
2014-07-01,6.0921936,5.0296936,12.870789,0.0,,0.28057304,0.27474985,0.9615157,92.900314,6.0921936,46.965667724609375,5259.2607
2014-07-02,6.7953186,5.943756,13.504028,0.0,,0.48772925,0.5411117,0.8409507,94.304565,6.7953186,48.129730224609375,5367.4336
2014-07-03,7.0296936,6.193756,12.9852295,0.0,,0.49400097,0.6765746,0.7363741,94.416626,7.0296936,48.465667724609375,5403.491
2014-07-04,7.3578186,6.287506,12.145996,0.0,,0.4603291,0.77220577,0.6353725,92.91944,7.3578186,48.692230224609375,5453.972
2014-07-05,7.662506,6.5140686,18.676758,0.0,,0.30987006,0.78236544,0.6228196,92.43814,7.662506,49.262542724609375,5500.847
2014-07-06,7.2171936,6.287506,13.031006,0.0,,0.39299276,0.9175632,0.39758995,93.81696,7.2171936,49.246917724609375,5432.3374
2014-07-07,7.0921936,6.2015686,9.223938,0.0,,0.4588575,0.8981206,0.43974927,94.06404,7.0921936,49.246917724609375,5413.1064
2014-07-08,7.3890686,6.350006,15.602112,0.0,,0.41881275,0.771223,0.636565,93.121376,7.3890686,50.543792724609375,5458.78
2014-07-09,7.693756,6.6546936,18.966675,0.0,,0.29549253,0.8241504,0.566371,93.137535,7.693756,51.442230224609375,5505.655
2014-07-10,8.068756,7.1234436,10.9939575,0.0,,0.47206193,0.61544335,0.7881811,93.75727,8.068756,52.481292724609375,5563.347
2014-07-11,7.6703186,6.975006,16.26587,0.0,,0.6522711,0.6973082,0.7167714,95.35943,7.6703186,52.793792724609375,5502.049
2014-07-12,7.7640686,7.2328186,18.508911,0.0,,0.68150944,0.76733965,0.6412409,96.43952,7.7640686,52.895355224609375,5516.472
2014-07-13,7.8890686,7.1234436,14.289856,0.0,,0.62576616,0.72918427,0.6843174,94.9096,7.8890686,53.567230224609375,5535.703
2014-07-14,7.818756,7.1546936,21.316528,0.0,,0.75758123,0.737983,0.67481935,95.56897,7.818756,54.293792724609375,5524.8857
2014-07-15,6.943756,6.2015686,28.869629,0.0,,0.24285884,0.69263643,0.7212869,95.02543,6.943756,53.848480224609375,5390.27
2014-07-16,6.9671936,5.9046936,19.485474,0.0,,0.31604812,0.4279535,0.9038007,92.948235,6.9671936,53.121917724609375,5393.876
2014-07-17,6.818756,6.1703186,18.341064,0.0,,0.31674895,0.8678872,0.4967613,95.637215,6.818756,51.871917724609375,5371.0396
2014-07-18,7.8421936,6.9203186,24.795532,0.0,,0.6610329,0.91668206,0.39961725,93.8971,7.8421936,52.043792724609375,5528.491
2014-07-19,7.4359436,6.8734436,20.355225,0.0,,0.62757826,0.8363935,0.54812944,96.223915,7.4359436,51.715667724609375,5465.991
2014-07-20,7.600006,6.818756,15.777588,0.0,,0.5908579,0.6135973,0.78961915,94.79645,7.600006,51.426605224609375,5491.2314
2014-07-21,7.756256,6.6078186,10.383606,0.0,,0.41015697,0.5160705,0.8565461,92.44359,7.756256,51.364105224609375,5515.27
2014-07-22,7.756256,6.9671936,24.505615,0.0,,0.5029862,0.5955641,0.8033078,94.75203,7.756256,52.176605224609375,5515.27
2014-07-23,6.850006,6.1390686,36.224365,0.0,,0.29983342,0.39735606,0.9176645,95.2269,6.850006,52.059417724609375,5375.847
2014-07-24,6.475006,5.787506,19.89746,0.0,,0.30747786,0.6181371,0.7860703,95.36739,6.475006,51.715667724609375,5318.155
2014-07-25,6.7953186,6.100006,22.29309,0.0,,0.5549668,0.67747575,0.7355451,95.3276,6.7953186,50.668792724609375,5367.4336
2014-07-26,6.4359436,5.7015686,16.174316,0.0,,0.22924301,0.29393616,0.95582503,95.057045,6.4359436,49.668792724609375,5312.145
2014-07-27,6.6078186,5.8734436,15.838623,0.0,,0.5342317,0.6187697,0.78557247,95.06369,6.6078186,48.676605224609375,5338.5874
2014-07-28,6.4515686,5.881256,14.625549,0.0,,0.6264617,0.6402994,0.7681255,96.14266,6.4515686,47.371917724609375,5314.549
2014-07-29,6.9828186,6.3109436,11.779785,0.0,,0.5852605,0.69955826,0.7145756,95.488525,6.9828186,46.598480224609375,5396.28
2014-07-30,7.2484436,6.4984436,19.515991,0.0,,0.6839753,0.7085331,0.70567757,94.98619,7.2484436,46.996917724609375,5437.145
2014-07-31,7.0609436,6.381256,12.9852295,0.0,,0.6271585,0.65593773,0.754815,95.439926,7.0609436,47.582855224609375,5408.299
2014-08-01,7.6390686,6.9515686,12.09259,0.0,,0.5296853,0.63836914,0.7697303,95.40938,7.6390686,48.426605224609375,5497.241
2014-08-02,7.9046936,6.975006,18.081665,0.0,,0.65542847,0.74460775,0.6675023,93.84979,7.9046936,49.895355224609375,5538.1064
2014-08-03,7.4046936,6.7953186,23.590088,0.0,,0.7580793,0.86181,0.50723124,95.914,7.4046936,50.692230224609375,5461.1836
2014-08-04,7.443756,6.568756,12.1154785,0.0,,0.5885283,0.46668652,0.8844228,94.18134,7.443756,51.684417724609375,5467.1934
2014-08-05,7.5765686,6.4203186,7.675171,0.0,,0.40971315,0.7698794,0.63818944,92.38345,7.5765686,52.278167724609375,5487.626
2014-08-06,7.7640686,6.9984436,9.567261,0.0,,0.45918542,0.79699135,0.6039908,94.90464,7.7640686,52.793792724609375,5516.472
2014-08-07,7.6859436,6.7484436,21.942139,0.0,,0.6723912,0.8089715,0.5878478,93.78906,7.6859436,53.418792724609375,5504.453
2014-08-08,7.1078186,6.5609436,22.262573,0.0,,0.37419948,0.87099993,0.4912831,96.317604,7.1078186,52.887542724609375,5415.5107
2014-08-09,7.5296936,6.6546936,12.237549,0.0,,0.49584016,0.76417017,0.6450147,94.18522,7.5296936,52.512542724609375,5480.4146
2014-08-10,7.7015686,6.725006,10.734558,0.0,,0.41679388,0.67537975,0.73747015,93.53863,7.7015686,52.809417724609375,5506.8564
2014-08-11,7.6390686,6.4984436,7.8201294,0.0,,0.49130702,0.6599107,0.7513441,92.48648,7.6390686,53.004730224609375,5497.241
2014-08-12,8.014069,7.2171936,14.175415,0.0,,0.6055401,0.6849999,0.72854316,94.71191,8.014069,53.442230224609375,5554.9336
2014-08-13,7.7796936,6.9984436,43.273926,0.0,,0.4945286,0.9029472,0.4297515,94.80371,7.7796936,53.457855224609375,5518.876
2014-08-14,6.2484436,5.1234436,68.54248,0.0,,0.21280953,0.15229422,-0.9883352,92.50599,6.2484436,52.020355224609375,5283.299
2014-08-15,4.5453186,3.7484436,32.53174,0.0,,0.3038762,-0.6953613,-0.71866035,94.56659,4.5453186,49.457855224609375,5021.28
2014-08-16,3.8578186,3.2484436,9.048462,0.0,,0.46857274,-0.890962,-0.4540779,95.798134,3.8578186,45.785980224609375,4915.5107
2014-08-17,4.6859436,3.7328186,5.390167,0.0,,0.35577565,-0.89620423,-0.4436417,93.5395,4.6859436,42.770355224609375,5042.9146
2014-08-18,5.3421936,4.3734436,6.164551,0.0,,0.29160827,-0.9510833,-0.3089346,93.47029,5.3421936,40.473480224609375,5143.876
2014-08-19,6.037506,5.350006,8.255005,0.0,,0.20092693,-0.9185942,0.39520213,95.35147,6.037506,38.496917724609375,5250.847
2014-08-20,6.3109436,5.7484436,17.25769,0.0,,0.30902696,0.4961389,0.86824316,96.190384,6.3109436,37.028167724609375,5292.9146
2014-08-21,5.2328186,4.7328186,24.139404,0.0,,0.13324596,-0.91475356,-0.4040123,96.57819,5.2328186,36.012542724609375,5127.049
2014-08-22,5.475006,4.5140686,6.778717,0.0,,0.18008463,0.53109527,0.84731215,93.52811,5.475006,36.942230224609375,5164.3086
2014-08-23,5.7171936,3.9671936,7.583618,0.0,,0.22261505,0.52421975,0.851583,88.51484,5.7171936,38.801605224609375,5201.5684
2014-08-24,6.006256,4.8734436,7.850647,0.0,,0.26536933,0.6329622,0.7741827,92.4416,6.006256,40.121917724609375,5246.0396
2014-08-25,6.193756,4.8265686,5.970001,0.0,,0.30653995,0.6972831,0.7167958,90.955444,6.193756,40.973480224609375,5274.8857
2014-08-26,6.0296936,4.7640686,6.1836243,0.0,,0.26136976,0.7253142,0.688418,91.59092,6.0296936,40.965667724609375,5249.645
2014-08-27,5.8109436,4.6703186,6.1950684,0.0,,0.29177043,0.7865506,0.6175259,92.37976,5.8109436,40.465667724609375,5215.991
2014-08-28,5.5609436,4.787506,10.047913,0.0,,0.4357601,0.44092765,0.89754266,94.764534,5.5609436,40.793792724609375,5177.53
2014-08-29,5.7953186,4.9046936,9.490967,0.0,,0.46991292,0.7102172,0.70398265,94.00379,5.7953186,41.114105224609375,5213.5874
2014-08-30,5.881256,4.631256,8.865356,0.0,,0.34237996,0.6396231,0.7686887,91.68129,5.881256,41.278167724609375,5226.8086
2014-08-31,5.787506,4.537506,12.023926,0.0,,0.43584737,0.6497759,0.7601258,91.67527,5.787506,41.059417724609375,5212.3857
2015-06-01,1.7250061,-2.9078064,0.29110909,0.0,,0.06277717,0.108223684,0.99412656,71.345314,1.7250061,1.725006103515625,4587.3857
2015-06-02,1.8187561,-1.9546814,0.8573532,0.0,,0.23413767,-0.9295871,-0.3686024,76.04726,1.8187561,3.54376220703125,4601.8086
2015-06-03,3.537506,-1.1578064,0.20182133,0.0,,0.13033818,-0.99276006,0.12011456,71.37514,3.537506,7.081268310546875,4866.2314
2015-06-04,4.2015686,1.2875061,2.5939941,0.0,,0.19198808,-0.9937903,-0.111268945,81.33134,4.2015686,11.2828369140625,4968.395
2015-06-05,4.5765686,2.3265686,1.0585785,0.0,,0.23218133,-0.9931497,0.116848856,85.330925,4.5765686,15.859405517578125,5026.0874
2015-06-06,4.381256,1.7640686,0.5478859,0.0,,0.10905313,-0.9408267,0.338888,83.10284,4.381256,20.24066162109375,4996.0396
2015-06-07,3.8734436,0.5687561,0.7004738,0.0,,0.25679508,-0.9925533,-0.121811196,79.030045,3.8734436,24.114105224609375,4917.9146
2015-06-08,4.3734436,1.9750061,2.9850006,0.0,,0.2682149,-0.93572927,0.352719,84.41033,4.3734436,26.762542724609375,4994.8374
2015-06-09,4.7015686,2.162506,1.5478134,0.0,,0.25899833,-0.88607585,0.4635403,83.607025,4.7015686,29.645355224609375,5045.3184
2015-06-10,5.3265686,3.3890686,6.340027,0.0,,0.151667,-0.49579218,0.8684412,87.319084,5.3265686,31.434417724609375,5141.472
2015-06-11,5.256256,4.2171936,50.01831,0.0,,0.19902594,0.5431114,0.83966064,93.00671,5.256256,32.489105224609375,5130.655
2015-06-12,4.412506,3.9828186,63.90381,0.0,,0.41190106,0.98272425,-0.18507573,97.033745,4.412506,32.325042724609375,5000.847
2015-06-13,3.0140686,2.1234436,8.766174,0.0,,0.20592934,0.9460732,0.32395303,93.87149,3.0140686,30.957855224609375,4785.7026
2015-06-14,3.0453186,2.068756,9.567261,0.0,,0.4382406,0.9130749,0.40779185,93.299774,3.0453186,30.129730224609375,4790.5107
2015-06-15,3.2796936,1.9515686,5.2948,0.0,,0.08971803,0.7265602,0.68710285,91.003265,3.2796936,29.035980224609375,4826.5684
2015-06-16,4.4828186,3.1234436,6.23703,0.0,,0.26667,0.62575513,0.7800196,90.88576,4.4828186,28.817230224609375,5011.6646
2015-06-17,5.0921936,3.7640686,4.131317,0.0,,0.10268261,0.22810328,0.9736369,91.12856,5.0921936,28.582855224609375,5105.4146
2015-06-18,4.6703186,3.3421936,5.6533813,0.0,,0.20858742,-0.9995621,-0.029590383,91.09963,4.6703186,27.996917724609375,5040.5107
2015-06-19,4.475006,3.225006,2.7370453,0.0,,0.34746024,-0.94365,-0.33094501,91.59037,4.475006,28.059417724609375,5010.4624
2015-06-20,4.3421936,3.475006,6.591797,0.0,,0.2350854,-0.91233885,-0.40943602,94.09054,4.3421936,29.387542724609375,4990.03
2015-06-21,5.1703186,3.5140686,4.0779114,0.0,,0.17708494,-0.9995314,-0.03061059,89.05364,5.1703186,31.512542724609375,5117.4336
2015-06-22,5.9203186,4.4828186,13.122559,0.0,,0.14798297,-0.32129633,0.9469787,90.49063,5.9203186,34.153167724609375,5232.8184
2015-06-23,5.9671936,4.725006,9.513855,0.0,,0.2737333,-0.6979058,0.71618956,91.73679,5.9671936,35.637542724609375,5240.03
2015-06-24,6.3265686,5.1703186,6.290436,0.0,,0.097161435,0.453234,0.8913916,92.30975,6.3265686,36.871917724609375,5295.3184
2015-06-25,6.5921936,4.881256,6.214142,0.0,,0.19137824,0.8598197,0.5105977,88.832245,6.5921936,38.793792724609375,5336.1836
2015-06-26,6.6703186,5.4359436,15.258789,0.0,,0.65006596,0.82698935,0.56221753,91.83117,6.6703186,40.989105224609375,5348.203
2015-06-27,7.0765686,6.4671936,16.38794,0.0,,0.48551077,0.5828068,0.81261075,95.90348,7.0765686,43.723480224609375,5410.703
2015-06-28,6.5296936,5.818756,24.246216,0.0,,0.69342154,0.9935729,0.11319412,95.21491,6.5296936,45.082855224609375,5326.5684
2015-06-29,6.1546936,5.2328186,11.001587,0.0,,0.43305984,0.94542086,0.32585174,93.816635,6.1546936,45.317230224609375,5268.876
2015-06-30,6.5296936,5.3421936,9.902954,0.0,,0.24422148,0.7952366,0.6062992,92.12173,6.5296936,45.879730224609375,5326.5684
2015-07-01,6.537506,5.0765686,8.056641,0.0,,0.36195853,0.54297155,0.83975106,90.387924,6.537506,46.090667724609375,5327.77
2015-07-02,6.631256,5.131256,8.262634,0.0,,0.2943239,0.635809,0.7718464,90.14959,6.631256,46.129730224609375,5342.1934
2015-07-03,7.2953186,5.7484436,8.613586,0.0,,0.23544893,0.4894241,0.8720459,89.907196,7.2953186,46.754730224609375,5444.3564
2015-07-04,7.5140686,6.2484436,24.810791,0.0,,0.1148922,-0.92860484,0.37107012,91.68626,7.5140686,47.192230224609375,5478.0107
2015-07-05,7.225006,6.0296936,12.908936,0.0,,0.2933014,0.46114305,0.8873258,92.11408,7.225006,47.887542724609375,5433.5396
2015-07-06,6.787506,6.0609436,15.365601,0.0,,0.66087526,0.5526525,0.8334118,95.12192,6.787506,48.520355224609375,5366.2314
2015-07-07,6.5140686,5.662506,12.054443,0.0,,0.6938523,0.61364824,0.7895795,94.29207,6.5140686,48.504730224609375,5324.1646
2015-07-08,6.5453186,5.7015686,9.422302,0.0,,0.38648108,0.35817465,0.9336546,94.34448,6.5453186,48.512542724609375,5328.972
2015-07-09,7.068756,6.1234436,18.753052,0.0,,0.5410347,0.47426125,0.88038415,93.70877,7.068756,48.950042724609375,5409.501
2015-07-10,6.8578186,5.9828186,11.955261,0.0,,0.66598576,0.73353726,0.67964923,94.154785,6.8578186,48.512542724609375,5377.049
2015-07-11,6.5609436,5.631256,9.750366,0.0,,0.3678237,0.9564546,0.29188132,93.785385,6.5609436,47.559417724609375,5331.376
2015-07-12,7.2953186,5.9203186,6.439209,0.0,,0.24005419,0.40502942,0.91430366,90.98227,7.2953186,47.629730224609375,5444.3564
2015-07-13,7.7484436,6.2484436,5.3215027,0.0,,0.23680514,-0.11952888,0.99283075,90.23297,7.7484436,48.590667724609375,5514.0684
2015-07-14,8.514069,7.287506,12.893677,0.0,,0.24720523,0.24961664,0.96834475,91.99494,8.514069,50.590667724609375,5631.8564
2015-07-15,8.576569,7.693756,32.196045,0.0,,0.19982374,0.37875178,0.9254983,94.18202,8.576569,52.621917724609375,5641.472
2015-07-16,7.068756,6.1859436,19.683838,0.0,,0.25472847,0.7125963,0.7015743,94.11365,7.068756,52.621917724609375,5409.501
2015-07-17,6.850006,5.7953186,16.647339,0.0,,0.6536669,0.58265054,0.8127228,92.99209,6.850006,52.614105224609375,5375.847
2015-07-18,6.631256,5.506256,12.702942,0.0,,0.48126113,0.5945479,0.80406016,92.52812,6.631256,52.684417724609375,5342.1934
2015-07-19,6.6859436,5.537506,11.97052,0.0,,0.42677045,0.6601635,0.75112194,92.38107,6.6859436,52.075042724609375,5350.6064
2015-07-20,6.7328186,5.475006,15.960693,0.0,,0.43669635,0.56241703,0.8268537,91.68595,6.7328186,51.059417724609375,5357.8184
2015-07-21,7.0765686,6.1390686,15.777588,0.0,,0.32842585,0.58502907,0.8110123,93.759674,7.0765686,49.621917724609375,5410.703
2015-07-22,6.693756,6.131256,17.410278,0.0,,0.4707054,0.63588905,0.7717805,96.20184,6.693756,47.739105224609375,5351.8086
2015-07-23,6.881256,6.0453186,17.181396,0.0,,0.42368248,0.5116966,0.8591662,94.41017,6.881256,47.551605224609375,5380.655
2015-07-24,6.9984436,6.2484436,29.86145,0.0,,0.3506203,0.7227704,0.69108826,94.9764,6.9984436,47.700042724609375,5398.6836
2015-07-25,6.9359436,5.7171936,27.34375,0.0,,0.46496645,0.68416816,0.7293243,91.94724,6.9359436,48.004730224609375,5389.0684
2015-07-26,6.1546936,4.725006,11.383057,0.0,,0.36107838,0.11595853,0.99325407,90.55703,6.1546936,47.473480224609375,5268.876
2015-07-27,6.3109436,4.4671936,11.161804,0.0,,0.37539786,0.45784757,0.8890307,87.98793,6.3109436,47.051605224609375,5292.9146
2015-07-28,6.6703186,5.6234436,8.827209,0.0,,0.2212653,0.40907967,0.91249865,93.032684,6.6703186,46.645355224609375,5348.203
2015-07-29,7.3109436,5.943756,11.901855,0.0,,0.3866911,0.74247736,0.66987115,91.03248,7.3109436,47.262542724609375,5446.7607
2015-07-30,6.5453186,5.9828186,24.490356,0.0,,0.62021357,0.76602274,0.6428135,96.1974,6.5453186,46.926605224609375,5328.972
2015-07-31,5.7328186,5.287506,16.799927,0.0,,0.5878365,0.5623441,0.82690334,96.95942,5.7328186,45.660980224609375,5203.972
2015-08-01,5.7171936,4.975006,14.610291,0.0,,0.54329365,0.58238536,0.8129128,94.97744,5.7171936,44.442230224609375,5201.5684
2015-08-02,6.1546936,4.9046936,9.0789795,0.0,,0.32955495,0.42004448,0.90750355,91.6988,6.1546936,44.442230224609375,5268.876
2015-08-03,6.9046936,5.725006,13.648987,0.0,,0.3977306,0.6018644,0.7985983,92.1943,6.9046936,45.035980224609375,5384.2607
2015-08-04,7.068756,6.2484436,19.683838,0.0,,0.6185632,0.62834626,0.7779338,94.52007,7.068756,45.434417724609375,5409.501
2015-08-05,7.1078186,6.631256,21.987915,0.0,,0.68617344,0.64826787,0.7614123,96.78425,7.1078186,45.231292724609375,5415.5107
2015-08-06,6.225006,5.7171936,23.391724,0.0,,0.45853457,0.67832434,0.7347626,96.55271,6.225006,44.910980224609375,5279.6934
2015-08-07,6.756256,6.193756,10.986328,0.0,,0.38324478,0.676532,0.73641324,96.203705,6.756256,45.934417724609375,5361.424
2015-08-08,7.4671936,6.7640686,14.556885,0.0,,0.3612507,0.6511531,0.7589464,95.30095,7.4671936,47.684417724609375,5470.799
2015-08-09,8.037506,6.975006,17.288208,0.0,,0.42854476,0.7628242,0.64660597,93.0062,8.037506,49.567230224609375,5558.5396
2015-08-10,7.4984436,6.7171936,22.354126,0.0,,0.5366134,0.8439611,0.5364044,94.792336,7.4984436,50.160980224609375,5475.6064
2015-08-11,6.693756,6.1859436,26.321411,0.0,,0.37029985,0.7054566,0.7087531,96.56542,6.693756,49.785980224609375,5351.8086
2015-08-12,7.162506,6.3109436,14.831543,0.0,,0.64037675,0.6870041,0.7266536,94.320816,7.162506,49.840667724609375,5423.924
2015-08-13,7.2171936,6.7015686,24.154663,0.0,,0.66907644,0.62469506,0.78086877,96.52774,7.2171936,50.832855224609375,5432.3374
2015-08-14,6.881256,6.1859436,16.75415,0.0,,0.36217865,0.5190485,0.8547448,95.330734,6.881256,50.957855224609375,5380.655
2015-08-15,7.2484436,6.1390686,9.384155,0.0,,0.42727128,0.66567504,0.74624175,92.66345,7.2484436,50.739105224609375,5437.145
2015-08-16,7.8265686,6.693756,11.08551,0.0,,0.5482538,0.7449967,0.6670682,92.546936,7.8265686,50.528167724609375,5526.0874
2015-08-17,7.193756,6.4046936,23.94104,0.0,,0.50000006,0.80029285,0.5996093,94.729004,7.193756,50.223480224609375,5428.7314
2015-08-18,7.0921936,6.3265686,12.969971,0.0,,0.46201065,0.83544904,0.54956794,94.87791,7.0921936,50.621917724609375,5413.1064
2015-08-19,7.1078186,6.100006,14.61792,0.0,,0.24176164,0.58166796,0.8134263,93.30746,7.1078186,50.567230224609375,5415.5107
2015-08-20,6.3734436,5.006256,47.76001,0.0,,0.09045864,-0.37818614,-0.9257296,90.9679,6.3734436,49.723480224609375,5302.53
2015-08-21,5.631256,4.6078186,15.945435,0.0,,0.1301024,0.755302,0.6553769,93.128654,5.631256,48.473480224609375,5188.347
2015-08-22,5.4984436,4.350006,7.1907043,0.0,,0.2621012,0.5290776,0.84857345,92.31081,5.4984436,46.723480224609375,5167.9146
2015-08-23,5.2953186,3.6703186,5.279541,0.0,,0.15650769,-0.6033019,0.7975129,89.260185,5.2953186,44.192230224609375,5136.6646
2015-08-24,6.2484436,4.225006,2.5997162,0.0,,0.1736481,0.23409075,0.97221476,86.88237,6.2484436,43.246917724609375,5283.299
2015-08-25,6.7796936,4.975006,3.3512115,0.0,,0.31951958,0.62082034,0.78395283,88.27014,6.7796936,42.934417724609375,5365.03
2015-08-26,6.818756,5.4671936,8.232117,0.0,,0.38130623,0.7254309,0.688295,91.09734,6.818756,42.645355224609375,5371.0396
2015-08-27,6.3421936,5.5140686,11.550903,0.0,,0.4929245,0.7696808,0.63842887,94.437775,6.3421936,42.614105224609375,5297.722
2015-08-28,6.162506,5.0140686,9.017944,0.0,,0.28599864,0.49852726,0.86687404,92.35021,6.162506,43.145355224609375,5270.0776
2015-08-29,6.4984436,5.3578186,8.346558,0.0,,0.24427737,0.7091028,0.70510507,92.42016,6.4984436,44.145355224609375,5321.7607
2015-08-30,6.4046936,5.162506,7.2784424,0.0,,0.23692794,0.64145046,0.76716447,91.7646,6.4046936,45.254730224609375,5307.3374
2015-08-31,6.0296936,4.818756,5.8555603,0.0,,0.28102273,0.31622776,0.9486833,91.94092,6.0296936,45.035980224609375,5249.645
2016-06-01,2.725006,0.2015686,1.7547607,0.0,,0.33464202,-0.969582,-0.24476661,83.458725,2.725006,2.725006103515625,4741.2314
2016-06-02,3.225006,0.9125061,2.5596619,0.0,,0.4271088,-0.96259505,-0.2709442,84.79914,3.225006,5.95001220703125,4818.155
2016-06-03,4.1078186,1.7171936,0.9264946,0.0,,0.18248655,-0.99937797,-0.03526509,84.426575,4.1078186,10.057830810546875,4953.972
2016-06-04,3.8578186,2.318756,9.277344,0.0,,0.18332,-0.9961662,0.08748083,89.688385,3.8578186,13.9156494140625,4915.5107
2016-06-05,4.3109436,3.0765686,10.803223,0.0,,0.21657255,0.27844125,0.9604533,91.680916,4.3109436,18.226593017578125,4985.222
2016-06-06,4.193756,3.256256,5.5999756,0.0,,0.118898794,-0.0558254,0.99844056,93.617805,4.193756,22.42034912109375,4967.1934
2016-06-07,4.1546936,2.600006,4.974365,0.0,,0.021032935,-0.90393716,0.42766535,89.61244,4.1546936,26.575042724609375,4961.1836
2016-06-08,4.2796936,1.7953186,1.9550323,0.0,,0.080589384,-0.22342113,0.974722,83.882904,4.2796936,28.129730224609375,4980.4146
2016-06-09,4.7796936,2.787506,7.133484,0.0,,0.11937155,0.494431,0.86921686,86.929016,4.7796936,29.684417724609375,5057.3374
2016-06-10,5.0296936,3.537506,9.239197,0.0,,0.15317738,0.68854,0.7251984,90.07777,5.0296936,30.606292724609375,5095.799
2016-06-11,5.537506,3.9828186,6.0272217,0.0,,0.12476008,0.36128914,0.9324538,89.72189,5.537506,32.285980224609375,5173.924
2016-06-12,5.9515686,4.162506,12.786865,0.0,,0.1724167,0.43470946,0.90057075,88.293175,5.9515686,33.926605224609375,5237.626
2016-06-13,5.568756,4.4203186,6.8893433,0.0,,0.13334443,0.20128483,0.9795328,92.314995,5.568756,35.301605224609375,5178.7314
2016-06-14,6.6546936,4.8734436,9.567261,0.0,,0.30079493,0.62578326,0.779997,88.40337,6.6546936,37.801605224609375,5345.799
2016-06-15,6.662506,5.3890686,13.664246,0.0,,0.43919516,0.8816287,0.4719437,91.582085,6.662506,40.184417724609375,5347.001
2016-06-16,6.0296936,5.3265686,13.35907,0.0,,0.44099832,0.6095235,0.79276806,95.24779,6.0296936,41.434417724609375,5249.645
2016-06-17,6.6859436,5.7953186,11.222839,0.0,,0.49235666,0.7036272,0.71056926,94.045265,6.6859436,43.090667724609375,5350.6064
2016-06-18,7.0609436,6.2640686,12.672424,0.0,,0.45384324,0.67941874,0.73375076,94.67256,7.0609436,44.614105224609375,5408.299
2016-06-19,6.693756,5.693756,20.401001,0.0,,0.1637361,0.58896935,0.80815536,93.33644,6.693756,45.356292724609375,5351.8086
2016-06-20,6.6078186,5.8734436,14.251709,0.0,,0.3759834,0.49966627,0.86621803,95.06369,6.6078186,46.395355224609375,5338.5874
2016-06-21,6.850006,6.225006,24.230957,0.0,,0.656165,0.80814034,0.58899,95.79295,6.850006,46.590667724609375,5375.847
2016-06-22,6.8578186,6.1390686,12.794495,0.0,,0.6315621,0.63706124,0.7708132,95.17588,6.8578186,46.785980224609375,5377.049
2016-06-23,7.037506,6.5921936,11.474609,0.0,,0.5865688,0.6730249,0.73961985,96.990616,7.037506,47.793792724609375,5404.6934
2016-06-24,7.4203186,6.8109436,17.837524,0.0,,0.46969992,0.86283475,0.5054861,95.9145,7.4203186,48.528167724609375,5463.5874
2016-06-25,7.2328186,6.443756,17.77649,0.0,,0.23671092,0.14013974,0.99013174,94.730606,7.2328186,48.700042724609375,5434.741
2016-06-26,7.7953186,7.1703186,22.323608,0.0,,0.48915938,0.64683676,0.7626285,95.82398,7.7953186,49.801605224609375,5521.28
2016-06-27,7.693756,6.9359436,21.408081,0.0,,0.32177335,0.7852905,0.6191275,94.95269,7.693756,50.887542724609375,5505.655
2016-06-28,7.9359436,6.943756,21.606445,0.0,,0.24526262,0.6843549,0.72914904,93.45017,7.9359436,51.973480224609375,5542.9146
2016-06-29,7.7328186,6.9046936,22.476196,0.0,,0.35839728,0.53201807,0.846733,94.497665,7.7328186,52.848480224609375,5511.6646
2016-06-30,8.381256,7.8265686,32.806396,0.0,,0.6037777,0.6801253,0.7330959,96.30295,8.381256,54.192230224609375,5611.424
2016-07-01,6.9203186,6.381256,45.318604,0.0,,0.40581247,0.88857716,0.45872718,96.364006,6.9203186,53.692230224609375,5386.6646
2016-07-02,6.5921936,5.9671936,11.611938,0.0,,0.34531397,0.71867627,0.69534487,95.78444,6.5921936,53.051605224609375,5336.1836
2016-07-03,7.7640686,6.8265686,17.791748,0.0,,0.5000978,0.58045286,0.81429386,93.792816,7.7640686,53.020355224609375,5516.472
2016-07-04,7.975006,7.1546936,18.981934,0.0,,0.59114087,0.80576116,0.59224063,94.55854,7.975006,53.301605224609375,5548.924
2016-07-05,7.756256,6.9046936,20.568848,0.0,,0.3166538,0.7972158,0.6036944,94.34694,7.756256,53.121917724609375,5515.27
2016-07-06,7.5453186,6.662506,15.060425,0.0,,0.41668913,0.6896113,0.7241797,94.13539,7.5453186,52.934417724609375,5482.8184
2016-07-07,7.943756,7.1078186,35.095215,0.0,,0.4585797,0.7767487,0.62981063,94.45614,7.943756,52.496917724609375,5544.116
2016-07-08,7.818756,7.068756,15.319824,0.0,,0.48629737,0.49651733,0.8680268,95.008415,7.818756,53.395355224609375,5524.8857
2016-07-09,8.107819,7.0609436,25.238037,0.0,,0.8278153,0.76443684,0.6446986,93.10957,8.107819,54.910980224609375,5569.3564
2016-07-10,8.100006,7.568756,37.65869,0.0,,0.7323869,0.738702,0.6740322,96.448875,8.100006,55.246917724609375,5568.155
2016-07-11,7.0140686,6.4828186,40.924072,0.0,,0.20961249,0.049973924,0.9987505,96.418495,7.0140686,54.285980224609375,5401.0874
2016-07-12,7.4671936,6.7484436,22.827148,0.0,,0.19434619,0.48646933,0.87369764,95.19878,7.4671936,53.996917724609375,5470.799
2016-07-13,7.850006,6.9359436,17.562866,0.0,,0.3578966,0.5344677,0.8451889,93.94778,7.850006,54.301605224609375,5529.6934
2016-07-14,8.076569,7.3109436,13.48877,0.0,,0.41781843,0.654441,0.7561131,94.91701,8.076569,54.434417724609375,5564.549
2016-07-15,8.076569,7.4984436,50.65918,0.0,,0.64245737,0.8307032,0.55671555,96.14025,8.076569,54.692230224609375,5564.549
2016-07-16,7.2328186,6.2171936,14.86969,0.0,,0.33541635,0.6077743,0.7941098,93.26367,7.2328186,53.817230224609375,5434.741
2016-07-17,7.100006,6.4046936,20.385742,0.0,,0.37770697,0.9534042,0.3016959,95.33872,7.100006,52.817230224609375,5414.3086
2016-07-18,7.350006,6.631256,11.955261,0.0,,0.30584696,0.7946523,0.60706484,95.19439,7.350006,53.153167724609375,5452.77
2016-07-19,8.217194,7.0453186,14.472961,0.0,,0.39567086,0.87124574,0.49084705,92.321976,8.217194,53.903167724609375,5586.1836
2016-07-20,7.9046936,6.975006,15.991211,0.0,,0.36583754,0.88223284,0.4708134,93.84979,7.9046936,53.957855224609375,5538.1064
2016-07-21,7.4828186,6.9046936,24.32251,0.0,,0.6556385,0.72202694,0.6918649,96.12227,7.4828186,53.364105224609375,5473.203
2016-07-22,5.9671936,5.475006,25.19226,0.0,,0.5064656,0.9554187,0.29525432,96.65038,5.9671936,51.254730224609375,5240.03
2016-07-23,6.381256,5.9046936,14.427185,0.0,,0.5323959,0.8125855,0.58284205,96.76577,6.381256,50.403167724609375,5303.7314
2016-07-24,7.068756,6.3109436,16.540527,0.0,,0.33601657,0.66735744,0.74473757,94.92805,7.068756,50.371917724609375,5409.501
2016-07-25,7.350006,6.6703186,37.902832,0.0,,0.61706066,0.9076233,0.41978565,95.450226,7.350006,50.371917724609375,5452.77
2016-07-26,6.4046936,5.9046936,40.893555,0.0,,0.45050818,0.8985079,0.43895736,96.60975,6.4046936,48.559417724609375,5307.3374
2016-07-27,5.225006,4.7640686,32.53174,0.0,,0.14555082,-0.20107311,0.97957623,96.841545,5.225006,45.879730224609375,5125.847
2016-07-28,4.9046936,4.537506,36.68213,0.0,,0.053371545,-0.59237957,0.80565906,97.47025,4.9046936,43.301605224609375,5076.5684
2016-07-29,5.225006,4.8265686,23.05603,0.0,,0.17147452,0.5267957,0.849992,97.26457,5.225006,42.559417724609375,5125.847
2016-07-30,5.5453186,5.193756,34.42383,0.0,,0.1669412,0.26945361,0.96301335,97.58907,5.5453186,41.723480224609375,5175.126
2016-07-31,4.350006,3.9671936,31.25,0.0,,0.13802591,-0.43247223,-0.90164727,97.35219,4.350006,39.004730224609375,4991.2314
2016-08-01,4.5609436,3.568756,9.109497,0.0,,0.24106438,-0.21179366,0.9773144,93.27623,4.5609436,36.215667724609375,5023.6836
2016-08-02,5.568756,4.4515686,7.1792603,0.0,,0.26755908,-0.09466915,0.9955088,92.51699,5.568756,35.379730224609375,5178.7314
2016-08-03,6.6859436,5.506256,5.203247,0.0,,0.21029006,0.3985032,0.91716695,92.18113,6.6859436,36.840667724609375,5350.6064
2016-08-04,7.3421936,6.0609436,10.71167,0.0,,0.17793384,0.3951609,0.9186119,91.57648,7.3421936,39.278167724609375,5451.5684
2016-08-05,7.5921936,6.475006,13.641357,0.0,,0.48989412,0.64287645,0.7659699,92.63304,7.5921936,41.645355224609375,5490.03
2016-08-06,7.4828186,6.412506,13.572693,0.0,,0.5466795,0.6332621,0.7739374,92.92626,7.4828186,43.582855224609375,5473.203
2016-08-07,6.8890686,5.9984436,9.796143,0.0,,0.49485612,0.67688555,0.7360883,94.054665,6.8890686,46.121917724609375,5381.8564
2016-08-08,6.9671936,6.0609436,11.894226,0.0,,0.54401743,0.7270131,0.6866235,93.95688,6.9671936,48.528167724609375,5393.876
2016-08-09,6.7484436,5.8734436,16.021729,0.0,,0.70978177,0.7959368,0.60537976,94.14982,6.7484436,49.707855224609375,5360.222
2016-08-10,6.568756,5.881256,13.381958,0.0,,0.64486337,0.6163491,0.787473,95.3708,6.568756,49.590667724609375,5332.5776
2016-08-11,7.0140686,5.881256,12.748718,0.0,,0.5925712,0.67939156,0.7337759,92.50018,7.0140686,49.262542724609375,5401.0874
2016-08-12,7.5140686,6.7171936,13.183594,0.0,,0.6092764,0.72607905,0.6876112,94.69132,7.5140686,49.184417724609375,5478.0107
2016-08-13,7.4828186,6.8109436,9.902954,0.0,,0.45920718,0.704977,0.70923024,95.50613,7.4828186,49.184417724609375,5473.203
2016-08-14,7.443756,6.5765686,15.312195,0.0,,0.62071526,0.74534416,0.66667986,94.23194,7.443756,49.739105224609375,5467.1934
2016-08-15,7.2640686,6.4828186,14.11438,0.0,,0.65410215,0.7651531,0.64384836,94.78282,7.2640686,50.035980224609375,5439.549
2016-08-16,6.8578186,5.9046936,15.823364,0.0,,0.74402213,0.6145992,0.7888395,93.64789,6.8578186,50.145355224609375,5377.049
2016-08-17,6.8890686,5.9515686,11.054993,0.0,,0.51679724,0.5990169,0.80073637,93.75059,6.8890686,50.465667724609375,5381.8564
2016-08-18,7.3109436,6.1703186,7.949829,0.0,,0.35823876,0.67843574,0.73465973,92.46748,7.3109436,50.762542724609375,5446.7607
2016-08-19,7.412506,6.1546936,11.169434,0.0,,0.27556592,0.85761017,0.5143003,91.7292,7.412506,50.660980224609375,5462.3857
2016-08-20,7.4046936,5.537506,1.742363,0.0,,0.10074925,0.60763,0.7942202,87.94349,7.4046936,50.582855224609375,5461.1836
2016-08-21,7.6234436,5.225006,8.552551,0.0,,0.29427058,0.4106751,0.9117817,84.78148,7.6234436,50.762542724609375,5494.8374
2016-08-22,6.7484436,5.8109436,9.19342,0.0,,0.27138254,0.7039511,0.7102485,93.74377,6.7484436,50.246917724609375,5360.222
2016-08-23,6.662506,5.600006,9.216309,0.0,,0.16732563,0.54642355,0.837509,92.9316,6.662506,50.051605224609375,5347.001
2016-08-24,6.4828186,5.225006,10.597229,0.0,,0.40249696,0.5713843,0.8206826,91.66995,6.4828186,49.645355224609375,5319.3564
2016-08-25,6.850006,5.131256,7.434845,0.0,,0.412437,0.5561337,0.83109283,88.805756,6.850006,49.184417724609375,5375.847
2016-08-26,6.3734436,4.3109436,7.9803467,0.0,,0.4897366,0.64906543,0.7607326,86.65737,6.3734436,48.145355224609375,5302.53
2016-08-27,5.8109436,3.4359436,4.66156,0.0,,0.13059059,0.05795486,0.9983192,84.715996,5.8109436,46.551605224609375,5215.991
2016-08-28,6.3109436,4.1703186,3.8051605,0.0,,0.21142624,0.17263243,0.9849863,86.17807,6.3109436,45.239105224609375,5292.9146
2016-08-29,6.9046936,5.287506,7.9956055,0.0,,0.37067991,0.73041975,0.6829985,89.43941,6.9046936,45.395355224609375,5384.2607
2016-08-30,6.4203186,5.4359436,9.20105,0.0,,0.5240819,0.7774943,0.6288899,93.42352,6.4203186,45.153167724609375,5309.741
2016-08-31,6.600006,5.475006,8.979797,0.0,,0.57315844,0.68877184,0.72497815,92.52632,6.600006,45.270355224609375,5337.3857
2017-06-01,3.3265686,1.5296936,5.48172,0.0,,0.03886318,-0.5170917,0.85593003,88.007866,3.3265686,3.326568603515625,4833.78
2017-06-02,2.2484436,-0.7828064,0.36907196,0.0,,0.26547214,-0.9941383,-0.108116046,80.3714,2.2484436,5.57501220703125,4667.9146
2017-06-03,3.6859436,-0.2124939,1.7681122,0.0,,0.6175532,-0.98991984,-0.14162889,75.67437,3.6859436,9.260955810546875,4889.0684
2017-06-04,4.9046936,-0.5015564,0.9069443,0.0,,0.5391314,-0.9781358,-0.20796713,68.03862,4.9046936,14.1656494140625,5076.5684
2017-06-05,4.8578186,1.9203186,6.252289,0.0,,0.3154033,-0.97840995,-0.20667359,81.284676,4.8578186,19.023468017578125,5069.3564
2017-06-06,4.131256,2.506256,3.5915375,0.0,,0.028619608,0.7672152,-0.6413897,89.16418,4.131256,23.15472412109375,4957.5776
2017-06-07,4.256256,2.256256,3.9043427,0.0,,0.16702004,0.72246724,0.6914052,86.82892,4.256256,27.410980224609375,4976.8086
2017-06-08,3.8109436,2.6390686,6.969452,0.0,,0.084843196,-0.2931505,0.9560663,92.05607,3.8109436,27.895355224609375,4908.299
2017-06-09,4.1703186,2.131256,2.0771027,0.0,,0.0990032,0.14040715,0.9900938,86.57905,4.1703186,29.817230224609375,4963.5874
2017-06-10,4.2953186,2.4671936,5.2375793,0.0,,0.09539282,0.19146901,0.98149866,87.90072,4.2953186,30.426605224609375,4982.8184
2017-06-11,5.0765686,1.8578186,1.7824173,0.0,,0.17363052,0.39616665,0.9181786,79.69926,5.0765686,30.598480224609375,5103.0107
2017-06-12,5.037506,2.0765686,0.8354187,0.0,,0.27506962,0.3077612,0.95146364,81.17348,5.037506,30.778167724609375,5097.001
2017-06-13,4.818756,2.1234436,1.5802383,0.0,,0.17023283,0.39690298,0.91786057,82.69582,4.818756,31.465667724609375,5063.347
2017-06-14,5.1703186,2.8578186,5.104065,0.0,,0.24030697,0.6634174,0.7482495,85.01875,5.1703186,32.379730224609375,5117.4336
2017-06-15,5.5140686,3.412506,8.43811,0.0,,0.35387856,0.8368481,0.5474352,86.33297,5.5140686,34.082855224609375,5170.3184
2017-06-16,5.037506,3.2796936,8.926392,0.0,,0.26050645,0.7567704,0.65368086,88.406624,5.037506,34.950042724609375,5097.001
2017-06-17,4.9046936,3.2171936,7.762909,0.0,,0.09793494,0.39512244,0.91862845,88.83515,4.9046936,35.559417724609375,5076.5684
2017-06-18,5.7484436,3.600006,7.6789856,0.0,,0.14152344,0.2943434,0.95569974,86.07245,5.7484436,36.231292724609375,5206.376
2017-06-19,6.0921936,4.6390686,9.9105835,0.0,,0.34067705,0.66431934,0.74744886,90.40445,6.0921936,37.285980224609375,5259.2607
2017-06-20,6.3578186,5.0140686,10.147095,0.0,,0.545414,0.84377205,0.53670174,91.11538,6.3578186,38.825042724609375,5300.126
2017-06-21,5.1546936,4.537506,14.472961,0.0,,0.24101889,0.8407504,0.54142296,95.78875,5.1546936,38.809417724609375,5115.03
2017-06-22,5.506256,4.7171936,8.453369,0.0,,0.22974336,0.63494337,0.7725587,94.65903,5.506256,38.801605224609375,5169.116
2017-06-23,5.9046936,4.318756,5.355835,0.0,,0.14722408,0.5920105,0.80593026,89.55456,5.9046936,39.668792724609375,5230.4146
2017-06-24,6.662506,5.0765686,9.216309,0.0,,0.23797469,0.72583133,0.6878727,89.61465,6.662506,41.426605224609375,5347.001
2017-06-25,6.8578186,5.4984436,8.56781,0.0,,0.22218809,0.6779606,0.73509824,91.05067,6.8578186,42.535980224609375,5377.049
2017-06-26,7.5453186,6.0140686,17.77649,0.0,,0.30255598,0.5777598,0.8162068,90.02343,7.5453186,43.989105224609375,5482.8184
2017-06-27,7.0140686,5.9203186,36.04126,0.0,,0.2621435,0.65751505,0.75344145,92.75029,7.0140686,44.645355224609375,5401.0874
2017-06-28,6.475006,5.9046936,18.096924,0.0,,0.19216694,0.44085002,0.8975808,96.14337,6.475006,45.965667724609375,5318.155
2017-06-29,6.9515686,6.068756,10.879517,0.0,,0.44857323,0.566575,0.8240102,94.10829,6.9515686,47.410980224609375,5391.472
2017-06-30,7.5296936,6.7640686,10.307312,0.0,,0.43626973,0.7146212,0.6995117,94.89533,7.5296936,49.035980224609375,5480.4146
2017-07-01,7.756256,6.6390686,10.147095,0.0,,0.41373676,0.75767154,0.65263605,92.642334,7.756256,50.129730224609375,5515.27
2017-07-02,7.4203186,6.8109436,18.38684,0.0,,0.62035114,0.8508601,0.5253923,95.9145,7.4203186,50.692230224609375,5463.5874
2017-07-03,7.7953186,6.9828186,15.792847,0.0,,0.445677,0.7625337,0.64694846,94.60158,7.7953186,50.942230224609375,5521.28
2017-07-04,7.693756,6.7796936,30.960083,0.0,,0.28303388,0.9540184,0.29974803,93.940445,7.693756,51.621917724609375,5505.655
2017-07-05,7.318756,6.631256,21.68274,0.0,,0.37360656,0.99980885,-0.019553054,95.39788,7.318756,52.465667724609375,5447.9624
2017-07-06,7.412506,6.6234436,17.562866,0.0,,0.36081326,0.85662603,0.5159378,94.737976,7.412506,52.926605224609375,5462.3857
2017-07-07,7.412506,6.7328186,9.346008,0.0,,0.26634434,0.76080734,0.6489778,95.45244,7.412506,52.809417724609375,5462.3857
2017-07-08,8.170319,7.2484436,26.992798,0.0,,0.368525,0.5796705,0.814851,93.912575,8.170319,53.223480224609375,5578.972
2017-07-09,5.9828186,5.443756,60.08911,0.0,,0.33016184,-0.91470885,-0.4041135,96.33705,5.9828186,51.785980224609375,5242.4336
2017-07-10,6.0609436,5.4515686,12.893677,0.0,,0.39278516,0.9360735,0.35180447,95.87067,6.0609436,50.051605224609375,5254.4526
2017-07-11,5.6859436,5.0140686,16.113281,0.0,,0.403436,0.97429675,0.22526836,95.442375,5.6859436,48.043792724609375,5196.7607
2017-07-12,5.8265686,5.2953186,12.664795,0.0,,0.5377341,0.51576376,0.8567308,96.38483,5.8265686,46.551605224609375,5218.395
2017-07-13,6.568756,5.8890686,18.356323,0.0,,0.542682,0.62623,0.77963835,95.422325,6.568756,45.707855224609375,5332.5776
2017-07-14,6.8421936,6.225006,24.642944,0.0,,0.23702915,0.6293316,0.7771369,95.84431,6.8421936,45.137542724609375,5374.645
2017-07-15,7.1234436,6.4046936,19.821167,0.0,,0.3680572,0.7044485,0.70975506,95.185875,7.1234436,44.090667724609375,5417.9146
2017-07-16,7.631256,6.6078186,17.471313,0.0,,0.6370593,0.65532434,0.7553476,93.2343,7.631256,45.739105224609375,5496.0396
2017-07-17,7.2171936,5.8109436,13.511658,0.0,,0.5988698,0.44558218,0.895241,90.780464,7.2171936,46.895355224609375,5432.3374
2017-07-18,7.3890686,5.9359436,11.711121,0.0,,0.41700083,0.4238788,0.9057189,90.498985,7.3890686,48.598480224609375,5458.78
2017-07-19,7.4828186,5.8890686,10.383606,0.0,,0.48623216,0.6763383,0.7365911,89.6307,7.4828186,50.254730224609375,5473.203
2017-07-20,7.1703186,6.0609436,11.100769,0.0,,0.5677087,0.6304469,0.77623236,92.65903,7.1703186,50.856292724609375,5425.126
2017-07-21,6.8265686,6.225006,17.25769,0.0,,0.69003683,0.70160145,0.71256953,95.947105,6.8265686,50.840667724609375,5372.241
2017-07-22,6.7796936,6.100006,13.61084,0.0,,0.66792274,0.6356432,0.77198297,95.42988,6.7796936,50.496917724609375,5365.03
2017-07-23,6.7015686,5.8421936,17.349243,0.0,,0.57342315,0.4926043,0.87025344,94.249466,6.7015686,49.567230224609375,5353.0107
2017-07-24,6.9671936,5.818756,17.39502,0.0,,0.47562632,0.3344172,0.94242513,92.397575,6.9671936,49.317230224609375,5393.876
2017-07-25,7.0453186,6.3265686,16.479492,0.0,,0.50758535,0.66808736,0.74408287,95.182945,7.0453186,48.973480224609375,5405.895
2017-07-26,6.6546936,5.850006,17.578125,0.0,,0.58251953,0.6974015,0.71668065,94.60453,6.6546936,48.145355224609375,5345.799
2017-07-27,7.0921936,6.287506,11.184692,0.0,,0.5532421,0.8534564,0.5211643,94.6229,7.0921936,48.067230224609375,5413.1064
2017-07-28,7.1078186,6.600006,12.626648,0.0,,0.70795363,0.72833157,0.68522483,96.5766,7.1078186,48.348480224609375,5415.5107
2017-07-29,6.7328186,6.225006,32.409668,0.0,,0.5082341,0.70854646,0.7056642,96.56648,6.7328186,48.301605224609375,5357.8184
2017-07-30,6.1234436,5.4671936,11.520386,0.0,,0.18692733,0.8802928,0.47443086,95.56155,6.1234436,47.723480224609375,5264.0684
2017-07-31,7.037506,6.1546936,9.552002,0.0,,0.2993229,0.69248086,0.72143626,94.11222,7.037506,47.793792724609375,5404.6934
2017-08-01,7.881256,6.756256,13.809204,0.0,,0.42785317,0.7303908,0.6830295,92.599724,7.881256,48.629730224609375,5534.501
2017-08-02,7.975006,7.4203186,17.715454,0.0,,0.52294636,0.78571856,0.61858416,96.291176,7.975006,49.950042724609375,5548.924
2017-08-03,8.107819,7.2796936,8.903503,0.0,,0.4765363,0.9647047,0.26333416,94.51366,8.107819,50.965667724609375,5569.3564
2017-08-04,8.068756,7.193756,18.585205,0.0,,0.51708686,0.9660112,0.2585001,94.209465,8.068756,51.926605224609375,5563.347
2017-08-05,8.123444,7.256256,11.978149,0.0,,0.5729238,0.80538774,0.59274834,94.26226,8.123444,53.317230224609375,5571.7607
2017-08-06,8.295319,7.2484436,13.290405,0.0,,0.39321294,0.7593443,0.65068907,93.1195,8.295319,55.489105224609375,5598.203
2017-08-07,8.256256,7.2484436,16.357422,0.0,,0.56313485,0.80031204,0.59958375,93.36653,8.256256,56.707855224609375,5592.1934
2017-08-08,8.170319,7.631256,52.06299,0.0,,0.5886081,0.7200515,0.6939206,96.399475,8.170319,56.996917724609375,5578.972
2017-08-09,6.7328186,6.3109436,41.900635,0.0,,0.18710987,-0.33174494,0.9433691,97.14011,6.7328186,55.754730224609375,5357.8184
2017-08-10,6.8734436,6.350006,30.456543,0.0,,0.12216861,0.13963756,0.99020267,96.46642,6.8734436,54.520355224609375,5379.453
2017-08-11,7.412506,6.6390686,52.947998,0.0,,0.15365085,0.68880165,0.72494984,94.83975,7.412506,53.864105224609375,5462.3857
2017-08-12,6.4046936,5.350006,77.51465,0.0,,0.2719891,-0.4838127,-0.87517154,92.967896,6.4046936,52.145355224609375,5307.3374
2017-08-13,4.7953186,3.7015686,20.202637,0.0,,0.47309157,-0.98514634,-0.17171688,92.62454,4.7953186,48.645355224609375,5059.741
2017-08-14,5.6078186,4.9203186,5.7640076,0.0,,0.259548,-0.94628143,-0.32334414,95.335754,5.6078186,45.996917724609375,5184.741
2017-08-15,6.3578186,5.4828186,9.590149,0.0,,0.19222401,-0.9277963,0.37308714,94.131996,6.3578186,44.184417724609375,5300.126
2017-08-16,7.1234436,6.412506,10.322571,0.0,,0.21141475,0.4928086,0.87013775,95.23708,7.1234436,44.575042724609375,5417.9146
2017-08-17,6.9203186,6.3421936,11.886597,0.0,,0.31872258,0.553816,0.83263904,96.10512,6.9203186,44.621917724609375,5386.6646
2017-08-18,6.9515686,6.318756,28.244019,0.0,,0.57481563,0.72925895,0.6842378,95.74477,6.9515686,44.160980224609375,5391.472
2017-08-19,5.725006,5.162506,28.259277,0.0,,0.059049346,-0.42663065,0.904426,96.172745,5.725006,43.481292724609375,5202.77
2017-08-20,6.2015686,5.600006,15.266418,0.0,,0.5181362,0.6295099,0.77699244,95.92715,6.2015686,44.887542724609375,5276.0874
2017-08-21,6.537506,5.9359436,21.652222,0.0,,0.5838507,0.67657626,0.73637253,95.9379,6.537506,45.817230224609375,5327.77
2017-08-22,6.412506,5.9515686,25.604248,0.0,,0.66869634,0.78204286,0.6232246,96.8711,6.412506,45.871917724609375,5308.5396
2017-08-23,6.2015686,5.3734436,10.7421875,0.0,,0.452854,0.7892651,0.6140526,94.43166,6.2015686,44.950042724609375,5276.0874
2017-08-24,6.2796936,5.4515686,8.224487,0.0,,0.58885163,0.6720741,0.7404839,94.43506,6.2796936,44.309417724609375,5288.1064
2017-08-25,6.3890686,5.4515686,9.70459,0.0,,0.47551438,0.77578413,0.63099843,93.726265,6.3890686,43.746917724609375,5304.9336
2017-08-26,6.6703186,5.1234436,7.9421997,0.0,,0.38358155,0.78541195,0.6189734,89.859116,6.6703186,44.692230224609375,5348.203
2017-08-27,6.4671936,5.2640686,12.931824,0.0,,0.536966,0.75429225,0.65653884,92.01799,6.4671936,44.957855224609375,5316.9526
2017-08-28,6.4046936,5.2328186,10.154724,0.0,,0.4775641,0.613976,0.7893247,92.21422,6.4046936,44.825042724609375,5307.3374
2017-08-29,6.4984436,5.006256,7.5569153,0.0,,0.31450546,0.7634599,0.64585525,90.188644,6.4984436,44.910980224609375,5321.7607
2017-08-30,6.9203186,5.6703186,7.221222,0.0,,0.3689246,0.7027922,0.7113952,91.747536,6.9203186,45.629730224609375,5386.6646
2017-08-31,6.537506,5.5140686,8.18634,0.0,,0.450559,0.6794945,0.7336806,93.17683,6.537506,45.887542724609375,5327.77
2018-06-01,2.9671936,1.1000061,6.30188,0.0,,0.11531447,0.7251316,0.6886104,87.531586,2.9671936,2.967193603515625,4778.491
2018-06-02,2.662506,1.5296936,8.19397,0.0,,0.05870403,-0.24082278,0.97056913,92.242256,2.662506,5.62969970703125,4731.616
2018-06-03,4.0921936,2.1546936,10.437012,0.0,,0.071722835,-0.75057006,0.6607909,87.20011,4.0921936,9.721893310546875,4951.5684
2018-06-04,4.0921936,2.2171936,11.528015,0.0,,0.318468,-0.96132845,-0.27540448,87.589195,4.0921936,13.8140869140625,4951.5684
2018-06-05,4.818756,3.2171936,4.72641,0.0,,0.09535297,-0.6560995,0.75467443,89.36887,4.818756,18.632843017578125,5063.347
2018-06-06,5.2953186,3.8109436,3.6334991,0.0,,0.22117051,-0.6126406,0.79036164,90.147446,5.2953186,23.92816162109375,5136.6646
2018-06-07,4.9671936,4.162506,6.061554,0.0,,0.19177394,-0.9999923,0.003926104,94.53279,4.9671936,28.895355224609375,5086.1836
2018-06-08,5.3578186,4.5296936,9.399414,0.0,,0.11797357,-0.12791799,0.99178475,94.39479,5.3578186,31.285980224609375,5146.28
2018-06-09,6.1859436,5.256256,7.3928833,0.0,,0.22207929,0.36745435,0.93004155,93.767235,6.1859436,34.809417724609375,5273.6836
2018-06-10,6.2328186,4.787506,8.720398,0.0,,0.26182908,0.43242034,0.9016721,90.46405,6.2328186,36.950042724609375,5280.895
2018-06-11,6.4984436,4.6859436,7.0877075,0.0,,0.18816723,0.27733338,0.96077377,88.197105,6.4984436,39.356292724609375,5321.7607
2018-06-12,6.1546936,4.8265686,14.007568,0.0,,0.46341446,0.43516156,0.9003524,91.20082,6.1546936,40.692230224609375,5268.876
2018-06-13,5.4515686,4.3578186,15.335083,0.0,,0.36577857,0.85500956,0.51861227,92.66207,5.4515686,40.848480224609375,5160.7026
2018-06-14,5.1859436,4.0609436,18.875122,0.0,,0.06329911,0.9184328,0.39557704,92.44405,5.1859436,41.067230224609375,5119.8374
2018-06-15,5.4359436,4.9359436,26.58081,0.0,,0.6395977,0.9481667,0.31777325,96.583694,5.4359436,41.145355224609375,5158.299
2018-06-16,5.1546936,4.6078186,48.40088,0.0,,0.6534783,0.99004453,0.14075443,96.26046,5.1546936,40.114105224609375,5115.03
2018-06-17,4.7640686,4.4984436,52.734375,0.0,,0.24344277,0.9863193,0.16484617,98.16218,4.7640686,38.645355224609375,5054.9336
2018-06-18,3.850006,2.4203186,1.2187958,0.0,,0.17414163,-0.94562596,-0.32525608,90.38822,3.850006,35.996917724609375,4914.3086
2018-06-19,3.881256,1.2640686,0.8893013,0.0,,0.44301307,-0.8927678,-0.45051706,83.04017,3.881256,33.723480224609375,4919.116
2018-06-20,4.725006,2.2953186,2.2125244,0.0,,0.19984736,-0.97486514,-0.2227958,84.26353,4.725006,32.996917724609375,5048.924
2018-06-21,5.412506,3.068756,1.0471344,0.0,,0.11537957,-0.33670497,0.9416102,84.85805,5.412506,33.223480224609375,5154.6934
2018-06-22,5.4046936,3.5921936,3.501892,0.0,,0.09947496,-0.9909205,-0.13444918,88.09906,5.4046936,33.192230224609375,5153.491
2018-06-23,6.0609436,4.162506,3.5877228,0.0,,0.0953866,-0.39160126,0.920135,87.628746,6.0609436,34.098480224609375,5254.4526
2018-06-24,7.0609436,5.5453186,35.827637,0.0,,0.38207564,0.8485722,0.5290796,90.08416,7.0609436,36.395355224609375,5408.299
2018-06-25,5.5453186,4.2328186,15.205383,0.0,,0.32695147,-0.95131904,-0.30820787,91.25934,5.5453186,38.090667724609375,5175.126
2018-06-26,6.4046936,4.9203186,9.0789795,0.0,,0.026215134,-0.03470535,0.9993976,90.23072,6.4046936,40.614105224609375,5307.3374
2018-06-27,7.0921936,6.256256,12.077332,0.0,,0.4854704,0.61755496,0.7865277,94.41934,7.0921936,42.981292724609375,5413.1064
2018-06-28,6.975006,6.256256,15.975952,0.0,,0.6097265,0.7916107,0.61102575,95.18029,6.975006,44.543792724609375,5395.078
2018-06-29,6.9203186,6.412506,27.893066,0.0,,0.7146119,0.652534,0.7577594,96.57155,6.9203186,46.059417724609375,5386.6646
2018-06-30,7.0453186,6.568756,22.903442,0.0,,0.73701006,0.6350219,0.7724941,96.78266,7.0453186,47.043792724609375,5405.895
2018-07-01,7.1390686,6.693756,28.076172,0.0,,0.55185544,0.84409845,0.53618824,96.99302,7.1390686,47.121917724609375,5420.3184
2018-07-02,6.1546936,5.1859436,46.38672,0.0,,0.2207337,-0.53034693,-0.8477807,93.51147,6.1546936,47.731292724609375,5268.876
2018-07-03,6.5296936,5.8578186,19.363403,0.0,,0.4835391,0.7881545,0.6154775,95.47248,6.5296936,47.856292724609375,5326.5684
2018-07-04,6.287506,5.350006,17.913818,0.0,,0.19444504,0.9893943,0.14525457,93.721306,6.287506,47.051605224609375,5289.3086
2018-07-05,6.8890686,5.4828186,4.0779114,0.0,,0.13467228,0.78496397,0.6195414,90.75733,6.8890686,46.965667724609375,5381.8564
2018-07-06,7.9984436,6.6859436,8.987427,0.0,,0.16271421,0.6590621,0.75208855,91.42224,7.9984436,48.043792724609375,5552.53
2018-07-07,8.154694,7.1546936,13.60321,0.0,,0.365926,0.42032707,0.90737265,93.41126,8.154694,49.153167724609375,5576.5684
2018-07-08,8.310944,7.7015686,31.00586,0.0,,0.7470903,0.86337566,0.50456166,95.94284,8.310944,50.325042724609375,5600.6064
2018-07-09,7.3890686,6.850006,39.367676,0.0,,0.5158969,0.74439913,0.667735,96.377365,7.3890686,51.559417724609375,5458.78
2018-07-10,6.881256,6.4203186,34.576416,0.0,,0.17475188,0.102684654,0.99471396,96.882645,6.881256,51.910980224609375,5380.655
2018-07-11,7.4828186,7.100006,32.196045,0.0,,0.36647674,0.80941254,0.58724046,97.41719,7.4828186,53.106292724609375,5473.203
2018-07-12,7.3109436,6.7484436,20.03479,0.0,,0.66252404,0.77827364,0.6279253,96.22021,7.3109436,53.528167724609375,5446.7607
2018-07-13,7.3578186,6.9359436,38.146973,0.0,,0.56076044,0.6979048,0.7161905,97.154175,7.3578186,52.887542724609375,5453.972
2018-07-14,7.443756,6.881256,24.475098,0.0,,0.3615665,0.7434284,0.6688155,96.224144,7.443756,52.176605224609375,5467.1934
2018-07-15,7.475006,6.9515686,41.07666,0.0,,0.32669723,0.73833174,0.6744377,96.483086,7.475006,51.340667724609375,5472.001
2018-07-16,7.5296936,6.6859436,17.669678,0.0,,0.25918424,0.15966186,0.98717177,94.38763,7.5296936,51.481292724609375,5480.4146
2018-07-17,8.123444,7.1234436,11.0321045,0.0,,0.4784714,0.5964837,0.8026252,93.40968,8.123444,52.723480224609375,5571.7607
2018-07-18,7.756256,6.8578186,12.9852295,0.0,,0.47867948,0.5113045,0.8593996,94.04413,7.756256,52.996917724609375,5515.27
2018-07-19,7.9828186,6.8421936,9.887695,0.0,,0.47025123,0.67959434,0.7335881,92.506294,7.9828186,53.668792724609375,5550.126
2018-07-20,8.037506,6.975006,14.633179,0.0,,0.5933283,0.7587626,0.65136725,93.0062,8.037506,54.348480224609375,5558.5396
2018-07-21,7.2328186,6.600006,17.074585,0.0,,0.7360127,0.5761752,0.81732625,95.75413,7.2328186,54.137542724609375,5434.741
2018-07-22,7.412506,6.506256,12.9470825,0.0,,0.35847762,0.28825372,0.95755404,93.97772,7.412506,54.075042724609375,5462.3857
2018-07-23,7.756256,6.725006,15.457153,0.0,,0.6471396,0.7375455,0.67529744,93.19083,7.756256,54.301605224609375,5515.27
2018-07-24,7.8734436,7.0765686,22.201538,0.0,,0.5639947,0.7735521,0.6337327,94.70613,7.8734436,54.051605224609375,5533.299
2018-07-25,7.8578186,7.0140686,18.02063,0.0,,0.57548374,0.8705312,0.4921132,94.40191,7.8578186,54.153167724609375,5530.895
2018-07-26,7.4046936,6.756256,19.119263,0.0,,0.6630888,0.7982292,0.60235375,95.65718,7.4046936,53.575042724609375,5461.1836
2018-07-27,7.068756,6.3890686,14.762878,0.0,,0.6055984,0.70670354,0.70750976,95.4402,7.068756,52.606292724609375,5409.501
2018-07-28,7.2171936,6.412506,12.458801,0.0,,0.50934386,0.6629048,0.7487037,94.628136,7.2171936,52.590667724609375,5432.3374
2018-07-29,7.4359436,6.3734436,14.86969,0.0,,0.6574495,0.8414679,0.54030704,92.97371,7.4359436,52.614105224609375,5465.991
2018-07-30,6.9984436,6.2953186,20.233154,0.0,,0.55967724,0.89249957,0.45104823,95.283714,6.9984436,51.856292724609375,5398.6836
2018-07-31,7.162506,6.3421936,12.60376,0.0,,0.6654871,0.8202991,0.5719348,94.52407,7.162506,51.145355224609375,5423.924
2018-08-01,6.662506,6.1078186,25.238037,0.0,,0.49329343,0.887391,0.46101767,96.252785,6.662506,49.950042724609375,5347.001
2018-08-02,6.631256,6.0453186,22.827148,0.0,,0.6485502,0.7483639,0.66328835,96.04445,6.631256,49.176605224609375,5342.1934
2018-08-03,6.7171936,6.037506,13.938904,0.0,,0.31371567,0.7673275,0.64125544,95.427635,6.7171936,48.825042724609375,5355.4146
2018-08-04,7.2640686,6.787506,31.066895,0.0,,0.42567834,0.6796367,0.7335488,96.7882,7.2640686,48.871917724609375,5439.549
2018-08-05,6.912506,6.1546936,18.112183,0.0,,0.4403292,0.8876748,0.46047089,94.92186,6.912506,48.348480224609375,5385.4624
2018-08-06,6.818756,5.9203186,18.096924,0.0,,0.70206904,0.6339382,0.77338374,94.00064,6.818756,48.168792724609375,5371.0396
2018-08-07,6.7484436,5.943756,10.093689,0.0,,0.68736213,0.5896069,0.8076904,94.60848,6.7484436,47.754730224609375,5360.222
2018-08-08,7.0609436,6.0765686,22.247314,0.0,,0.4713179,0.71483403,0.69929415,93.45611,7.0609436,48.153167724609375,5408.299
2018-08-09,6.600006,6.0140686,19.973755,0.0,,0.21389888,-0.19959942,0.9798776,96.04348,6.600006,48.121917724609375,5337.3857
2018-08-10,7.0453186,6.4671936,15.258789,0.0,,0.4384799,0.64531803,0.76391405,96.10894,7.0453186,48.450042724609375,5405.895
2018-08-11,7.475006,6.9671936,14.198303,0.0,,0.53015816,0.70825714,0.70595455,96.586464,7.475006,48.660980224609375,5472.001
2018-08-12,7.412506,6.8578186,24.368286,0.0,,0.64889497,0.73818403,0.67459935,96.274796,7.412506,49.160980224609375,5462.3857
2018-08-13,7.0140686,6.5296936,30.715942,0.0,,0.35981607,0.6954779,0.71854746,96.72988,7.0140686,49.356292724609375,5401.0874
2018-08-14,7.2953186,6.7171936,13.977051,0.0,,0.51462185,0.85820377,0.5133092,96.11657,7.2953186,49.903167724609375,5444.3564
2018-08-15,7.2484436,6.381256,11.772156,0.0,,0.6767277,0.7294697,0.6840131,94.22318,7.2484436,50.090667724609375,5437.145
2018-08-16,7.6546936,6.9828186,13.786316,0.0,,0.6335574,0.6477714,0.76183474,95.51215,7.6546936,51.145355224609375,5499.645
2018-08-17,7.6078186,6.8265686,23.68164,0.0,,0.5376174,0.7620066,0.6475693,94.79677,7.6078186,51.707855224609375,5492.4336
2018-08-18,7.1078186,6.287506,18.615723,0.0,,0.4530201,0.7410121,0.6714917,94.52174,7.1078186,51.340667724609375,5415.5107
2018-08-19,7.443756,6.2796936,8.880615,0.0,,0.4355642,0.7118551,0.70232636,92.32596,7.443756,51.371917724609375,5467.1934
2018-08-20,7.537506,6.7796936,13.336182,0.0,,0.67120916,0.5641492,0.82567286,94.94655,7.537506,51.895355224609375,5481.616
2018-08-21,7.4671936,6.6390686,19.744873,0.0,,0.612441,0.5863926,0.810027,94.486305,7.4671936,52.067230224609375,5470.799
2018-08-22,7.2796936,6.5453186,18.661499,0.0,,0.5224519,0.65608615,0.754686,95.08953,7.2796936,52.098480224609375,5441.953
2018-08-23,7.3734436,6.8734436,19.226074,0.0,,0.5779407,0.7962843,0.6049226,96.635506,7.3734436,51.817230224609375,5456.376
2018-08-24,7.2328186,6.5140686,23.834229,0.0,,0.5230093,0.78282326,0.6222441,95.18999,7.2328186,51.442230224609375,5434.741
2018-08-25,6.8578186,6.1546936,14.1067505,0.0,,0.5591844,0.9421856,0.33509147,95.27852,6.8578186,51.192230224609375,5377.049
2018-08-26,7.3578186,6.725006,12.481689,0.0,,0.6067614,0.72144365,0.6924732,95.758286,7.3578186,51.106292724609375,5453.972
2018-08-27,7.443756,6.9203186,17.944336,0.0,,0.52906173,0.766023,0.6428132,96.48223,7.443756,51.012542724609375,5467.1934
2018-08-28,6.568756,6.0765686,26.901245,0.0,,0.6764617,0.86401445,0.503467,96.66625,6.568756,50.114105224609375,5332.5776
2018-08-29,7.256256,6.5609436,19.714355,0.0,,0.6859257,0.6082821,0.7937209,95.344406,7.256256,50.090667724609375,5438.347
2018-08-30,6.912506,6.193756,27.114868,0.0,,0.47824377,0.79432887,0.607488,95.17793,6.912506,49.629730224609375,5385.4624
2018-08-31,6.600006,6.006256,18.89038,0.0,,0.43175125,0.8493299,0.5278624,95.99167,6.600006,48.996917724609375,5337.3857
2019-06-01,2.537506,0.6703186,12.573242,0.0,,0.074019775,0.54916966,0.8357109,87.49061,2.537506,2.537506103515625,4712.3857
2019-06-02,2.1859436,0.6703186,9.109497,0.0,,0.10489783,0.5003939,0.8657979,89.70603,2.1859436,4.72344970703125,4658.299
2019-06-03,2.2640686,0.2484436,2.5177002,0.0,,0.10727939,-0.9364694,0.35074928,86.53043,2.2640686,6.987518310546875,4670.3184
2019-06-04,3.5765686,1.7953186,2.5691986,0.0,,0.3081591,-0.99665684,0.081701264,88.12909,3.5765686,10.5640869140625,4872.241
2019-06-05,4.2015686,2.7640686,4.989624,0.0,,0.36825517,-0.9758858,-0.21828158,90.3642,4.2015686,14.765655517578125,4968.395
2019-06-06,4.5921936,2.8578186,7.74765,0.0,,0.22008502,-0.99615264,0.08763485,88.51414,4.5921936,19.35784912109375,5028.491
2019-06-07,3.8421936,2.537506,6.0577393,0.0,,0.118601,-0.97573084,0.2189734,91.19413,3.8421936,23.200042724609375,4913.1064
2019-06-08,3.7796936,1.3734436,1.7614365,0.0,,0.22102892,-0.9670459,0.25460202,84.293884,3.7796936,24.442230224609375,4903.491
2019-06-09,3.1390686,0.1390686,1.6107559,0.0,,0.19097356,-0.9517689,-0.30681595,80.68158,3.1390686,25.395355224609375,4804.9336
2019-06-10,3.8578186,1.4984436,2.691269,0.0,,0.16401523,-0.9987997,0.048981804,84.58665,3.8578186,26.989105224609375,4915.5107
2019-06-11,4.7953186,3.0609436,8.720398,0.0,,0.10605377,-0.9927572,-0.12013796,88.53189,4.7953186,28.207855224609375,5059.741
2019-06-12,4.8890686,3.1234436,4.5928955,0.0,,0.12856604,-0.92241544,0.38619915,88.34473,4.8890686,28.895355224609375,5074.1646
2019-06-13,5.7328186,4.3421936,7.575989,0.0,,0.11255684,-0.7342211,0.6789105,90.77435,5.7328186,30.035980224609375,5203.972
2019-06-14,6.4046936,4.9515686,11.070251,0.0,,0.523264,0.74278355,0.6695316,90.42736,6.4046936,32.598480224609375,5307.3374
2019-06-15,5.7796936,3.9515686,3.3340454,0.0,,0.54568136,0.5664149,0.8241203,88.03617,5.7796936,34.598480224609375,5211.1836
2019-06-16,5.9671936,3.9046936,5.958557,0.0,,0.54649395,0.6240956,0.781348,86.61669,5.9671936,37.426605224609375,5240.03
2019-06-17,4.787506,2.5296936,6.881714,0.0,,0.56810975,0.83369946,0.55221844,85.30672,4.787506,38.356292724609375,5058.5396
2019-06-18,4.568756,2.4515686,7.56073,0.0,,0.71773905,0.8551431,0.5183921,86.13983,4.568756,38.129730224609375,5024.8857
2019-06-19,5.2796936,2.662506,6.3705444,0.0,,0.62445545,0.71507615,0.69904655,83.21461,5.2796936,38.520355224609375,5134.2607
2019-06-20,5.068756,3.100006,1.5201569,0.0,,0.16077885,0.6977449,0.7163463,87.10173,5.068756,37.856292724609375,5101.8086
2019-06-21,6.5140686,3.662506,1.0738373,0.0,,0.40377766,0.6778028,0.73524374,82.00381,6.5140686,37.965667724609375,5324.1646
2019-06-22,6.7015686,5.537506,17.8833,0.0,,0.54771495,0.9761792,0.2169659,92.28198,6.7015686,38.887542724609375,5353.0107
2019-06-23,6.0921936,4.7796936,14.350891,0.0,,0.11739619,0.99926215,0.0384082,91.29604,6.0921936,39.012542724609375,5259.2607
2019-06-24,6.6546936,4.3421936,3.435135,0.0,,0.21952635,-0.50990903,0.8602283,85.18324,6.6546936,40.879730224609375,5345.799
2019-06-25,7.2015686,5.537506,5.4893494,0.0,,0.29150483,0.31302243,0.9497457,89.17297,7.2015686,43.512542724609375,5429.9336
2019-06-26,6.850006,5.5296936,9.742737,0.0,,0.39638433,0.6584174,0.752653,91.29708,6.850006,45.082855224609375,5375.847
2019-06-27,6.4046936,5.4203186,13.420105,0.0,,0.38603458,0.9201886,0.39147538,93.42272,6.4046936,46.418792724609375,5307.3374
2019-06-28,5.787506,4.631256,14.152527,0.0,,0.044687133,0.9847655,-0.17388755,92.27765,5.787506,45.692230224609375,5212.3857
2019-06-29,6.7640686,5.3109436,9.666443,0.0,,0.28691357,0.8215637,0.5701167,90.4536,6.7640686,45.754730224609375,5362.626
2019-06-30,7.1078186,5.6546936,9.429932,0.0,,0.3703066,0.77796596,0.6283064,90.47861,7.1078186,46.770355224609375,5415.5107
2019-07-01,7.5765686,5.9671936,10.818481,0.0,,0.48768964,0.70735705,0.7068564,89.54136,7.5765686,47.692230224609375,5487.626
2019-07-02,7.8734436,6.7015686,8.628845,0.0,,0.38741508,0.6528648,0.7574745,92.30171,7.8734436,48.364105224609375,5533.299
2019-07-03,8.264069,7.0140686,16.067505,0.0,,0.35539776,0.71648926,0.6975981,91.83206,8.264069,49.778167724609375,5593.395
2019-07-04,8.006256,7.193756,12.054443,0.0,,0.46697572,0.7261862,0.6874981,94.610405,8.006256,51.379730224609375,5553.7314
2019-07-05,7.7015686,6.943756,11.421204,0.0,,0.5394005,0.6780169,0.7350463,94.953,7.7015686,53.293792724609375,5506.8564
2019-07-06,7.068756,5.9828186,8.911133,0.0,,0.33962888,0.27370036,0.961815,92.80341,7.068756,53.598480224609375,5409.501
2019-07-07,7.7953186,6.568756,13.954163,0.0,,0.35475522,0.5608786,0.8278981,91.95079,7.7953186,54.285980224609375,5521.28
2019-07-08,7.9203186,6.975006,25.100708,0.0,,0.5089834,0.97947234,0.20157853,93.750114,7.9203186,54.629730224609375,5540.5107
2019-07-09,7.1859436,6.1859436,23.666382,0.0,,0.3402017,0.9544544,-0.29835668,93.361786,7.1859436,53.942230224609375,5427.53
2019-07-10,7.4671936,6.3109436,12.09259,0.0,,0.4846904,0.99632704,-0.085629776,92.377045,7.4671936,53.145355224609375,5470.799
2019-07-11,7.8578186,6.8421936,24.353027,0.0,,0.47979665,0.86503124,-0.501718,93.29611,7.8578186,52.996917724609375,5530.895
2019-07-12,6.0140686,4.9203186,62.22534,0.0,,0.46575075,-0.41463217,-0.9099891,92.69401,6.0140686,51.309417724609375,5247.241
2019-07-13,5.2015686,4.1078186,34.0271,0.0,,0.39177808,-0.89984375,-0.4362124,92.64781,5.2015686,49.442230224609375,5122.241
2019-07-14,5.0609436,4.1859436,72.265625,0.0,,0.32157376,-0.7269394,-0.68670166,94.07224,5.0609436,46.707855224609375,5100.6064
2019-07-15,4.5921936,4.225006,52.856445,0.0,,0.5849617,0.9999987,-0.0016082955,97.46395,4.5921936,43.379730224609375,5028.491
2019-07-16,4.0140686,3.412506,10.223389,0.0,,0.09578494,0.99978304,0.020828843,95.85615,4.0140686,40.207855224609375,4939.549
2019-07-17,5.193756,4.0140686,7.9727173,0.0,,0.20665243,-0.8842831,-0.4669511,92.090454,5.193756,37.934417724609375,5121.0396
2019-07-18,5.4046936,4.1546936,4.524231,0.0,,0.21012658,-0.97132677,-0.23774853,91.65064,5.4046936,35.481292724609375,5153.491
2019-07-19,6.318756,5.3109436,9.9105835,0.0,,0.11972892,0.2235376,0.9746953,93.26641,6.318756,35.785980224609375,5294.116
2019-07-20,6.5453186,5.568756,10.070801,0.0,,0.1919103,0.4672008,0.8841512,93.4805,6.5453186,37.129730224609375,5328.972
2019-07-21,6.8265686,5.7796936,8.628845,0.0,,0.20708054,0.38021606,0.9248977,93.04111,6.8265686,38.895355224609375,5372.241
2019-07-22,6.8578186,5.912506,8.842468,0.0,,0.1890422,0.1979164,0.9802189,93.69846,6.8578186,41.160980224609375,5377.049
2019-07-23,7.5765686,6.381256,17.89856,0.0,,0.23429854,-0.067469925,0.9977213,92.135345,7.5765686,44.723480224609375,5487.626
2019-07-24,7.037506,5.787506,39.79492,0.0,,0.10551251,-0.9197573,-0.3924876,91.75496,7.037506,46.567230224609375,5404.6934
2019-07-25,7.1078186,6.1390686,14.038086,0.0,,0.36467493,0.89240974,0.451226,93.55929,7.1078186,48.270355224609375,5415.5107
2019-07-26,7.4359436,6.7015686,16.37268,0.0,,0.6762532,0.7393681,0.67330146,95.09551,7.4359436,49.387542724609375,5465.991
2019-07-27,7.4359436,6.6859436,14.404297,0.0,,0.40460113,0.38859645,0.92140806,94.993515,7.4359436,50.278167724609375,5465.991
2019-07-28,7.7484436,6.787506,25.543213,0.0,,0.4995116,0.662268,0.74926704,93.64133,7.7484436,51.200042724609375,5514.0684
2019-07-29,7.787506,7.037506,21.499634,0.0,,0.5142421,0.628105,0.7781286,95.0072,7.787506,52.129730224609375,5520.078
2019-07-30,7.4046936,7.0453186,20.477295,0.0,,0.6388988,0.84679395,0.5319211,97.57211,7.4046936,51.957855224609375,5461.1836
2019-07-31,7.3421936,6.5921936,10.307312,0.0,,0.6009106,0.75568914,0.6549305,94.98985,7.3421936,52.262542724609375,5451.5684
2019-08-01,7.0453186,6.4046936,21.102905,0.0,,0.71584386,0.7359922,0.67699003,95.69641,7.0453186,52.200042724609375,5405.895
2019-08-02,7.0765686,6.412506,20.629883,0.0,,0.5177405,0.81861115,0.5743481,95.5432,7.0765686,51.840667724609375,5410.703
2019-08-03,7.6234436,6.9515686,12.962341,0.0,,0.39549133,0.5207007,0.85373926,95.511055,7.6234436,52.028167724609375,5494.8374
2019-08-04,7.7953186,6.9203186,10.688782,0.0,,0.32490945,0.51471674,0.8573603,94.19718,7.7953186,52.075042724609375,5521.28
2019-08-05,7.7015686,6.631256,15.411377,0.0,,0.4939987,0.89403147,0.44800422,92.93818,7.7015686,51.989105224609375,5506.8564
2019-08-06,7.693756,6.2484436,11.650085,0.0,,0.44526657,0.59710103,0.80216604,90.569756,7.693756,52.278167724609375,5505.655
2019-08-07,7.8421936,6.537506,9.567261,0.0,,0.3657185,0.3124201,0.949944,91.46113,7.8421936,52.778167724609375,5528.491
2019-08-08,7.6859436,6.600006,24.093628,0.0,,0.29395607,0.5780519,0.816,92.83758,7.6859436,53.418792724609375,5504.453
2019-08-09,6.5765686,5.8890686,18.585205,0.0,,0.16770956,-0.7533427,0.6576281,95.37108,6.5765686,52.918792724609375,5333.78
2019-08-10,7.4828186,5.881256,10.635376,0.0,,0.14855139,-0.056340408,0.9984116,89.582306,7.4828186,52.778167724609375,5473.203
2019-08-11,7.3265686,6.1703186,13.420105,0.0,,0.45867792,0.65416014,0.75635606,92.36879,7.3265686,52.309417724609375,5449.1646
2019-08-12,7.5609436,5.8734436,9.262085,0.0,,0.4264628,0.38928512,0.9211173,89.057945,7.5609436,52.168792724609375,5485.222
2019-08-13,7.506256,6.7328186,15.2282715,0.0,,0.5076221,0.542992,0.83973783,94.84351,7.506256,51.981292724609375,5476.8086
2019-08-14,7.5765686,6.7484436,14.404297,0.0,,0.619628,0.6717898,0.7407418,94.49098,7.5765686,51.715667724609375,5487.626
2019-08-15,7.537506,6.7640686,12.672424,0.0,,0.4816288,0.6741852,0.7385623,94.84477,7.537506,51.567230224609375,5481.616
2019-08-16,7.4515686,6.4671936,11.528015,0.0,,0.5060432,0.7174034,0.696658,93.47585,7.4515686,52.442230224609375,5468.395
2019-08-17,7.1390686,5.9984436,12.825012,0.0,,0.32307518,0.8380463,0.5455991,92.45751,7.1390686,52.098480224609375,5420.3184
2019-08-18,6.537506,5.381256,8.216858,0.0,,0.1788033,0.7468818,0.66495687,92.322266,6.537506,51.309417724609375,5327.77
2019-08-19,6.6703186,5.3734436,8.804321,0.0,,0.18078123,0.56787497,0.8231149,91.43373,6.6703186,50.418792724609375,5348.203
2019-08-20,7.0140686,5.568756,10.360718,0.0,,0.34296474,0.8335804,0.5523982,90.52079,7.0140686,49.926605224609375,5401.0874
2019-08-21,6.8890686,5.5140686,8.262634,0.0,,0.4819211,0.85767174,0.51419765,90.95422,6.8890686,49.239105224609375,5381.8564
2019-08-22,6.881256,5.4046936,6.8588257,0.0,,0.2525728,0.7389771,0.67373055,90.315125,6.881256,48.582855224609375,5380.655
2019-08-23,7.6234436,6.068756,18.920898,0.0,,0.5652667,0.9182266,0.39605543,89.88382,7.6234436,48.754730224609375,5494.8374
2019-08-24,6.5609436,6.0140686,20.217896,0.0,,0.65253174,0.62706476,0.7789671,96.301735,6.5609436,48.176605224609375,5331.376
2019-08-25,6.1703186,5.100006,10.421753,0.0,,0.53833807,0.3795862,0.92515635,92.85413,6.1703186,47.809417724609375,5271.28
2019-08-26,6.9671936,5.3890686,11.985779,0.0,,0.4628569,0.5314205,0.8471081,89.68728,6.9671936,48.106292724609375,5393.876
2019-08-27,6.975006,5.381256,8.049011,0.0,,0.22307682,0.42053244,0.9072775,89.59068,6.975006,48.067230224609375,5395.078
2019-08-28,7.6703186,5.7484436,7.411957,0.0,,0.34695485,0.6340039,0.7733299,87.63528,7.6703186,48.848480224609375,5502.049
2019-08-29,7.287506,6.1703186,12.283325,0.0,,0.29940155,0.6368498,0.77098787,92.61574,7.287506,49.254730224609375,5443.155
2019-08-30,7.8109436,6.4828186,9.45282,0.0,,0.27451178,0.5994306,0.8004267,91.311745,7.8109436,49.442230224609375,5523.6836
2019-08-31,7.256256,6.225006,24.627686,0.0,,0.482867,0.7022872,0.71189374,93.16448,7.256256,50.137542724609375,5438.347
2020-06-01,0.7015686,-1.5484314,2.412796,0.0,,0.11925627,-0.62644106,0.7794688,84.89618,0.7015686,0.701568603515625,4429.9336
2020-06-02,1.4125061,-1.5249939,1.0919571,0.0,,0.1717792,-0.99913645,-0.041549206,80.805046,1.4125061,2.11407470703125,4539.3086
2020-06-03,2.506256,-1.0171814,0.9331703,0.0,,0.18948616,0.32500774,0.9457114,77.57145,2.506256,4.620330810546875,4707.5776
2020-06-04,2.943756,1.3578186,11.932373,0.0,,0.40574682,0.9651377,0.2617425,89.31482,2.943756,7.5640869140625,4774.8857
2020-06-05,3.2171936,2.506256,28.045654,0.0,,0.3772274,0.97467947,-0.22360678,95.08837,3.2171936,10.781280517578125,4816.9526
2020-06-06,3.006256,1.9125061,23.773193,0.0,,0.055711757,0.75264454,0.65842706,92.5208,3.006256,13.78753662109375,4784.501
2020-06-07,2.693756,1.3187561,5.012512,0.0,,0.15491709,-0.9975724,0.06963699,90.65689,2.693756,16.481292724609375,4736.424
2020-06-08,3.8265686,1.4984436,3.9634705,0.0,,0.26043427,-0.97212183,-0.23447633,84.77261,3.8265686,19.606292724609375,4910.7026
2020-06-09,5.3734436,3.568756,10.612488,0.0,,0.11499241,0.06541808,0.9978579,88.14472,5.3734436,23.567230224609375,5148.6836
2020-06-10,5.068756,3.3109436,1.502037,0.0,,0.07892094,-0.9187646,0.3948058,88.40938,5.068756,26.129730224609375,5101.8086
2020-06-11,5.0296936,3.4828186,4.917145,0.0,,0.22867084,-0.9886447,0.15027183,89.7313,5.0296936,28.215667724609375,5095.799
2020-06-12,5.0296936,3.6078186,5.3863525,0.0,,0.2347864,-0.99824774,-0.059173495,90.52496,5.0296936,30.028167724609375,5095.799
2020-06-13,6.006256,4.2640686,17.37976,0.0,,0.1306732,-0.997688,-0.067960456,88.58845,6.006256,33.028167724609375,5246.0396
2020-06-14,5.7796936,4.5921936,18.218994,0.0,,0.15760733,-0.96427965,-0.26488638,92.07599,5.7796936,36.114105224609375,5211.1836
2020-06-15,6.162506,4.975006,36.102295,0.0,,0.19494595,0.8566077,0.5159683,92.09938,6.162506,38.450042724609375,5270.0776
2020-06-16,5.5765686,4.8109436,28.137207,0.0,,0.14777057,-0.28313896,-0.9590789,94.81682,5.5765686,38.653167724609375,5179.9336
2020-06-17,6.6390686,5.3734436,8.979797,0.0,,0.13307352,-0.24102445,0.97051907,91.63025,6.6390686,40.223480224609375,5343.395
2020-06-18,6.2484436,4.9046936,23.81897,0.0,,0.23618813,-0.98146987,-0.19161662,91.10792,6.2484436,41.442230224609375,5283.299
2020-06-19,6.4046936,5.3109436,45.50171,0.0,,0.046212714,0.48174128,-0.8763135,92.716064,6.4046936,42.817230224609375,5307.3374
2020-06-20,6.100006,5.4984436,28.457642,0.0,,0.38126677,0.988686,0.14999981,95.9239,6.100006,42.910980224609375,5260.4624
2020-06-21,6.2328186,5.3109436,12.283325,0.0,,0.22579777,0.62765735,0.7784897,93.8204,6.2328186,43.364105224609375,5280.895
2020-06-22,5.9671936,4.850006,17.959595,0.0,,0.12385343,-0.8259353,0.56376487,92.540054,5.9671936,43.168792724609375,5240.03
2020-06-23,6.193756,4.8578186,12.268066,0.0,,0.08245173,-0.9430825,0.33255875,91.15381,6.193756,43.785980224609375,5274.8857
2020-06-24,6.1234436,4.6703186,8.918762,0.0,,0.14927483,-0.8676386,0.49719536,90.406746,6.1234436,43.270355224609375,5264.0684
2020-06-25,6.287506,5.2796936,19.577026,0.0,,0.2600363,0.6032249,0.7975712,93.26478,6.287506,43.309417724609375,5289.3086
2020-06-26,5.5296936,4.0140686,27.98462,0.0,,0.2819944,-0.9990917,-0.042611852,89.96762,5.5296936,42.434417724609375,5172.722
2020-06-27,6.0765686,5.0765686,8.338928,0.0,,0.06821931,0.5224991,0.85263985,93.30444,6.0765686,42.410980224609375,5256.8564
2020-06-28,5.7640686,4.662506,7.1525574,0.0,,0.15715855,-0.9483916,-0.31710148,92.6293,5.7640686,41.942230224609375,5208.78
2020-06-29,5.4828186,4.1859436,22.872925,0.0,,0.3625306,-0.97041917,-0.24142632,91.35512,5.4828186,41.457855224609375,5165.5107
2020-06-30,5.787506,4.506256,6.4086914,0.0,,0.2428338,-0.9968358,-0.07948794,91.47526,5.787506,41.051605224609375,5212.3857
2020-07-01,6.2796936,5.0140686,8.621216,0.0,,0.25471243,-0.9939595,0.1097477,91.607086,6.2796936,41.207855224609375,5288.1064
2020-07-02,6.5140686,5.2484436,10.4599,0.0,,0.1408995,-0.9504018,0.31102484,91.6222,6.5140686,41.434417724609375,5324.1646
2020-07-03,6.9515686,6.100006,19.699097,0.0,,0.2592293,0.59803927,0.8014668,94.311485,6.9515686,42.856292724609375,5391.472
2020-07-04,5.631256,4.8890686,43.395996,0.0,,0.11105832,-0.91944325,-0.39322272,94.97405,5.631256,42.410980224609375,5188.347
2020-07-05,6.6703186,5.693756,7.6408386,0.0,,0.22928984,0.7767487,0.62981063,93.486824,6.6703186,43.317230224609375,5348.203
2020-07-06,7.1546936,6.100006,16.708374,0.0,,0.29023156,0.57453454,0.8184804,93.008575,7.1546936,44.989105224609375,5422.722
2020-07-07,7.3578186,6.3734436,13.000488,0.0,,0.35512722,0.915715,0.4018284,93.47113,7.3578186,46.559417724609375,5453.972
2020-07-08,7.9203186,7.0765686,9.178162,0.0,,0.38250482,0.6436934,0.76528347,94.40462,7.9203186,48.200042724609375,5540.5107
2020-07-09,7.8578186,6.9515686,22.277832,0.0,,0.5708149,0.84044117,0.5419028,93.99846,7.8578186,49.543792724609375,5530.895
2020-07-10,7.318756,6.7796936,44.158936,0.0,,0.43519437,0.8751478,0.4838557,96.37537,7.318756,49.910980224609375,5447.9624
2020-07-11,6.881256,6.0140686,45.318604,0.0,,0.107015535,-0.5298451,0.8480944,94.206665,6.881256,51.160980224609375,5380.655
2020-07-12,6.4828186,5.4359436,22.857666,0.0,,0.22776246,0.80339575,0.5954454,93.02256,6.4828186,50.973480224609375,5319.3564
2020-07-13,6.787506,5.5765686,6.8588257,0.0,,0.09180155,-0.83373415,0.55216604,91.98784,6.787506,50.606292724609375,5366.2314
2020-07-14,7.350006,6.3734436,12.367249,0.0,,0.4354731,0.8274944,0.56147397,93.52103,7.350006,50.598480224609375,5452.77
2020-07-15,7.3734436,6.412506,10.986328,0.0,,0.5523661,0.7478481,0.66386986,93.622856,7.3734436,50.051605224609375,5456.376
2020-07-16,7.6234436,6.6546936,12.161255,0.0,,0.39439502,0.7688298,0.6394534,93.58494,7.6234436,49.817230224609375,5494.8374
2020-07-17,7.8265686,6.975006,20.736694,0.0,,0.42947063,0.536066,0.84417605,94.35002,7.8265686,50.325042724609375,5526.0874
2020-07-18,7.4984436,6.943756,16.662598,0.0,,0.5130222,0.62817097,0.77807534,96.277306,7.4984436,50.942230224609375,5475.6064
2020-07-19,7.5453186,6.7484436,32.562256,0.0,,0.317103,0.95930725,0.2823643,94.69261,7.5453186,52.004730224609375,5482.8184
2020-07-20,5.318756,4.3109436,48.27881,0.0,,0.24336791,-0.5256637,-0.85069245,93.21386,5.318756,50.535980224609375,5140.27
2020-07-21,5.2171936,4.2953186,17.562866,0.0,,0.13893774,-0.99193627,0.12673768,93.77125,5.2171936,48.403167724609375,5124.645
2020-07-22,6.4203186,5.475006,7.385254,0.0,,0.34130397,0.93205833,0.36230817,93.67702,6.4203186,47.450042724609375,5309.741
2020-07-23,6.693756,5.7171936,48.37036,0.0,,0.24777967,0.7498235,0.6616379,93.48801,6.693756,46.520355224609375,5351.8086
2020-07-24,5.8734436,4.537506,17.684937,0.0,,0.28396752,-0.99816793,-0.060504816,91.13201,5.8734436,44.567230224609375,5225.6064
2020-07-25,6.4984436,5.4046936,13.282776,0.0,,0.19069399,-0.6567807,0.7540816,92.72135,6.4984436,43.567230224609375,5321.7607
2020-07-26,7.287506,6.3578186,10.246277,0.0,,0.22204602,0.27666286,0.96096706,93.82034,7.287506,43.309417724609375,5443.155
2020-07-27,7.4828186,6.725006,16.25061,0.0,,0.44581282,0.85977966,0.51066524,94.9444,7.4828186,45.473480224609375,5473.203
2020-07-28,6.6859436,6.3109436,49.89624,0.0,,0.13501172,0.93036634,-0.36663127,97.45332,6.6859436,46.942230224609375,5350.6064
2020-07-29,6.475006,5.7171936,11.619568,0.0,,0.4748055,0.59851813,0.80110925,94.90447,6.475006,46.996917724609375,5318.155
2020-07-30,6.8734436,5.9828186,11.329651,0.0,,0.4152731,0.5247041,0.8512847,94.05394,6.8734436,47.176605224609375,5379.453
2020-07-31,7.6234436,6.8890686,15.24353,0.0,,0.5085708,0.7628033,0.6466306,95.10268,7.6234436,48.926605224609375,5494.8374
2020-08-01,7.5453186,6.7171936,17.303467,0.0,,0.25563672,0.516671,0.856184,94.489655,7.5453186,49.973480224609375,5482.8184
2020-08-02,8.248444,6.9828186,10.063171,0.0,,0.32517368,0.7868391,0.6171582,91.73283,8.248444,50.934417724609375,5590.991
2020-08-03,7.9359436,6.6078186,9.979248,0.0,,0.23859148,0.8421413,0.53925693,91.32003,7.9359436,51.387542724609375,5542.9146
2020-08-04,8.100006,6.100006,8.911133,0.0,,0.20820151,0.56608087,0.8243497,87.203705,8.100006,52.801605224609375,5568.155
2020-08-05,8.685944,6.818756,12.657166,0.0,,0.4750653,0.65163743,0.7585306,88.058716,8.685944,55.012542724609375,5658.299
2020-08-06,7.9828186,6.7328186,18.569946,0.0,,0.26614603,0.5581882,0.82971436,91.81449,7.9828186,56.121917724609375,5550.126
2020-08-07,8.623444,7.5296936,15.335083,0.0,,0.42004067,0.7515316,0.6596971,92.839516,8.623444,57.121917724609375,5648.6836
2020-08-08,8.717194,7.8578186,34.820557,0.0,,0.3445647,0.7411412,0.67134917,94.338684,8.717194,58.293792724609375,5663.1064
2020-08-09,8.107819,7.631256,30.227661,0.0,,0.6867943,0.8687895,0.49518156,96.80942,8.107819,58.153167724609375,5569.3564
2020-08-10,7.3421936,6.5453186,23.544312,0.0,,0.63169485,0.7138379,0.7003109,94.68422,7.3421936,57.559417724609375,5451.5684
2020-08-11,8.475006,7.6078186,22.55249,0.0,,0.7168203,0.84329665,0.53744835,94.27785,8.475006,57.934417724609375,5625.847
2020-08-12,8.295319,7.7484436,23.468018,0.0,,0.7119476,0.94165653,0.33657533,96.351715,8.295319,57.543792724609375,5598.203
2020-08-13,7.9359436,7.1703186,22.750854,0.0,,0.67454904,0.820861,0.5711281,94.911446,7.9359436,57.496917724609375,5542.9146
2020-08-14,7.8578186,7.193756,40.924072,0.0,,0.48444888,0.7277116,0.6858833,95.57033,7.8578186,56.731292724609375,5530.895
2020-08-15,7.193756,6.475006,23.391724,0.0,,0.30744955,0.69124967,0.722616,95.18852,7.193756,55.207855224609375,5428.7314
2020-08-16,7.9828186,7.1546936,13.2751465,0.0,,0.4008801,0.5980494,0.80145925,94.50833,7.9828186,55.082855224609375,5550.126
2020-08-17,8.045319,6.7015686,16.51001,0.0,,0.09181506,0.54011905,0.8415886,91.229324,8.045319,55.785980224609375,5559.741
2020-08-18,8.225006,6.756256,17.837524,0.0,,0.2918242,0.9328109,0.3603662,90.46212,8.225006,55.535980224609375,5587.3857
2020-08-19,7.6546936,6.2328186,24.490356,0.0,,0.76041085,0.766059,0.6427703,90.713425,7.6546936,54.895355224609375,5499.645
2020-08-20,7.037506,5.756256,10.101318,0.0,,0.55062026,0.64735234,0.7621909,91.55678,7.037506,53.996917724609375,5404.6934
2020-08-21,6.943756,5.6078186,15.045166,0.0,,0.5706068,0.7919714,0.6105582,91.204544,6.943756,53.082855224609375,5390.27
2020-08-22,6.756256,5.7796936,15.655518,0.0,,0.6260484,0.86807513,0.49643287,93.49116,6.756256,52.645355224609375,5361.424
2020-08-23,7.2484436,6.318756,23.483276,0.0,,0.5932175,0.77618957,0.6304996,93.81847,7.2484436,51.910980224609375,5437.145
2020-08-24,7.3265686,6.256256,17.25769,0.0,,0.25155923,0.6186998,0.7856275,92.917725,7.3265686,51.192230224609375,5449.1646
2020-08-25,7.6859436,6.0296936,23.101807,0.0,,0.3590818,0.70369905,0.71049815,89.26069,7.6859436,50.653167724609375,5504.453
2020-08-26,7.2953186,5.881256,8.766174,0.0,,0.36937025,0.42004293,0.90750426,90.73694,7.2953186,50.293792724609375,5444.3564
2020-08-27,6.7484436,5.412506,8.476257,0.0,,0.43230322,0.62799525,0.77821714,91.191376,6.7484436,50.004730224609375,5360.222
2020-08-28,6.412506,5.475006,10.185242,0.0,,0.46402323,0.8644461,0.50272554,93.72741,6.412506,49.473480224609375,5308.5396
2020-08-29,6.4046936,5.1234436,8.117676,0.0,,0.2205975,0.77138686,0.6363665,91.51565,6.4046936,49.121917724609375,5307.3374
2020-08-30,6.3578186,4.381256,3.8032532,0.0,,0.18429965,-0.30467957,0.9524549,87.17866,6.3578186,48.231292724609375,5300.126
2020-08-31,7.7484436,6.2484436,9.414673,0.0,,0.22477931,0.61638147,0.7874477,90.23297,7.7484436,48.653167724609375,5514.0684
2021-06-01,3.4515686,1.3578186,1.4734268,0.0,,0.087261304,-0.4207208,0.90719014,86.16737,3.4515686,3.451568603515625,4853.0107
2021-06-02,2.443756,0.0140686035,1.2788773,0.0,,0.24890314,-0.9828277,-0.18452545,83.99321,2.443756,5.89532470703125,4697.9624
2021-06-03,3.4203186,0.2250061,0.5836487,0.0,,0.24060805,-0.9543083,-0.2988238,79.589066,3.4203186,9.315643310546875,4848.203
2021-06-04,3.7015686,1.3812561,2.5844574,0.0,,0.22689576,-0.9996072,-0.028026529,84.805855,3.7015686,13.0172119140625,4891.472
2021-06-05,3.9359436,2.0296936,3.0097961,0.0,,0.18767568,-0.9678431,0.2515547,87.3795,3.9359436,16.953155517578125,4927.53
2021-06-06,4.412506,2.3265686,5.2452087,0.0,,0.17839316,-0.8279751,0.5607649,86.31526,4.412506,21.36566162109375,5000.847
2021-06-07,4.2328186,2.068756,2.040863,0.0,,0.16770151,-0.54483485,0.83854336,85.817505,4.2328186,25.598480224609375,4973.2026
2021-06-08,4.600006,1.8500061,7.511139,0.0,,0.30373392,-0.9709876,-0.2391298,82.345695,4.600006,26.746917724609375,5029.6934
2021-06-09,5.3265686,2.8578186,4.5433044,0.0,,0.2152031,-0.9892544,-0.14620428,84.100685,5.3265686,29.629730224609375,5141.472
2021-06-10,5.1234436,3.787506,6.4086914,0.0,,0.084278144,-0.67641306,0.7365225,91.08066,5.1234436,31.332855224609375,5110.222
2021-06-11,5.4046936,4.100006,12.435913,0.0,,0.24271174,0.47000077,0.882666,91.29987,5.4046936,33.035980224609375,5153.491
2021-06-12,5.4515686,4.2171936,29.556274,0.0,,0.15909995,-0.30076414,0.9536986,91.75406,5.4515686,34.551605224609375,5160.7026
2021-06-13,5.7953186,4.350006,14.381409,0.0,,0.22002222,0.70904595,0.7051622,90.43205,5.7953186,35.934417724609375,5213.5874
2021-06-14,6.631256,5.5296936,34.973145,0.0,,0.52844375,0.8551606,0.5183632,92.67861,6.631256,38.332855224609375,5342.1934
2021-06-15,5.506256,4.6234436,34.576416,0.0,,0.38626075,0.9879124,-0.15501316,94.041534,5.506256,39.239105224609375,5169.116
2021-06-16,6.1546936,5.256256,11.230469,0.0,,0.29959548,0.6274737,0.77863777,93.96955,6.1546936,40.067230224609375,5268.876
2021-06-17,6.443756,5.3109436,10.360718,0.0,,0.3613368,0.71349645,0.70065886,92.46711,6.443756,41.387542724609375,5313.347
2021-06-18,6.2953186,5.3265686,24.475098,0.0,,0.47178566,0.84918815,0.5280904,93.518555,6.2953186,42.278167724609375,5290.5107
2021-06-19,5.9046936,5.1390686,17.227173,0.0,,0.5232054,0.89498645,0.44609335,94.83014,5.9046936,42.731292724609375,5230.4146
2021-06-20,5.7171936,4.7484436,22.491455,0.0,,0.27442065,0.99997604,0.0069260797,93.48934,5.7171936,42.653167724609375,5201.5684
2021-06-21,6.6859436,5.6859436,11.627197,0.0,,0.35202014,0.85721743,0.5149547,93.33604,6.6859436,42.707855224609375,5350.6064
2021-06-22,6.9671936,5.9359436,16.235352,0.0,,0.53194565,0.71781003,0.696239,93.1492,6.9671936,44.168792724609375,5393.876
2021-06-23,6.4671936,5.6390686,11.856079,0.0,,0.5147773,0.78395927,0.6208123,94.4432,6.4671936,44.481292724609375,5316.9526
2021-06-24,6.1703186,4.9203186,8.44574,0.0,,0.32662377,0.73476046,0.67832667,91.6998,6.1703186,44.207855224609375,5271.28
2021-06-25,6.2328186,4.725006,12.664795,0.0,,0.46624705,0.95091087,0.30946487,90.07047,6.2328186,44.145355224609375,5280.895
2021-06-26,5.2640686,4.0140686,19.79065,0.0,,0.04873605,-0.9881133,-0.15372734,91.641556,5.2640686,43.504730224609375,5131.8564
2021-06-27,6.2328186,5.2796936,8.430481,0.0,,0.17518863,0.1400555,0.99014366,93.616974,6.2328186,44.020355224609375,5280.895
2021-06-28,6.850006,5.975006,8.796692,0.0,,0.1966155,-0.11493635,0.99337286,94.154434,6.850006,44.184417724609375,5375.847
2021-06-29,7.881256,6.850006,23.406982,0.0,,0.2707295,0.34944284,0.93695766,93.19738,7.881256,45.098480224609375,5534.501
2021-06-30,8.225006,7.6390686,51.574707,0.0,,0.31988516,0.85708857,0.515169,96.09354,8.225006,46.856292724609375,5587.3857
2021-07-01,5.287506,4.3421936,94.23828,0.0,,0.44120958,-0.92740434,-0.3740604,93.62097,5.287506,45.973480224609375,5135.4624
2021-07-02,5.0296936,3.600006,27.664185,0.0,,0.27749765,-0.890791,-0.4544133,90.47518,5.0296936,44.770355224609375,5095.799
2021-07-03,5.2796936,4.1703186,12.939453,0.0,,0.16106501,-0.9223578,-0.38633674,92.550865,5.2796936,44.785980224609375,5134.2607
2021-07-04,5.5765686,4.506256,8.956909,0.0,,0.17261364,-0.94056016,0.3396271,92.82115,5.5765686,44.129730224609375,5179.9336
2021-07-05,6.1703186,4.9984436,4.398346,0.0,,0.22767223,-0.99458957,0.10388239,92.20012,6.1703186,43.450042724609375,5271.28
2021-07-06,7.568756,6.5453186,7.293701,0.0,,0.20373645,0.4856175,0.8741714,93.23104,7.568756,43.137542724609375,5486.424
2021-07-07,7.8578186,7.006256,22.354126,0.0,,0.44658062,0.90695673,0.42122373,94.351395,7.8578186,42.770355224609375,5530.895
2021-07-08,6.9046936,5.8890686,13.839722,0.0,,0.42435336,0.713977,0.70016915,93.24655,6.9046936,44.387542724609375,5384.2607
2021-07-09,7.3421936,6.6078186,11.802673,0.0,,0.49495983,0.6308711,0.77588767,95.09193,7.3421936,46.700042724609375,5451.5684
2021-07-10,7.6703186,7.006256,26.626587,0.0,,0.2882805,0.6914822,0.7223935,95.563835,7.6703186,49.090667724609375,5502.049
2021-07-11,6.7171936,5.8734436,23.452759,0.0,,0.34502298,0.75572413,0.6548901,94.35204,6.7171936,50.231292724609375,5355.4146
2021-07-12,6.5453186,5.7484436,17.623901,0.0,,0.6384419,0.66843635,0.74376935,94.65109,6.5453186,50.606292724609375,5328.972
2021-07-13,6.5453186,5.5296936,11.21521,0.0,,0.623028,0.49178606,0.87071604,93.22773,6.5453186,49.582855224609375,5328.972
2021-07-14,6.9828186,6.0609436,11.177063,0.0,,0.46853665,0.60913146,0.7930693,93.85632,6.9828186,48.707855224609375,5396.28
2021-07-15,6.9984436,6.256256,15.975952,0.0,,0.36817846,0.5298201,0.8481101,95.02756,6.9984436,48.801605224609375,5398.6836
2021-07-16,6.8265686,6.2640686,19.577026,0.0,,0.31078961,0.34033927,0.9403027,96.20581,6.8265686,48.285980224609375,5372.241
2021-07-17,7.631256,6.631256,38.78784,0.0,,0.3298444,0.81122535,0.5847336,93.3846,7.631256,48.246917724609375,5496.0396
2021-07-18,6.8421936,5.818756,29.571533,0.0,,0.13216314,-0.7675395,0.64100164,93.19291,6.8421936,48.371917724609375,5374.645
2021-07-19,7.7015686,6.787506,22.109985,0.0,,0.56101507,0.7402354,0.67234784,93.94082,7.7015686,49.528167724609375,5506.8564
2021-07-20,7.537506,6.756256,17.074585,0.0,,0.66706014,0.723206,0.6906324,94.79392,7.537506,50.520355224609375,5481.616
2021-07-21,7.506256,6.600006,25.19226,0.0,,0.8265334,0.7922065,0.6102531,93.98209,7.506256,51.043792724609375,5476.8086
2021-07-22,7.068756,6.1859436,15.548706,0.0,,0.5332215,0.72250265,0.69136816,94.11365,7.068756,51.114105224609375,5409.501
2021-07-23,8.225006,6.9359436,15.029907,0.0,,0.34336635,0.74159473,0.67084813,91.5841,8.225006,52.512542724609375,5587.3857
2021-07-24,8.607819,7.2796936,11.398315,0.0,,0.57694125,0.7066835,0.7075298,91.36437,8.607819,53.489105224609375,5646.28
2021-07-25,8.725006,7.7171936,22.125244,0.0,,0.6258233,0.73106825,0.6823043,93.39042,8.725006,55.371917724609375,5664.3086
2021-07-26,7.568756,6.881256,30.685425,0.0,,0.18080351,0.09097708,0.995853,95.40686,7.568756,55.239105224609375,5486.424
2021-07-27,7.7171936,6.6078186,15.335083,0.0,,0.31739944,0.7576526,0.65265805,92.68988,7.7171936,55.418792724609375,5509.2607
2021-07-28,7.3890686,6.2015686,13.786316,0.0,,0.41696647,0.649923,0.76000005,92.17365,7.3890686,55.301605224609375,5458.78
2021-07-29,7.5765686,6.2484436,10.253906,0.0,,0.47112063,0.7042509,0.7099512,91.29617,7.5765686,55.809417724609375,5487.626
2021-07-30,7.725006,6.4359436,13.641357,0.0,,0.47110647,0.770087,0.63793886,91.55189,7.725006,55.309417724609375,5510.4624
2021-07-31,7.725006,6.318756,11.741638,0.0,,0.43854105,0.93416107,0.35685173,90.8161,7.725006,54.426605224609375,5510.4624
2021-08-01,7.6859436,6.5765686,10.749817,0.0,,0.55646586,0.91958696,0.3928865,92.688126,7.6859436,53.387542724609375,5504.453
2021-08-02,7.6859436,6.5609436,18.753052,0.0,,0.662559,0.91899246,0.39427507,92.58861,7.6859436,53.504730224609375,5504.453
2021-08-03,7.381256,6.4984436,15.441895,0.0,,0.62805045,0.7805653,0.6250742,94.127914,7.381256,53.168792724609375,5457.578
2021-08-04,6.9828186,6.037506,27.069092,0.0,,0.76979846,0.837907,0.545813,93.704575,6.9828186,52.762542724609375,5396.28
2021-08-05,6.3890686,5.318756,13.2369995,0.0,,0.48314777,0.4621083,0.8868235,92.866234,6.3890686,51.575042724609375,5304.9336
2021-08-06,6.4359436,5.5765686,11.512756,0.0,,0.55621666,0.62415963,0.78129685,94.23756,6.4359436,50.285980224609375,5312.145
2021-08-07,7.100006,6.0140686,13.969421,0.0,,0.64771986,0.74593097,0.66602325,92.80515,7.100006,49.660980224609375,5414.3086
2021-08-08,7.693756,6.725006,14.205933,0.0,,0.63804615,0.81807977,0.5751047,93.588425,7.693756,49.668792724609375,5505.655
2021-08-09,7.5765686,6.6546936,12.1536255,0.0,,0.56213903,0.81258744,0.5828393,93.88454,7.5765686,49.559417724609375,5487.626
2021-08-10,7.8890686,6.7015686,6.954193,0.0,,0.54608643,0.8619572,0.5069811,92.20364,7.8890686,50.067230224609375,5535.703
2021-08-11,8.092194,7.162506,14.099121,0.0,,0.55086833,0.79287106,0.6093894,93.8587,8.092194,51.176605224609375,5566.953
2021-08-12,8.029694,6.9515686,18.76831,0.0,,0.57332253,0.83080345,0.5565659,92.906235,8.029694,52.817230224609375,5557.3374
2021-08-13,7.6390686,6.725006,35.003662,0.0,,0.49357077,0.8126961,0.58268774,93.93789,7.6390686,54.020355224609375,5497.241
2021-08-14,7.412506,6.8890686,64.331055,0.0,,0.64213055,0.9064064,0.4224067,96.48136,7.412506,54.332855224609375,5462.3857
2021-08-15,6.5296936,5.7953186,16.418457,0.0,,0.5256252,0.6367974,0.77103114,95.06068,6.5296936,53.168792724609375,5326.5684
2021-08-16,7.068756,6.162506,6.7100525,0.0,,0.42002776,0.6707611,0.74167347,93.96164,7.068756,52.660980224609375,5409.501
2021-08-17,7.6078186,6.1234436,8.43811,0.0,,0.4265539,0.80816644,0.58895415,90.31986,7.6078186,52.379730224609375,5492.4336
2021-08-18,7.693756,6.4671936,14.854431,0.0,,0.569677,0.7821216,0.62312585,91.94452,7.693756,51.981292724609375,5505.655
2021-08-19,7.2484436,6.3421936,23.925781,0.0,,0.7534756,0.86901975,0.4947774,93.970055,7.2484436,51.200042724609375,5437.145
2021-08-20,7.1546936,6.225006,14.953613,0.0,,0.83100295,0.87020695,0.49268636,93.81397,7.1546936,50.715667724609375,5422.722
2021-08-21,7.0765686,6.256256,15.197754,0.0,,0.62271833,0.7139345,0.7002125,94.52041,7.0765686,50.379730224609375,5410.703
2021-08-22,7.2484436,6.3421936,17.532349,0.0,,0.5983478,0.70669866,0.70751464,93.970055,7.2484436,51.098480224609375,5437.145
2021-08-23,7.1703186,6.475006,16.052246,0.0,,0.5612468,0.7416698,0.6707652,95.34128,7.1703186,51.200042724609375,5425.126
2021-08-24,7.631256,6.6546936,16.540527,0.0,,0.60302734,0.8,0.6,93.53511,7.631256,51.223480224609375,5496.0396
2021-08-25,7.568756,6.850006,18.64624,0.0,,0.4659977,0.75390583,0.65698254,95.20258,7.568756,51.098480224609375,5486.424
2021-08-26,7.8265686,6.9046936,27.511597,0.0,,0.26384205,0.9521633,0.30558982,93.89637,7.8265686,51.676605224609375,5526.0874
2021-08-27,5.662506,5.1234436,48.736572,0.0,,0.1361223,-0.9469884,0.32126766,96.32778,5.662506,50.184417724609375,5193.155
2021-08-28,6.037506,5.3265686,15.823364,0.0,,0.54890394,0.62891674,0.7774727,95.19642,6.037506,49.145355224609375,5250.847
2021-08-29,4.7015686,4.1234436,27.60315,0.0,,0.25193918,0.9254388,0.37889698,96.03638,4.7015686,46.598480224609375,5045.3184
2021-08-30,5.2015686,4.4984436,8.804321,0.0,,0.39837235,0.77708787,0.6293921,95.21676,5.2015686,44.629730224609375,5122.241
2021-08-31,5.6390686,4.7328186,7.9727173,0.0,,0.28952652,0.6008092,0.79939246,93.89405,5.6390686,42.637542724609375,5189.549
2022-06-01,4.850006,3.381256,5.9280396,0.0,,0.17050283,0.58170366,0.81340075,90.21312,4.850006,4.850006103515625,5068.155
2022-06-02,4.631256,2.975006,10.08606,0.0,,0.16690233,0.100257255,0.99496156,89.00851,4.631256,9.48126220703125,5034.501
2022-06-03,5.068756,3.506256,2.9258728,0.0,,0.3862396,0.62111366,0.7837205,89.63562,5.068756,14.550018310546875,5101.8086
2022-06-04,5.225006,3.287506,5.7907104,0.0,,0.28528708,0.53860134,0.84256077,87.30936,5.225006,19.7750244140625,5125.847
2022-06-05,5.787506,4.256256,2.3059845,0.0,,0.24300903,0.65867794,0.75242496,89.88896,5.787506,25.562530517578125,5212.3857
2022-06-06,6.443756,5.318756,5.6495667,0.0,,0.38379905,0.7230251,0.69082177,92.517296,6.443756,32.00628662109375,5313.347
2022-06-07,6.412506,5.568756,8.43811,0.0,,0.51492983,0.76891065,0.63935626,94.338615,6.412506,38.418792724609375,5308.5396
2022-06-08,6.506256,5.600006,13.031006,0.0,,0.42897898,0.6818061,0.73153293,93.93518,6.506256,40.075042724609375,5322.9624
2022-06-09,6.225006,5.568756,11.711121,0.0,,0.71247405,0.87157094,0.49026936,95.56509,6.225006,41.668792724609375,5279.6934
2022-06-10,5.725006,4.350006,19.699097,0.0,,0.51954573,0.67984486,0.733356,90.87313,5.725006,42.325042724609375,5202.77
2022-06-11,5.631256,3.912506,8.979797,0.0,,0.38414508,0.662315,0.7492255,88.70186,5.631256,42.731292724609375,5188.347
2022-06-12,5.568756,4.318756,5.7373047,0.0,,0.2638961,0.7146122,0.6995208,91.66121,5.568756,42.512542724609375,5178.7314
2022-06-13,6.725006,5.006256,5.7640076,0.0,,0.41226706,0.7496391,0.6618468,88.79516,6.725006,42.793792724609375,5356.616
2022-06-14,6.693756,5.631256,14.472961,0.0,,0.36115676,0.711655,0.7025291,92.93331,6.693756,43.075042724609375,5351.8086
2022-06-15,6.006256,5.100006,23.80371,0.0,,0.056308832,0.877446,0.47967538,93.91152,6.006256,42.575042724609375,5246.0396
2022-06-16,4.631256,3.818756,57.495117,0.0,,0.23483673,0.12983048,0.9915362,94.46645,4.631256,40.981292724609375,5034.501
2022-06-17,4.381256,3.318756,45.043945,0.0,,0.18784313,0.85999846,0.51029664,92.80522,4.381256,39.637542724609375,4996.0396
2022-06-18,4.318756,3.537506,23.666382,0.0,,0.23653153,0.8938588,0.44834864,94.66104,4.318756,38.325042724609375,4986.424
2022-06-19,4.193756,3.193756,35.52246,0.0,,0.36712965,0.81611925,0.57788354,93.20544,4.193756,36.950042724609375,4967.1934
2022-06-20,4.381256,3.350006,7.850647,0.0,,0.31121904,0.6479686,0.7616671,93.0101,4.381256,34.606292724609375,4996.0396
2022-06-21,4.631256,3.068756,6.664276,0.0,,0.060892466,-0.8911458,0.45371702,89.60084,4.631256,32.543792724609375,5034.501
2022-06-22,5.412506,3.881256,3.276825,0.0,,0.21366604,-0.9982277,-0.05951038,89.859924,5.412506,31.950042724609375,5154.6934
2022-06-23,6.412506,5.318756,2.7503967,0.0,,0.16584547,-0.09756093,0.99522954,92.71651,6.412506,33.731292724609375,5308.5396
2022-06-24,7.006256,5.693756,7.3280334,0.0,,0.54117966,0.51704764,0.8559566,91.356895,7.006256,36.356292724609375,5399.8857
2022-06-25,7.037506,6.443756,7.05719,0.0,,0.58763057,0.79676026,0.60429555,96.00542,7.037506,39.075042724609375,5404.6934
2022-06-26,6.818756,6.225006,26.031494,0.0,,0.5307324,0.6622376,0.7492939,95.99855,6.818756,41.700042724609375,5371.0396
2022-06-27,7.100006,6.506256,26.96228,0.0,,0.5150065,0.4829716,0.87563604,96.00738,7.100006,44.418792724609375,5414.3086
2022-06-28,7.693756,6.943756,12.619019,0.0,,0.33369347,0.53093576,0.84741205,95.003555,7.693756,47.481292724609375,5505.655
2022-06-29,6.818756,6.193756,22.262573,0.0,,0.34821263,0.9232065,0.38430426,95.79192,6.818756,48.887542724609375,5371.0396
2022-06-30,6.787506,6.162506,28.213501,0.0,,0.36766428,0.614561,0.78886926,95.79089,6.787506,49.262542724609375,5366.2314
2022-07-01,7.506256,6.537506,13.893127,0.0,,0.41796237,0.6196064,0.7849127,93.57912,7.506256,49.762542724609375,5476.8086
2022-07-02,7.412506,6.912506,12.59613,0.0,,0.47198743,0.7580458,0.6522013,96.63654,7.412506,50.137542724609375,5462.3857
2022-07-03,7.475006,6.725006,15.945435,0.0,,0.27245992,0.48482484,0.87461126,94.99504,7.475006,50.793792724609375,5472.001
2022-07-04,8.131256,6.818756,13.938904,0.0,,0.04329334,0.14508873,0.9894186,91.43093,8.131256,51.825042724609375,5572.9624
2022-07-05,8.850006,7.475006,18.966675,0.0,,0.4140643,0.7468276,0.6650177,91.08843,8.850006,52.981292724609375,5683.5396
2022-07-06,8.475006,7.131256,20.248413,0.0,,0.46521997,0.6640503,0.74768794,91.258,8.475006,54.637542724609375,5625.847
2022-07-07,8.506256,7.256256,9.254456,0.0,,0.35430956,0.70869845,0.7055115,91.847176,8.506256,56.356292724609375,5630.655
2022-07-08,8.381256,7.193756,14.167786,0.0,,0.6558476,0.89163667,0.4527516,92.23299,8.381256,57.231292724609375,5611.424
2022-07-09,6.912506,5.975006,19.836426,0.0,,0.69169253,0.8055457,0.59253365,93.751724,6.912506,56.731292724609375,5385.4624
2022-07-10,7.162506,5.881256,15.579224,0.0,,0.574655,0.722028,0.69186383,91.564865,7.162506,56.418792724609375,5423.924
2022-07-11,7.693756,6.287506,11.146545,0.0,,0.52941656,0.69881564,0.7153018,90.81391,7.693756,55.981292724609375,5505.655
2022-07-12,8.068756,6.631256,9.82666,0.0,,0.54426277,0.81253076,0.58291835,90.64526,8.068756,55.200042724609375,5563.347
2022-07-13,7.725006,6.256256,13.442993,0.0,,0.63748294,0.7143459,0.6997928,90.42582,7.725006,54.450042724609375,5510.4624
2022-07-14,7.381256,5.631256,13.435364,0.0,,0.61872625,0.7035466,0.71064913,88.6585,7.381256,53.325042724609375,5457.578
2022-07-15,7.443756,5.256256,10.566711,0.0,,0.38925096,0.64445436,0.7646428,86.013794,7.443756,52.387542724609375,5467.1934
2022-07-16,8.162506,6.162506,5.279541,0.0,,0.54318535,0.7525663,0.6585165,87.20967,8.162506,53.637542724609375,5577.77
2022-07-17,8.193756,6.256256,10.307312,0.0,,0.33336648,0.65755785,0.753404,87.58925,8.193756,54.668792724609375,5582.578
2022-07-18,8.443756,6.912506,10.71167,0.0,,0.50889224,0.6702096,0.74217194,90.09115,8.443756,55.418792724609375,5621.0396
2022-07-19,7.568756,6.631256,23.147583,0.0,,0.259456,0.8177039,0.57563907,93.783424,7.568756,54.918792724609375,5486.424
2022-07-20,7.037506,6.037506,33.233643,0.0,,0.45566893,0.81519705,0.5791837,93.35416,7.037506,54.231292724609375,5404.6934
2022-07-21,7.100006,6.287506,17.807007,0.0,,0.31212956,0.7368598,0.67604554,94.5723,7.100006,53.950042724609375,5414.3086
2022-07-22,7.225006,5.943756,20.385742,0.0,,0.3211624,0.7532415,0.65774405,91.56891,7.225006,53.731292724609375,5433.5396
2022-07-23,5.662506,4.662506,33.38623,0.0,,0.3166358,-0.9890587,-0.14752272,93.28285,5.662506,51.231292724609375,5193.155
2022-07-24,6.131256,5.225006,14.801025,0.0,,0.17772807,0.41068593,0.9117769,93.91745,6.131256,49.168792724609375,5265.27
2022-07-25,6.412506,5.506256,12.9470825,0.0,,0.27848935,0.5955813,0.803295,93.930756,6.412506,47.137542724609375,5308.5396
2022-07-26,6.600006,5.912506,17.929077,0.0,,0.47497645,0.68157166,0.7317514,95.37193,6.600006,46.168792724609375,5337.3857
2022-07-27,6.475006,5.693756,17.120361,0.0,,0.4243175,0.56605864,0.82436496,94.75061,6.475006,45.606292724609375,5318.155
2022-07-28,6.943756,6.162506,17.01355,0.0,,0.5796618,0.64935076,0.76048905,94.76978,6.943756,45.450042724609375,5390.27
2022-07-29,6.943756,6.225006,13.259888,0.0,,0.7944049,0.776457,0.6301702,95.179115,6.943756,45.168792724609375,5390.27
2022-07-30,7.318756,6.506256,17.196655,0.0,,0.67356336,0.7618029,0.64780885,94.58154,7.318756,46.825042724609375,5447.9624
2022-07-31,7.131256,6.193756,20.828247,0.0,,0.40550593,0.9286842,0.3708716,93.76232,7.131256,47.825042724609375,5419.116
2022-08-01,7.787506,6.975006,14.984131,0.0,,0.7068879,0.8827756,0.46979484,94.60126,7.787506,49.200042724609375,5520.078
2022-08-02,7.631256,6.662506,15.174866,0.0,,0.75785786,0.9501686,0.31173638,93.58533,7.631256,50.231292724609375,5496.0396
2022-08-03,7.662506,6.756256,17.63916,0.0,,0.82634026,0.83663505,0.5477607,93.98938,7.662506,51.418792724609375,5500.847
2022-08-04,7.350006,6.600006,16.036987,0.0,,0.54144955,0.83580303,0.5490294,94.99016,7.350006,51.825042724609375,5452.77
2022-08-05,7.787506,6.787506,32.073975,0.0,,0.47281328,0.68475443,0.7287739,93.39258,7.787506,52.668792724609375,5520.078
2022-08-06,7.537506,6.287506,16.403198,0.0,,0.7255921,0.8984614,0.4390525,91.78652,7.537506,52.887542724609375,5481.616
2022-08-07,7.600006,6.225006,12.687683,0.0,,0.43282372,0.6828005,0.7306049,91.00321,7.600006,53.356292724609375,5491.2314
2022-08-08,8.225006,6.725006,8.377075,0.0,,0.42312717,0.69664466,0.71741635,90.268234,8.225006,53.793792724609375,5587.3857
2022-08-09,8.693756,7.256256,13.175964,0.0,,0.3561955,0.7422154,0.6701614,90.68956,8.693756,54.856292724609375,5659.501
2022-08-10,7.975006,6.693756,17.990112,0.0,,0.77105975,0.7657696,0.643115,91.617165,7.975006,55.168792724609375,5548.924
2022-08-11,7.475006,6.100006,29.99878,0.0,,0.38226247,0.6666945,0.7453311,90.99463,7.475006,55.293792724609375,5472.001
2022-08-12,8.131256,6.287506,11.360168,0.0,,0.2824448,0.55050427,0.8348324,88.15129,8.131256,55.637542724609375,5572.9624
2022-08-13,8.100006,6.506256,7.74765,0.0,,0.6406502,0.7648803,0.64417243,89.67903,8.100006,56.200042724609375,5568.155
2022-08-14,6.693756,5.318756,19.02771,0.0,,0.42945376,0.4550416,0.8904702,90.94069,6.693756,55.293792724609375,5351.8086
2022-08-15,6.912506,5.787506,12.10022,0.0,,0.37424916,0.95185703,0.3065423,92.54433,6.912506,53.981292724609375,5385.4624
2022-08-16,6.162506,5.350006,9.101868,0.0,,0.105685696,-0.90576124,0.4237883,94.53246,6.162506,51.450042724609375,5270.0776
2022-08-17,7.131256,5.568756,6.6375732,0.0,,0.11964574,0.29485646,0.95554155,89.79732,7.131256,50.606292724609375,5419.116
2022-08-18,7.975006,6.412506,6.5689087,0.0,,0.18326907,0.7988696,0.60150427,89.862404,7.975006,51.106292724609375,5548.924
2022-08-19,7.100006,5.912506,9.82666,0.0,,0.6032332,0.7195418,0.6944491,92.15625,7.100006,50.075042724609375,5414.3086
2022-08-20,6.850006,5.568756,21.499634,0.0,,0.44746655,0.7452984,0.66673106,91.544624,6.850006,48.825042724609375,5375.847
2022-08-21,7.068756,5.631256,9.651184,0.0,,0.36930245,0.9136206,0.4065678,90.57375,7.068756,49.200042724609375,5409.501
2022-08-22,7.100006,5.225006,8.857727,0.0,,0.3605845,0.88645273,0.4628191,87.86813,7.100006,49.387542724609375,5414.3086
2022-08-23,7.256256,5.756256,7.6675415,0.0,,0.58297163,0.7738127,0.6334145,90.19636,7.256256,50.481292724609375,5438.347
2022-08-24,7.006256,5.787506,13.900757,0.0,,0.30319598,0.5101597,0.8600797,91.9516,7.006256,50.356292724609375,5399.8857
2022-08-25,7.662506,5.850006,9.025574,0.0,,0.08248313,0.0065058223,0.99997884,88.30016,7.662506,50.043792724609375,5500.847
2022-08-26,7.350006,5.850006,4.878998,0.0,,0.17466208,0.43929866,0.89834106,90.203354,7.350006,50.293792724609375,5452.77
2022-08-27,7.537506,6.600006,14.335632,0.0,,0.49223736,0.8532742,0.5214625,93.78192,7.537506,50.981292724609375,5481.616
2022-08-28,6.787506,6.037506,11.84082,0.0,,0.72295403,0.9376204,0.34766078,94.96812,6.787506,50.700042724609375,5366.2314
2022-08-29,6.725006,5.850006,18.859863,0.0,,0.53507525,0.75216675,0.6589728,94.14874,6.725006,50.325042724609375,5356.616
2022-08-30,6.975006,5.818756,22.537231,0.0,,0.41345057,0.7010655,0.7130969,92.348114,6.975006,50.043792724609375,5395.078
2022-08-31,7.037506,6.287506,7.3394775,0.0,,0.5528732,0.8151111,0.57930464,94.977936,7.037506,50.075042724609375,5404.6934
2023-06-01,2.318756,-3.024994,0.5764961,0.0,,0.1301465,-0.9042379,0.42702895,67.79385,2.318756,2.318756103515625,4678.7314
2023-06-02,1.0375061,-4.399994,0.03567338,0.0,,0.100486055,-0.62095183,0.7838487,67.03971,1.0375061,3.35626220703125,4481.616
2023-06-03,1.0062561,-5.212494,0.09983778,0.0,,0.16409782,-0.7793152,0.6266322,63.19399,1.0062561,4.362518310546875,4476.8086
2023-06-04,2.881256,-1.7437439,0.04005432,0.0,,0.15649244,-0.64957803,0.7602949,71.61499,2.881256,7.2437744140625,4765.27
2023-06-05,3.100006,0.2562561,0.85163116,0.0,,0.20608294,0.62950486,0.7769965,81.59405,3.100006,10.343780517578125,4798.924
2023-06-06,2.600006,-0.5249939,4.6424866,0.0,,0.090836905,0.77556396,0.63126904,79.874916,2.600006,12.94378662109375,4722.001
2023-06-07,3.225006,-0.4624939,4.2762756,0.0,,0.08620493,-0.4745088,0.88025075,76.76551,3.225006,16.168792724609375,4818.155
2023-06-08,3.693756,-0.2437439,2.6454926,0.0,,0.08154777,-0.706592,0.70762116,75.46125,3.693756,17.543792724609375,4890.27
2023-06-09,4.506256,1.1000061,1.8510818,0.0,,0.20841953,0.4518638,0.8920869,78.550514,4.506256,21.012542724609375,5015.27
2023-06-10,4.756256,2.068756,2.9335022,0.0,,0.23327601,0.40129575,0.91594857,82.73393,4.756256,24.762542724609375,5053.7314
2023-06-11,5.537506,2.850006,3.232956,0.0,,0.29261097,0.7202025,0.6937639,82.83295,5.537506,27.418792724609375,5173.924
2023-06-12,5.475006,3.381256,7.129669,0.0,,0.22973457,0.60760295,0.79424095,86.37656,5.475006,29.793792724609375,5164.3086
2023-06-13,5.537506,4.381256,11.993408,0.0,,0.23574367,0.7542543,0.6565825,92.26269,5.537506,32.731292724609375,5173.924
2023-06-14,4.787506,3.068756,38.513184,0.0,,0.06249466,0.92836297,-0.37167484,88.629105,4.787506,34.293792724609375,5058.5396
2023-06-15,4.350006,3.100006,41.381836,0.0,,0.607692,0.9954375,0.09541573,91.582214,4.350006,34.950042724609375,4991.2314
2023-06-16,4.631256,2.600006,12.252808,0.0,,0.12233742,0.9420012,0.33560944,86.673706,4.631256,35.075042724609375,5034.501
2023-06-17,5.475006,3.975006,2.8858185,0.0,,0.19733799,0.51818085,0.85527104,90.062164,5.475006,35.793792724609375,5164.3086
2023-06-18,6.068756,4.881256,17.211914,0.0,,0.3639332,0.6823272,0.7310469,92.09366,6.068756,36.325042724609375,5255.655
2023-06-19,5.912506,4.975006,14.610291,0.0,,0.34053773,0.63936424,0.768904,93.70296,5.912506,36.762542724609375,5231.616
2023-06-20,6.037506,5.225006,17.593384,0.0,,0.25721994,0.4580248,0.88893944,94.52712,6.037506,37.262542724609375,5250.847
2023-06-21,6.475006,5.037506,11.421204,0.0,,0.2107691,-0.12304564,0.992401,90.53091,6.475006,38.950042724609375,5318.155
2023-06-22,7.631256,5.881256,7.293701,0.0,,0.12154543,-0.7919678,0.6105628,88.679855,7.631256,42.231292724609375,5496.0396
2023-06-23,8.537506,7.100006,6.248474,0.0,,0.20127366,-0.11178354,0.9937326,90.67851,8.537506,46.137542724609375,5635.4624
2023-06-24,7.662506,6.256256,12.832642,0.0,,0.101782225,0.7584253,0.65176,90.81172,7.662506,48.325042724609375,5500.847
2023-06-25,7.600006,6.350006,17.318726,0.0,,0.44361782,0.7942094,0.60764414,91.79046,7.600006,49.856292724609375,5491.2314
2023-06-26,6.881256,5.912506,20.645142,0.0,,0.38451275,0.6173553,0.7866845,93.547966,6.881256,50.825042724609375,5380.655
2023-06-27,6.850006,5.506256,11.016846,0.0,,0.43731174,0.6808873,0.73238826,91.148834,6.850006,51.637542724609375,5375.847
2023-06-28,6.912506,6.006256,16.113281,0.0,,0.528111,0.78346664,0.62143385,93.95431,6.912506,52.075042724609375,5385.4624
2023-06-29,6.850006,6.037506,20.065308,0.0,,0.62239057,0.9543752,0.29861,94.56173,6.850006,51.293792724609375,5375.847
2023-06-30,6.443756,5.787506,23.010254,0.0,,0.63607705,0.92702705,0.37499446,95.57269,6.443756,49.200042724609375,5313.347
2023-07-01,6.631256,5.600006,15.258789,0.0,,0.50266594,0.8444356,0.5356571,93.131355,6.631256,48.168792724609375,5342.1934
2023-07-02,7.568756,6.693756,22.323608,0.0,,0.4654879,0.8429102,0.5380543,94.18698,7.568756,48.137542724609375,5486.424
2023-07-03,7.537506,6.693756,13.641357,0.0,,0.51386905,0.892243,0.45155555,94.38797,7.537506,48.793792724609375,5481.616
2023-07-04,6.787506,5.975006,22.888184,0.0,,0.6248969,0.87055373,0.49207336,94.55908,6.787506,48.731292724609375,5366.2314
2023-07-05,6.287506,5.256256,22.232056,0.0,,0.56076324,0.7947716,0.6069086,93.11304,6.287506,48.106292724609375,5289.3086
2023-07-06,7.381256,6.037506,13.206482,0.0,,0.46881098,0.793842,0.608124,91.184746,7.381256,48.637542724609375,5457.578
2023-07-07,7.568756,6.193756,11.154175,0.0,,0.47657406,0.9070605,0.42100033,91.001076,7.568756,49.762542724609375,5486.424
2023-07-08,7.537506,6.537506,11.802673,0.0,,0.4743711,0.7521781,0.6589599,93.3798,7.537506,50.668792724609375,5481.616
2023-07-09,7.975006,7.068756,11.451721,0.0,,0.488539,0.80145186,0.5980593,94.00391,7.975006,51.075042724609375,5548.924
2023-07-10,8.006256,7.068756,13.397217,0.0,,0.42390203,0.77045894,0.6374896,93.80443,8.006256,51.543792724609375,5553.7314
2023-07-11,8.006256,6.850006,7.9574585,0.0,,0.52513707,0.677604,0.73542696,92.40855,8.006256,52.762542724609375,5553.7314
2023-07-12,7.912506,6.975006,11.245728,0.0,,0.68165594,0.7113916,0.7027958,93.79994,7.912506,54.387542724609375,5539.3086
2023-07-13,7.975006,6.881256,9.3307495,0.0,,0.6673431,0.77594614,0.6307992,92.80376,7.975006,54.981292724609375,5548.924
2023-07-14,7.787506,7.006256,15.220642,0.0,,0.61985004,0.8253555,0.56461334,94.80404,7.787506,55.200042724609375,5520.078
2023-07-15,7.881256,6.912506,20.874023,0.0,,0.500437,0.7977037,0.60304964,93.59771,7.881256,55.543792724609375,5534.501
2023-07-16,8.162506,6.850006,16.952515,0.0,,0.530343,0.72849554,0.68505055,91.432976,8.162506,55.731292724609375,5577.77
2023-07-17,7.756256,7.006256,14.36615,0.0,,0.6123334,0.81774473,0.575581,95.00599,7.756256,55.481292724609375,5515.27
2023-07-18,6.475006,5.475006,37.41455,0.0,,0.2564926,0.75403786,0.6568309,93.32513,6.475006,53.950042724609375,5318.155
2023-07-19,7.443756,5.881256,18.936157,0.0,,0.2846464,0.51815677,0.85528564,89.821495,7.443756,53.481292724609375,5467.1934
2023-07-20,8.381256,6.756256,10.925293,0.0,,0.3201616,0.7046002,0.7096045,89.50875,8.381256,53.887542724609375,5611.424
2023-07-21,8.006256,6.850006,13.175964,0.0,,0.7206235,0.7917541,0.6108399,92.40855,8.006256,54.106292724609375,5553.7314
2023-07-22,7.662506,6.412506,28.045654,0.0,,0.77004164,0.7621056,0.6474528,91.79438,7.662506,53.887542724609375,5500.847
2023-07-23,7.256256,6.100006,14.053345,0.0,,0.7114022,0.6200017,0.7846005,92.36466,7.256256,52.981292724609375,5438.347
2023-07-24,6.975006,6.100006,23.727417,0.0,,0.67461747,0.65100366,0.75907457,94.16011,6.975006,52.200042724609375,5395.078
2023-07-25,7.100006,6.256256,12.886047,0.0,,0.7588865,0.7732276,0.63412863,94.36885,7.100006,52.825042724609375,5414.3086
2023-07-26,7.193756,6.443756,14.465332,0.0,,0.70983493,0.68113023,0.7321623,94.98405,7.193756,52.575042724609375,5428.7314
2023-07-27,7.506256,6.662506,10.124207,0.0,,0.689138,0.6756364,0.73723495,94.386604,7.506256,51.700042724609375,5476.8086
2023-07-28,7.818756,6.975006,14.175415,0.0,,0.7062679,0.69900227,0.7151195,94.40021,7.818756,51.512542724609375,5524.8857
2023-07-29,7.693756,6.787506,15.930176,0.0,,0.57182723,0.7132704,0.70088893,93.99083,7.693756,51.543792724609375,5505.655
2023-07-30,8.006256,6.818756,12.619019,0.0,,0.5355081,0.88240343,0.47049356,92.21064,8.006256,52.293792724609375,5553.7314
2023-07-31,8.693756,7.381256,10.20813,0.0,,0.6196705,0.86519015,0.50144386,91.4676,8.693756,54.012542724609375,5659.501
2023-08-01,8.568756,7.287506,13.450623,0.0,,0.6332982,0.74662983,0.66523975,91.655075,8.568756,55.481292724609375,5640.27
2023-08-02,8.381256,7.256256,12.710571,0.0,,0.5868617,0.72999436,0.6834532,92.62808,8.381256,56.668792724609375,5611.424
2023-08-03,8.506256,7.506256,10.002136,0.0,,0.65993035,0.7861418,0.61804616,93.42909,8.506256,57.668792724609375,5630.655
2023-08-04,7.912506,7.037506,13.374329,0.0,,0.6312424,0.8731154,0.48751357,94.20245,7.912506,57.762542724609375,5539.3086
2023-08-05,7.943756,7.162506,25.45166,0.0,,0.5926531,0.81755686,0.5758479,94.81033,7.943756,58.012542724609375,5544.116
2023-08-06,7.912506,7.131256,18.325806,0.0,,0.665716,0.8331278,0.55308056,94.80908,7.912506,57.918792724609375,5539.3086
2023-08-07,8.131256,7.350006,16.281128,0.0,,0.5251208,0.9614603,0.2749437,94.817894,8.131256,57.356292724609375,5572.9624
2023-08-08,7.006256,5.943756,35.705566,0.0,,0.2080987,-0.8909692,-0.45406365,92.95037,7.006256,55.793792724609375,5399.8857
2023-08-09,7.756256,6.850006,19.851685,0.0,,0.17732386,0.34607318,0.9382075,93.993744,7.756256,55.168792724609375,5515.27
2023-08-10,8.006256,6.850006,14.877319,0.0,,0.21025236,0.79772997,0.6030148,92.40855,8.006256,54.668792724609375,5553.7314
2023-08-11,8.381256,7.318756,9.552002,0.0,,0.61086327,0.75336844,0.6575987,93.02467,8.381256,55.137542724609375,5611.424
2023-08-12,8.100006,7.412506,17.700195,0.0,,0.53331566,0.8813387,0.47248498,95.42584,8.100006,55.293792724609375,5568.155
2023-08-13,6.975006,6.412506,30.853271,0.0,,0.41937914,0.99991155,0.013299625,96.21022,6.975006,54.356292724609375,5395.078
2023-08-14,7.162506,6.068756,34.5459,0.0,,0.46456733,0.8937825,0.4485007,92.75858,7.162506,53.387542724609375,5423.924
2023-08-15,7.631256,6.537506,9.132385,0.0,,0.4799979,0.7480018,0.66369665,92.7847,7.631256,54.012542724609375,5496.0396
2023-08-16,8.006256,6.975006,10.780334,0.0,,0.48947316,0.8472444,0.53120327,93.20393,8.006256,54.262542724609375,5553.7314
2023-08-17,7.943756,6.631256,8.010864,0.0,,0.457292,0.85107696,0.525041,91.41866,7.943756,54.200042724609375,5544.116
2023-08-18,8.100006,6.350006,12.359619,0.0,,0.5180814,0.7444412,0.667688,88.719734,8.100006,53.918792724609375,5568.155
2023-08-19,8.225006,6.975006,11.375427,0.0,,0.3016556,0.70639825,0.7078146,91.829636,8.225006,54.043792724609375,5587.3857
2023-08-20,8.256256,7.162506,10.009766,0.0,,0.46298787,0.77449447,0.6325807,92.8193,8.256256,55.325042724609375,5592.1934
2023-08-21,7.975006,7.381256,17.852783,0.0,,0.5315005,0.8057437,0.59226435,96.03464,7.975006,56.137542724609375,5548.924
2023-08-22,8.037506,7.287506,17.105103,0.0,,0.6849466,0.8108061,0.58531487,95.0169,8.037506,56.543792724609375,5558.5396
2023-08-23,7.318756,6.631256,13.008118,0.0,,0.64097774,0.7295907,0.6838841,95.39788,7.318756,55.856292724609375,5447.9624
2023-08-24,6.787506,6.068756,31.402588,0.0,,0.26455218,0.5939661,0.8044901,95.173225,6.787506,54.700042724609375,5366.2314
2023-08-25,6.662506,6.162506,29.49524,0.0,,0.2863584,0.736674,0.676248,96.61663,6.662506,53.262542724609375,5347.001
2023-08-26,6.318756,5.412506,27.618408,0.0,,0.31196728,0.59764963,0.8017574,93.92632,6.318756,51.356292724609375,5294.116
2023-08-27,6.131256,4.568756,11.199951,0.0,,0.2916836,0.6322003,0.774805,89.71938,6.131256,49.231292724609375,5265.27
2023-08-28,5.693756,4.193756,3.8890839,0.0,,0.4084111,0.6413449,0.7672527,90.0788,5.693756,46.950042724609375,5197.9624
2023-08-29,5.943756,4.006256,5.0811768,0.0,,0.18236819,0.5794164,0.8150317,87.37795,5.943756,44.856292724609375,5236.424
2023-08-30,6.818756,4.818756,1.996994,0.0,,0.20507272,0.5034731,0.86401093,87.08053,6.818756,44.356292724609375,5371.0396
2023-08-31,7.412506,5.631256,3.1642914,0.0,,0.16912857,0.4601223,0.8878555,88.469475,7.412506,44.981292724609375,5462.3857
2024-06-01,4.100006,1.6625061,0.98896027,0.0,,0.2276447,0.80662656,0.5910614,84.14309,4.100006,4.100006103515625,4952.77
2024-06-02,4.568756,2.256256,3.873825,0.0,,0.3881905,0.8986475,0.43867147,84.95133,4.568756,8.66876220703125,5024.8857
2024-06-03,4.287506,2.631256,5.7868958,0.0,,0.23633017,0.76936316,0.6388116,88.97958,4.287506,12.956268310546875,4981.616
2024-06-04,3.881256,2.568756,6.6871643,0.0,,0.5899951,0.8641202,0.5032855,91.14622,3.881256,16.8375244140625,4919.116
2024-06-05,3.662506,2.162506,7.6065063,0.0,,0.0685668,0.80264264,0.5964602,89.92283,3.662506,20.500030517578125,4885.4624
2024-06-06,4.537506,2.881256,3.1852722,0.0,,0.16012773,0.61400986,0.78929836,89.00063,4.537506,25.03753662109375,5020.0776
2024-06-07,4.912506,3.381256,3.9253235,0.0,,0.22736515,0.5958148,0.8031218,89.82103,4.912506,29.950042724609375,5077.77
2024-06-08,5.881256,4.225006,4.4174194,0.0,,0.26423758,0.37376404,0.92752385,89.11275,5.881256,31.731292724609375,5226.8086
2024-06-09,6.506256,4.568756,4.814148,0.0,,0.20359586,0.3404068,0.9402783,87.43127,6.506256,33.668792724609375,5322.9624
2024-06-10,6.662506,4.318756,3.376007,0.0,,0.18462363,-0.084714286,0.9964053,84.99796,6.662506,36.043792724609375,5347.001
2024-06-11,7.537506,6.037506,1.6098022,0.0,,0.41950583,0.70316756,0.71102417,90.21731,7.537506,39.700042724609375,5481.616
2024-06-12,7.006256,5.725006,7.1525574,0.0,,0.36974216,0.69867957,0.71543473,91.554756,7.006256,43.043792724609375,5399.8857
2024-06-13,7.131256,5.631256,6.969452,0.0,,0.35394266,0.49581853,0.86842614,90.187035,7.131256,45.637542724609375,5419.116
2024-06-14,7.350006,5.975006,7.6446533,0.0,,0.2735049,0.6832579,0.73017716,90.98604,7.350006,48.075042724609375,5452.77
2024-06-15,7.068756,5.350006,22.67456,0.0,,0.17111409,0.5825239,0.8128136,88.82426,7.068756,49.262542724609375,5409.501
2024-06-16,7.318756,6.100006,4.585266,0.0,,0.23480453,0.6887768,0.7249735,91.970894,7.318756,50.075042724609375,5447.9624
2024-06-17,7.725006,7.131256,13.420105,0.0,,0.41664416,0.82826746,0.560333,96.02688,7.725006,51.137542724609375,5510.4624
2024-06-18,7.725006,7.131256,25.146484,0.0,,0.4592732,0.9111953,0.4119748,96.02688,7.725006,51.325042724609375,5510.4624
2024-06-19,5.131256,3.412506,72.5708,0.0,,0.22688223,-0.9854089,-0.17020361,88.65883,5.131256,49.450042724609375,5111.424
2024-06-20,5.412506,3.693756,54.473877,0.0,,0.0848032,-0.9721713,-0.2342712,88.68306,5.412506,47.731292724609375,5154.6934
2024-06-21,5.818756,4.318756,17.01355,0.0,,0.058477085,0.6309438,0.7758286,90.08828,5.818756,46.200042724609375,5217.1934
2024-06-22,6.350006,4.943756,5.607605,0.0,,0.014917973,-0.21925662,0.97566724,90.71914,6.350006,45.481292724609375,5298.924
2024-06-23,6.943756,5.475006,6.248474,0.0,,0.10226027,0.063976035,0.99795145,90.3687,6.943756,45.106292724609375,5390.27
2024-06-24,7.193756,5.662506,8.255005,0.0,,0.17128098,0.3427818,0.93941504,89.99674,7.193756,44.575042724609375,5428.7314
2024-06-25,8.006256,6.975006,5.531311,0.0,,0.38326672,0.7924271,0.60996664,93.20393,8.006256,44.856292724609375,5553.7314
2024-06-26,7.662506,6.818756,13.206482,0.0,,0.37401405,0.6914338,0.7224398,94.39342,7.662506,47.387542724609375,5500.847
2024-06-27,7.475006,6.662506,19.485474,0.0,,0.6514539,0.7151878,0.69893235,94.58813,7.475006,49.450042724609375,5472.001
2024-06-28,8.256256,7.631256,12.191772,0.0,,0.7160868,0.7632731,0.64607596,95.838974,8.256256,51.887542724609375,5592.1934
2024-06-29,8.162506,7.225006,19.577026,0.0,,0.6834725,0.78763974,0.6161361,93.811905,8.162506,53.700042724609375,5577.77
2024-06-30,8.037506,7.225006,21.102905,0.0,,0.5108534,0.75461584,0.65616685,94.611725,8.037506,54.793792724609375,5558.5396
2024-07-01,8.225006,7.256256,30.654907,0.0,,0.5761632,0.7130405,0.7011229,93.61468,8.225006,55.825042724609375,5587.3857
2024-07-02,8.600006,7.537506,14.862061,0.0,,0.5426425,0.83981454,0.54287344,93.03639,8.600006,56.418792724609375,5645.078
2024-07-03,8.006256,6.975006,20.690918,0.0,,0.4504646,0.8758996,0.48249334,93.20393,8.006256,56.762542724609375,5553.7314
2024-07-04,8.162506,6.975006,19.638062,0.0,,0.57544047,0.7112313,0.70295805,92.21996,8.162506,57.450042724609375,5577.77
2024-07-05,7.975006,7.162506,14.976501,0.0,,0.8512437,0.97750187,0.21092686,94.6091,7.975006,57.168792724609375,5548.924
2024-07-06,6.756256,6.193756,28.823853,0.0,,0.7495786,0.9828113,0.184613,96.203705,6.756256,55.762542724609375,5361.424
2024-07-07,6.662506,5.818756,38.909912,0.0,,0.48546425,0.8320503,0.55470014,94.34964,6.662506,54.387542724609375,5347.001
2024-07-08,7.568756,6.443756,13.061523,0.0,,0.5471486,0.69106054,0.72279686,92.581924,7.568756,53.731292724609375,5486.424
2024-07-09,8.381256,7.537506,9.681702,0.0,,0.6341382,0.7386147,0.6741279,94.42457,8.381256,53.512542724609375,5611.424
2024-07-10,8.412506,7.631256,13.2751465,0.0,,0.44645798,0.52513623,0.85101813,94.82919,8.412506,53.918792724609375,5616.2314
2024-07-11,7.943756,6.818756,32.958984,0.0,,0.49715373,0.6703811,0.7420169,92.60328,7.943756,53.700042724609375,5544.116
2024-07-12,7.787506,6.568756,48.76709,0.0,,0.5819567,0.8085138,0.5884772,91.99972,7.787506,53.512542724609375,5520.078
2024-07-13,7.912506,7.193756,17.944336,0.0,,0.49450326,0.8845411,0.46646228,95.215416,7.912506,54.668792724609375,5539.3086
2024-07-14,8.662506,7.318756,18.234253,0.0,,0.6930582,0.90408987,0.42734239,91.27046,8.662506,56.668792724609375,5654.6934
2024-07-15,9.100006,8.037506,10.467529,0.0,,0.5003759,0.7786504,0.627458,93.06305,9.100006,58.200042724609375,5722.001
2024-07-16,8.881256,7.818756,17.166138,0.0,,0.7333369,0.86433685,0.5029133,93.05141,8.881256,58.700042724609375,5688.347
2024-07-17,8.287506,7.631256,23.31543,0.0,,0.69698507,0.7995163,0.60064435,95.63606,8.287506,58.575042724609375,5597.001
2024-07-18,8.537506,7.506256,25.375366,0.0,,0.7774583,0.6470466,0.76245046,93.231674,8.537506,59.168792724609375,5635.4624
2024-07-19,8.006256,6.600006,16.845703,0.0,,0.5824251,0.62415814,0.78129804,90.83575,8.006256,59.387542724609375,5553.7314
2024-07-20,8.881256,7.350006,12.130737,0.0,,0.7086363,0.7491626,0.6623861,90.12387,8.881256,60.356292724609375,5688.347
2024-07-21,8.100006,7.350006,19.332886,0.0,,0.54410756,0.845798,0.5335033,95.019325,8.100006,59.793792724609375,5568.155
2024-07-22,7.943756,6.881256,42.08374,0.0,,0.292056,0.5819694,0.81321067,93.00115,7.943756,58.637542724609375,5544.116
2024-07-23,8.287506,7.287506,13.748169,0.0,,0.42312735,0.7245563,0.6892156,93.418,8.287506,58.043792724609375,5597.001
2024-07-24,8.850006,7.881256,16.479492,0.0,,0.65886474,0.7225211,0.69134885,93.645355,8.850006,58.606292724609375,5683.5396
2024-07-25,8.693756,7.818756,17.929077,0.0,,0.7409341,0.72523797,0.68849826,94.23738,8.693756,58.762542724609375,5659.501
2024-07-26,8.975006,7.725006,15.762329,0.0,,0.61055464,0.6686775,0.74355257,91.876274,8.975006,59.731292724609375,5702.77
2024-07-27,8.975006,7.693756,15.548706,0.0,,0.6561785,0.630463,0.77621925,91.680885,8.975006,59.825042724609375,5702.77
2024-07-28,9.287506,7.443756,21.911621,0.0,,0.26389208,0.6660525,0.7459048,88.25338,9.287506,61.012542724609375,5750.847
2024-07-29,9.193756,7.693756,30.48706,0.0,,0.31036395,0.6881019,0.72561413,90.33933,9.193756,62.262542724609375,5736.424
2024-07-30,9.475006,7.725006,17.074585,0.0,,0.33542657,0.7229382,0.6909127,88.83554,9.475006,63.450042724609375,5779.6934
2024-07-31,9.037506,7.162506,16.998291,0.0,,0.5353557,0.807865,0.5893675,88.04297,9.037506,63.637542724609375,5712.3857
2024-08-01,8.006256,6.725006,19.607544,0.0,,0.52982223,0.73975235,0.6728792,91.61916,8.006256,62.950042724609375,5553.7314
2024-08-02,8.068756,6.787506,11.146545,0.0,,0.5456455,0.7400008,0.672606,91.62316,8.068756,62.043792724609375,5563.347
2024-08-03,7.662506,6.443756,13.679504,0.0,,0.45073354,0.7986656,0.6017751,91.99204,7.662506,60.731292724609375,5500.847
2024-08-04,7.787506,6.662506,12.59613,0.0,,0.63438636,0.85070056,0.5256506,92.59439,7.787506,59.231292724609375,5520.078
2024-08-05,8.381256,7.287506,9.613037,0.0,,0.65292287,0.7450347,0.6670257,92.82619,8.381256,58.418792724609375,5611.424
2024-08-06,6.881256,6.225006,26.19934,0.0,,0.33019525,0.5978833,0.8015832,95.58785,6.881256,55.825042724609375,5380.655
2024-08-07,7.100006,6.318756,41.56494,0.0,,0.5081057,0.5135857,0.8580383,94.77615,7.100006,53.887542724609375,5414.3086
2024-08-08,7.381256,6.568756,23.925781,0.0,,0.57571465,0.6483959,0.7613033,94.584175,7.381256,53.262542724609375,5457.578
2024-08-09,7.162506,6.475006,22.30835,0.0,,0.493006,0.6388805,0.769306,95.392265,7.162506,52.356292724609375,5423.924
2024-08-10,7.475006,6.693756,17.089844,0.0,,0.37210315,0.762728,0.64671946,94.79139,7.475006,52.168792724609375,5472.001
2024-08-11,7.818756,6.662506,20.41626,0.0,,0.45318964,0.8824172,0.47046766,92.39761,7.818756,52.200042724609375,5524.8857
2024-08-12,7.850006,6.631256,22.81189,0.0,,0.5008414,0.7581846,0.65203995,92.00354,7.850006,51.668792724609375,5529.6934
2024-08-13,8.100006,7.225006,10.7421875,0.0,,0.6181359,0.8549955,0.51863545,94.21086,8.100006,52.887542724609375,5568.155
2024-08-14,7.850006,6.725006,19.805908,0.0,,0.38789004,0.8584322,0.5129272,92.597946,7.850006,53.637542724609375,5529.6934
2024-08-15,8.193756,6.350006,14.831543,0.0,,0.23896214,0.921547,0.38826686,88.156845,8.193756,54.450042724609375,5582.578
2024-08-16,7.756256,6.162506,23.666382,0.0,,0.32783717,0.7732788,0.6340662,89.65216,7.756256,55.043792724609375,5515.27
2024-08-17,7.662506,5.912506,22.277832,0.0,,0.28555635,0.7012314,0.7129337,88.68252,7.662506,55.231292724609375,5500.847
2024-08-18,7.412506,6.193756,18.066406,0.0,,0.42420927,0.77450514,0.63256764,91.97667,7.412506,54.825042724609375,5462.3857
2024-08-19,7.256256,6.193756,10.879517,0.0,,0.59782016,0.79017335,0.6128834,92.96396,7.256256,54.231292724609375,5438.347
2024-08-20,6.287506,5.600006,16.952515,0.0,,0.6425789,0.7541309,0.6567241,95.36058,6.287506,52.418792724609375,5289.3086
2024-08-21,6.756256,6.006256,20.492554,0.0,,0.6834481,0.8813485,0.4724668,94.96689,6.756256,51.325042724609375,5361.424
2024-08-22,6.975006,6.225006,20.080566,0.0,,0.58775336,0.8310184,0.5562449,94.97548,6.975006,50.106292724609375,5395.078
2024-08-23,7.193756,6.256256,14.732361,0.0,,0.60057676,0.6876122,0.7260782,93.76534,7.193756,49.543792724609375,5428.7314
2024-08-24,7.225006,6.131256,12.771606,0.0,,0.62725866,0.66497964,0.74686146,92.76207,7.225006,49.106292724609375,5433.5396
2024-08-25,6.912506,5.443756,11.84845,0.0,,0.3038867,0.54188895,0.8404501,90.3664,6.912506,48.606292724609375,5385.4624
2024-08-26,6.412506,4.912506,9.498596,0.0,,0.31572396,0.50968313,0.86036223,90.13313,6.412506,47.762542724609375,5308.5396
2024-08-27,6.725006,4.975006,9.101868,0.0,,0.36016965,0.66607136,0.74588805,88.60216,6.725006,48.200042724609375,5356.616
2024-08-28,6.537506,4.943756,8.94928,0.0,,0.20099768,0.78481185,0.6197341,89.55602,6.537506,47.981292724609375,5327.77
2024-08-29,6.631256,4.787506,8.110046,0.0,,0.37896296,0.65091735,0.7591486,88.016914,6.631256,47.637542724609375,5342.1934
2024-08-30,7.412506,4.850006,11.054993,0.0,,0.33965397,0.45971254,0.8880678,83.79459,7.412506,47.856292724609375,5462.3857
2024-08-31,8.037506,6.350006,5.0735474,0.0,,0.3420871,0.7900435,0.6130509,89.09723,8.037506,48.668792724609375,5558.5396
2025-06-01,3.381256,-0.8687439,6.2589645,0.0,,0.73687637,0.8207583,0.5712756,73.707405,3.381256,3.381256103515625,4842.1934
2025-06-02,2.350006,-0.6499939,5.072117,0.0,,0.8677002,0.7997805,0.6002926,80.56941,2.350006,5.73126220703125,4683.5396
2025-06-03,1.6625061,-0.6187439,7.6093674,0.0,,0.6037937,0.81177205,0.5839745,84.81233,1.6625061,7.393768310546875,4577.77
2025-06-04,1.3187561,0.2875061,19.985199,0.0,,0.44560376,0.8816876,0.47183365,92.839905,1.3187561,8.7125244140625,4524.8857
2025-06-05,0.3812561,-1.1187439,16.986847,0.0,,0.026505714,0.95505184,0.2964388,89.663155,0.3812561,9.093780517578125,4380.655
2025-06-06,0.5062561,-1.4624939,13.958931,0.0,,0.36118394,-0.95688516,-0.29046643,86.64617,0.5062561,9.60003662109375,4399.8857
2025-06-07,3.006256,-1.8062439,7.9364777,0.0,,0.41693327,-0.964056,-0.26569912,70.65832,3.006256,12.606292724609375,4784.501
2025-06-08,4.600006,-1.6499939,4.8823357,0.0,,0.47750986,-0.9867679,-0.16213922,63.899113,4.600006,13.825042724609375,5029.6934
2025-06-09,5.725006,1.3187561,1.1456013,0.0,,0.362436,-0.9969433,-0.078128316,73.30818,5.725006,17.200042724609375,5202.77
2025-06-10,5.756256,3.006256,4.590988,0.0,,0.30735213,-0.9894439,-0.1449165,82.49498,5.756256,21.293792724609375,5207.5776
2025-06-11,6.225006,4.412506,10.804176,0.0,,0.21895328,-0.9888272,0.14906628,88.17271,6.225006,26.200042724609375,5279.6934
2025-06-12,6.943756,5.162506,3.9868355,0.0,,0.14931579,-0.15584187,0.987782,88.42865,6.943756,32.762542724609375,5390.27
2025-06-13,6.037506,4.537506,7.309437,0.0,,0.13971537,-0.08005342,0.9967906,90.104836,6.037506,38.293792724609375,5250.847
2025-06-14,7.193756,5.725006,7.7576637,0.0,,0.28541654,0.68553644,0.7280383,90.38703,7.193756,42.481292724609375,5428.7314
2025-06-15,7.100006,5.756256,9.703636,0.0,,0.29930916,0.694195,0.719787,91.165764,7.100006,44.981292724609375,5414.3086
2025-06-16,7.162506,6.131256,6.8235397,0.0,,0.5194796,0.71406305,0.70008135,93.15954,7.162506,46.418792724609375,5423.924
2025-06-17,7.068756,6.162506,13.190269,0.0,,0.53608704,0.6517519,0.7584322,93.96164,7.068756,47.731292724609375,5409.501
2025-06-18,7.600006,6.850006,16.94107,0.0,,0.5986953,0.7268307,0.6868166,94.9999,7.600006,49.106292724609375,5491.2314
2025-06-19,7.568756,6.850006,24.564743,0.0,,0.45207843,0.5719028,0.82032144,95.20258,7.568756,49.731292724609375,5486.424
2025-06-20,7.193756,6.412506,35.972595,0.0,,0.17796968,-0.7574107,0.6529387,94.77996,7.193756,50.887542724609375,5428.7314
2025-06-21,8.287506,7.100006,12.253761,0.0,,0.13965964,0.6093807,0.7928778,92.22741,8.287506,51.981292724609375,5597.001
2025-06-22,7.787506,6.881256,26.800156,0.0,,0.5311002,0.79106635,0.6117304,93.99519,7.787506,52.668792724609375,5520.078
2025-06-23,7.287506,6.475006,15.924454,0.0,,0.49281615,0.6621008,0.7494148,94.58023,7.287506,52.793792724609375,5443.155
2025-06-24,7.631256,6.662506,16.431808,0.0,,0.16846387,0.78692454,0.6170492,93.58533,7.631256,53.356292724609375,5496.0396
2025-06-25,8.193756,7.318756,24.267197,0.0,,0.56022334,0.7301688,0.68326676,94.215065,8.193756,53.950042724609375,5582.578
2025-06-26,7.912506,6.975006,30.548096,0.0,,0.4215408,0.7770189,0.62947726,93.79994,7.912506,54.293792724609375,5539.3086
2025-06-27,7.693756,6.662506,29.04892,0.0,,0.45491257,0.6099993,0.79240197,93.18754,7.693756,54.793792724609375,5505.655
2025-06-28,7.350006,6.193756,13.385773,0.0,,0.5723207,0.58948034,0.8077827,92.37018,7.350006,53.856292724609375,5452.77
2025-06-29,7.100006,6.350006,10.482788,0.0,,0.6489673,0.8080747,0.58908004,94.98038,7.100006,53.168792724609375,5414.3086
2025-06-30,6.787506,5.787506,21.900177,0.0,,0.5755146,0.63695544,0.7709006,93.34128,6.787506,52.668792724609375,5366.2314
2025-07-01,7.725006,6.475006,9.390831,0.0,,0.6174537,0.6554234,0.75526166,91.79832,7.725006,52.762542724609375,5510.4624
2025-07-02,7.693756,6.506256,12.0306015,0.0,,0.7896703,0.76202136,0.6475519,92.19195,7.693756,52.262542724609375,5505.655
2025-07-03,7.725006,6.631256,21.406174,0.0,,0.6977333,0.65511036,0.7555332,92.78991,7.725006,52.075042724609375,5510.4624
2025-07-04,7.725006,6.662506,15.366554,0.0,,0.3454136,0.5766659,0.8169801,92.98936,7.725006,52.106292724609375,5510.4624
2025-07-05,7.818756,5.631256,11.875153,0.0,,0.19346628,0.44979867,0.89312994,86.05269,7.818756,52.575042724609375,5524.8857
2025-07-06,7.975006,4.693756,17.974854,0.0,,0.41321647,0.818447,0.574582,79.76961,7.975006,53.450042724609375,5548.924
2025-07-07,7.975006,6.475006,18.033981,0.0,,0.5171716,0.7422693,0.67010176,90.249756,7.975006,54.637542724609375,5548.924
2025-07-08,7.725006,6.506256,16.65306,0.0,,0.38629273,0.8722519,0.4890568,91.99588,7.725006,54.637542724609375,5510.4624
2025-07-09,7.225006,6.131256,12.410164,0.0,,0.54175305,0.56179065,0.82727945,92.76207,7.225006,54.168792724609375,5433.5396
2025-07-10,7.162506,6.443756,11.906624,0.0,,0.6366561,0.76502925,0.6439955,95.187355,7.162506,53.606292724609375,5423.924
2025-07-11,7.287506,6.006256,13.331413,0.0,,0.43947798,0.7335696,0.6796143,91.572945,7.287506,53.168792724609375,5443.155
2025-07-12,7.600006,5.631256,11.187553,0.0,,0.34199017,0.81329006,0.58185846,87.344734,7.600006,52.950042724609375,5491.2314
2025-07-13,7.318756,5.568756,8.081436,0.0,,0.6518892,0.67950606,0.73366994,88.65315,7.318756,52.293792724609375,5447.9624
2025-07-14,7.068756,5.350006,17.587662,0.0,,0.65525717,0.49405104,0.8694329,88.82426,7.068756,51.387542724609375,5409.501
2025-07-15,7.318756,6.225006,10.035515,0.0,,0.59493625,0.68043536,0.7328081,92.7673,7.318756,50.981292724609375,5447.9624
2025-07-16,6.881256,5.693756,15.38372,0.0,,0.71094507,0.8672641,0.4978484,92.143036,6.881256,50.637542724609375,5380.655
2025-07-17,6.787506,5.475006,13.978958,0.0,,0.51302296,0.85570323,0.5174669,91.34239,6.787506,50.262542724609375,5366.2314
2025-07-18,8.006256,6.443756,7.7815056,0.0,,0.2679518,0.57282007,0.8196811,89.8648,8.006256,50.981292724609375,5553.7314
2025-07-19,9.006256,7.100006,6.134033,0.0,,0.34532866,0.66964316,0.74268305,87.85206,9.006256,52.387542724609375,5707.578
2025-07-20,7.225006,5.943756,17.99202,0.0,,0.34714267,0.90512925,0.42513645,91.56891,7.225006,52.293792724609375,5433.5396
2025-07-21,8.006256,6.818756,16.254425,0.0,,0.58967716,0.6885223,0.7252152,92.21064,8.006256,53.231292724609375,5553.7314
2025-07-22,8.131256,7.068756,19.723892,0.0,,0.7501806,0.7909879,0.6118318,93.011246,8.131256,54.043792724609375,5572.9624
2025-07-23,8.412506,7.162506,12.495041,0.0,,0.63377625,0.8628834,0.50540304,91.84133,8.412506,55.575042724609375,5616.2314
2025-07-24,8.662506,6.943756,10.321617,0.0,,0.49733326,0.7751916,0.6317262,88.95769,8.662506,57.450042724609375,5654.6934
2025-07-25,8.600006,7.037506,9.096146,0.0,,0.3935383,0.72164917,0.69225895,89.91022,8.600006,58.043792724609375,5645.078
2025-07-26,8.506256,7.475006,12.945175,0.0,,0.798681,0.8051605,0.593057,93.23004,8.506256,57.543792724609375,5630.655
2025-07-27,8.537506,7.631256,18.45932,0.0,,0.8653552,0.79454195,0.6072092,94.02992,8.537506,58.856292724609375,5635.4624
2025-07-28,7.818756,6.600006,35.568237,0.0,,0.6160192,0.81166303,0.5841259,92.00163,7.818756,58.668792724609375,5524.8857
2025-07-29,7.850006,6.725006,18.138885,0.0,,0.6438207,0.6833765,0.7300662,92.597946,7.850006,58.387542724609375,5529.6934
2025-07-30,7.787506,6.818756,16.756058,0.0,,0.79246485,0.7375377,0.67530596,93.59306,7.787506,57.762542724609375,5520.078
2025-07-31,7.912506,6.912506,15.371323,0.0,,0.5714743,0.7622528,0.6472794,93.39896,7.912506,57.012542724609375,5539.3086
2025-08-01,8.287506,7.131256,12.289047,0.0,,0.6280601,0.7484352,0.6632079,92.424904,8.287506,56.700042724609375,5597.001
2025-08-02,8.381256,7.256256,11.403084,0.0,,0.65801245,0.81162226,0.58418256,92.62808,8.381256,56.575042724609375,5611.424
2025-08-03,8.037506,7.068756,12.800217,0.0,,0.63980526,0.9413723,0.33736962,93.60543,8.037506,56.075042724609375,5558.5396
2025-08-04,7.475006,6.537506,16.422272,0.0,,0.68124783,0.8949462,0.446174,93.778915,7.475006,55.731292724609375,5472.001
2025-08-05,7.068756,6.287506,12.326241,0.0,,0.5749316,0.8148367,0.57969064,94.77488,7.068756,54.950042724609375,5409.501
2025-08-06,7.412506,6.537506,14.503479,0.0,,0.33265328,0.7514874,0.6597474,94.17993,7.412506,54.575042724609375,5462.3857
2025-08-07,8.318756,6.537506,7.147312,0.0,,0.60637754,0.8486254,0.5289942,88.547806,8.318756,54.981292724609375,5601.8086
2025-08-08,7.537506,6.350006,11.724472,0.0,,0.47147277,0.73913115,0.6735615,92.18257,7.537506,54.231292724609375,5481.616
2025-08-09,7.568756,6.662506,14.21833,0.0,,0.48848614,0.77467495,0.6323596,93.985016,7.568756,53.418792724609375,5486.424
2025-08-10,7.943756,7.006256,17.017365,0.0,,0.67629856,0.69062924,0.723209,93.80143,7.943756,53.325042724609375,5544.116
2025-08-11,7.912506,7.256256,17.950058,0.0,,0.47385094,0.65214807,0.7580916,95.62329,7.912506,53.762542724609375,5539.3086
2025-08-12,9.006256,7.787506,14.080048,0.0,,0.41908875,0.843534,0.53707576,92.07393,9.006256,55.700042724609375,5707.578
2025-08-13,8.537506,7.600006,16.277313,0.0,,0.641396,0.9141056,0.40547624,93.829796,8.537506,56.825042724609375,5635.4624
2025-08-14,7.100006,6.162506,27.751923,0.0,,0.3727103,0.8031625,0.59576005,93.7608,7.100006,55.606292724609375,5414.3086
2025-08-15,7.662506,6.100006,16.809464,0.0,,0.35540935,0.78429997,0.6203818,89.83837,7.662506,55.731292724609375,5500.847
2025-08-16,7.506256,6.131256,17.831802,0.0,,0.70149404,0.78637266,0.6177524,90.99678,7.506256,55.668792724609375,5476.8086
2025-08-17,7.381256,6.037506,16.605377,0.0,,0.8318607,0.6856599,0.7279221,91.184746,7.381256,55.106292724609375,5457.578
2025-08-18,6.912506,5.600006,20.004272,0.0,,0.7764111,0.6667075,0.7453194,91.350685,6.912506,54.106292724609375,5385.4624
2025-08-19,6.881256,5.443756,12.4874115,0.0,,0.5803836,0.79377395,0.60821295,90.56025,6.881256,51.981292724609375,5380.655
2025-08-20,6.631256,5.443756,13.709068,0.0,,0.4889138,0.7467202,0.6651383,92.12789,6.631256,50.075042724609375,5342.1934
2025-08-21,7.287506,6.006256,9.549141,0.0,,0.5990633,0.7809434,0.62460184,91.572945,7.287506,50.262542724609375,5443.155
2025-08-22,7.100006,6.068756,13.459206,0.0,,0.4576087,0.6156751,0.7880001,93.15623,7.100006,49.700042724609375,5414.3086
2025-08-23,7.443756,6.037506,23.691177,0.0,,0.4755906,0.5698738,0.8217322,90.79639,7.443756,49.637542724609375,5467.1934
2025-08-24,7.100006,5.850006,9.0065,0.0,,0.5921132,0.7893883,0.6138942,91.75892,7.100006,49.356292724609375,5414.3086
2025-08-25,6.943756,5.850006,11.467934,0.0,,0.509551,0.7516336,0.6595809,92.746346,6.943756,49.387542724609375,5390.27
2025-08-26,7.162506,5.818756,9.043694,0.0,,0.5160813,0.6466815,0.76276016,91.16999,7.162506,49.668792724609375,5423.924
2025-08-27,7.350006,6.475006,9.94873,0.0,,0.6149845,0.7201834,0.69378376,94.1771,7.350006,50.387542724609375,5452.77
2025-08-28,6.600006,5.912506,20.856857,0.0,,0.5430626,0.86085606,0.50884855,95.37193,6.600006,49.700042724609375,5337.3857
2025-08-29,6.225006,5.475006,38.368225,0.0,,0.60632384,0.7884027,0.6151595,94.94594,6.225006,48.825042724609375,5279.6934
2025-08-30,6.506256,5.756256,13.171196,0.0,,0.50854343,0.72965884,0.68381137,94.95704,6.506256,47.887542724609375,5322.9624
2025-08-31,5.943756,5.225006,15.116692,0.0,,0.66279954,0.8006956,0.5990714,95.14121,5.943756,46.731292724609375,5236.424
2026-06-01,2.881256,0.4125061,2.33984,0.0,,0.088974245,-0.89564145,-0.44477677,83.80867,2.881256,2.881256103515625,4765.27
2026-06-02,3.287506,1.0687561,4.5895576,0.0,,0.18833372,-0.99889505,-0.046996605,85.379944,3.287506,6.16876220703125,4827.77
2026-06-03,3.037506,0.6312561,3.7195683,0.0,,0.19203053,-0.9966696,-0.08154606,84.20648,3.037506,9.206268310546875,4789.3086
2026-06-04,3.662506,0.7562561,0.7431507,0.0,,0.17691879,-0.995554,0.09419292,81.30318,3.662506,12.8687744140625,4885.4624
2026-06-05,4.287506,2.350006,1.8396378,0.0,,0.113970615,-0.77665836,0.62992203,87.21905,4.287506,17.156280517578125,4981.616
2026-06-06,3.850006,2.006256,4.6191216,0.0,,0.097873665,-0.6623535,0.74919146,87.76178,3.850006,21.00628662109375,4914.3086
2026-06-07,3.850006,1.6000061,0.97966194,0.0,,0.23624368,-0.9934464,-0.11429862,85.25081,3.850006,24.856292724609375,4914.3086
2026-06-08,4.193756,2.787506,8.275986,0.0,,0.27007818,0.68548626,0.7280855,90.564026,4.193756,26.168792724609375,4967.1934
2026-06-09,3.818756,2.131256,2.4101734,0.0,,0.07711231,-0.84919125,0.5280855,88.74214,3.818756,26.700042724609375,4909.501
2026-06-10,3.568756,2.037506,9.716034,0.0,,0.19776803,0.8145251,0.58012825,89.7154,3.568756,27.231292724609375,4871.0396
2026-06-11,4.131256,3.006256,12.275696,0.0,,0.4694845,0.93531823,0.35380757,92.38182,4.131256,27.700042724609375,4957.5776
2026-06-12,3.600006,2.443756,7.1458817,0.0,,0.13167857,0.55117875,0.8343872,92.145294,3.600006,27.012542724609375,4875.847
2026-06-13,3.068756,1.4125061,4.3678284,0.0,,0.3093193,-0.9899589,-0.1413557,88.87614,3.068756,26.231292724609375,4794.116
2026-06-14,3.693756,1.9125061,4.697323,0.0,,0.08612496,-0.95184773,0.30657116,88.13971,3.693756,26.075042724609375,4890.27
2026-06-15,3.693756,1.8812561,2.961874,0.0,,0.13398156,-0.99674106,-0.08066777,87.94326,3.693756,25.575042724609375,4890.27
2026-06-16,4.256256,1.7875061,1.9197464,0.0,,0.13846877,-0.9408586,0.33879948,83.973816,4.256256,26.012542724609375,4976.8086
2026-06-17,5.037506,2.662506,2.5706291,0.0,,0.12277309,-0.32689923,0.9450592,84.62787,5.037506,27.481292724609375,5097.001
2026-06-18,5.912506,4.037506,5.81789,0.0,,0.21922271,0.21719944,0.97612727,87.75911,5.912506,29.262542724609375,5231.616
2026-06-19,6.225006,4.162506,6.2012672,0.0,,0.28036985,0.49835867,0.86697096,86.64253,6.225006,31.887542724609375,5279.6934
2026-06-20,6.287506,5.131256,23.675919,0.0,,0.40176404,0.6686667,0.7435622,92.307434,6.287506,35.106292724609375,5289.3086
2026-06-21,5.787506,4.818756,11.594772,0.0,,0.32828256,0.9460673,0.3239702,93.492905,5.787506,37.200042724609375,5212.3857
2026-06-22,5.693756,4.662506,10.168076,0.0,,0.4053676,0.8406179,0.54162866,93.081215,5.693756,39.200042724609375,5197.9624
2026-06-23,4.881256,2.662506,1.668334,0.0,,0.3171819,0.7079001,0.70631254,85.553856,4.881256,39.825042724609375,5072.9624
2026-06-24,4.975006,2.506256,2.6135445,0.0,,0.22294864,0.28710926,0.95789784,84.05917,4.975006,39.762542724609375,5087.3857
2026-06-25,6.100006,3.881256,2.6688576,0.0,,0.2132818,0.24176121,0.9703358,85.684814,6.100006,39.950042724609375,5260.4624
2026-06-26,6.975006,5.100006,5.552292,0.0,,0.24636309,0.5927912,0.8053562,87.85671,6.975006,40.700042724609375,5395.078
2026-06-27,6.850006,5.131256,5.6824684,0.0,,0.21639232,0.49004024,0.8716998,88.805756,6.850006,41.262542724609375,5375.847
2026-06-28,6.787506,5.350006,8.03566,0.0,,0.1091136,0.21091844,0.97750366,90.5535,6.787506,42.262542724609375,5366.2314
2026-06-29,7.412506,6.068756,16.550064,0.0,,0.18219768,0.6047063,0.7964485,91.18685,7.412506,43.981292724609375,5462.3857
2026-06-30,7.631256,6.600006,23.857117,0.0,,0.22216801,0.6729394,0.73969764,93.18425,7.631256,46.731292724609375,5496.0396
2026-07-01,7.725006,6.912506,20.669937,0.0,,0.46102422,0.8169147,0.57675856,94.59863,7.725006,49.481292724609375,5510.4624
2026-07-02,8.162506,7.475006,20.950317,0.0,,0.54267305,0.7340441,0.6791018,95.42807,8.162506,51.543792724609375,5577.77
2026-07-03,8.318756,7.412506,18.579483,0.0,,0.5020233,0.66114295,0.75025994,94.01982,8.318756,52.887542724609375,5601.8086
2026-07-04,8.381256,7.475006,19.84024,0.0,,0.5436892,0.66307026,0.74855715,94.02271,8.381256,54.418792724609375,5611.424
2026-07-05,8.162506,6.850006,13.59272,0.0,,0.48074198,0.6153767,0.78823316,91.432976,8.162506,55.793792724609375,5577.77
2026-07-06,8.225006,6.787506,8.249283,0.0,,0.37877452,0.65160376,0.75855947,90.656364,8.225006,56.606292724609375,5587.3857
2026-07-07,8.631256,7.131256,14.226913,0.0,,0.65651524,0.9161104,0.4009261,90.29815,8.631256,57.606292724609375,5649.8857
2026-07-08,8.287506,7.131256,27.130127,0.0,,0.6201868,0.8269741,0.56224,92.424904,8.287506,58.168792724609375,5597.001
2026-07-09,8.037506,7.162506,32.295227,0.0,,0.44965753,0.81930846,0.573353,94.20806,8.037506,58.043792724609375,5558.5396
2026-07-10,8.725006,7.600006,20.72525,0.0,,0.6680838,0.8187552,0.5741427,92.647484,8.725006,58.450042724609375,5664.3086
2026-07-11,8.006256,7.100006,41.843414,0.0,,0.37822908,0.93110996,0.36473858,94.005356,8.006256,58.075042724609375,5553.7314
2026-07-12,8.287506,7.350006,40.454865,0.0,,0.68316036,0.9773161,0.21178605,93.81788,8.287506,58.200042724609375,5597.001
2026-07-13,7.631256,6.350006,36.52954,0.0,,0.20342435,0.81850535,0.5744989,91.59509,7.631256,57.606292724609375,5496.0396
2026-07-14,7.100006,6.225006,24.148941,0.0,,0.25297356,0.9842646,0.17670079,94.16579,7.100006,56.075042724609375,5414.3086
2026-07-15,7.725006,7.037506,13.550758,0.0,,0.5695122,0.7952619,0.60626596,95.41246,7.725006,55.512542724609375,5510.4624
2026-07-16,7.725006,6.943756,20.990372,0.0,,0.5452007,0.5968608,0.8023448,94.801506,7.725006,55.200042724609375,5510.4624
2026-07-17,8.068756,7.412506,24.400711,0.0,,0.4583345,0.7015252,0.71264464,95.62862,8.068756,54.543792724609375,5563.347
2026-07-18,8.225006,7.068756,30.225754,0.0,,0.18777733,0.67104524,0.7414164,92.42127,8.225006,54.762542724609375,5587.3857
2026-07-19,7.537506,6.693756,20.973206,0.0,,0.29700744,0.8558066,0.5172959,94.38797,7.537506,54.012542724609375,5481.616
2026-07-20,7.350006,6.506256,15.3541565,0.0,,0.57728714,0.7852385,0.6191934,94.37979,7.350006,53.731292724609375,5452.77
2026-07-21,6.850006,5.756256,19.659042,0.0,,0.54002786,0.6874578,0.72622436,92.7411,6.850006,53.481292724609375,5375.847
2026-07-22,7.193756,6.225006,17.879486,0.0,,0.661431,0.6789773,0.73415923,93.563576,7.193756,52.950042724609375,5428.7314
2026-07-23,6.756256,5.725006,15.4771805,0.0,,0.5617689,0.6736186,0.7390792,93.138,6.756256,51.981292724609375,5361.424
2026-07-24,7.100006,6.162506,12.962341,0.0,,0.6098612,0.7611115,0.6486211,93.7608,7.100006,51.012542724609375,5414.3086
2026-07-25,7.537506,6.475006,9.086609,0.0,,0.4081393,0.60819924,0.79378444,92.97921,7.537506,50.325042724609375,5481.616
2026-07-26,7.756256,6.350006,12.5694275,0.0,,0.4947163,0.7238973,0.6899077,90.81828,7.756256,50.543792724609375,5515.27
2026-07-27,7.881256,6.725006,12.133598,0.0,,0.60616165,0.83191085,0.5549093,92.40126,7.881256,51.075042724609375,5534.501
2026-07-28,8.193756,7.037506,15.363693,0.0,,0.7944064,0.72459453,0.68917537,92.41946,8.193756,52.418792724609375,5582.578
2026-07-29,7.600006,6.568756,22.865295,0.0,,0.8099127,0.69421786,0.71976495,93.1826,7.600006,52.825042724609375,5491.2314
2026-07-30,7.193756,6.318756,19.842148,0.0,,0.73006177,0.8397058,0.5430415,94.17004,7.193756,53.262542724609375,5428.7314
2026-07-31,7.256256,6.225006,11.811256,0.0,,0.7813021,0.80502445,0.5932417,93.16448,7.256256,53.418792724609375,5438.347
2026-08-01,7.787506,6.912506,16.328812,0.0,,0.703719,0.72161263,0.69229704,94.19683,7.787506,53.668792724609375,5520.078
2026-08-02,7.537506,6.912506,17.986298,0.0,,0.573344,0.78632754,0.6178098,95.81555,7.537506,53.450042724609375,5481.616
2026-08-03,7.412506,6.256256,25.259018,0.0,,0.10020886,0.99691075,0.07854275,92.37384,7.412506,52.981292724609375,5462.3857
2026-08-04,7.662506,6.537506,14.567375,0.0,,0.5195527,0.81328875,0.5818603,92.587265,7.662506,52.450042724609375,5500.847
2026-08-05,7.756256,6.725006,18.131256,0.0,,0.71628636,0.8960741,0.44390443,93.19083,7.756256,52.606292724609375,5515.27
2026-08-06,7.818756,6.850006,11.843681,0.0,,0.64593655,0.71033573,0.703863,93.59462,7.818756,53.231292724609375,5524.8857
2026-08-07,7.787506,6.693756,12.800217,0.0,,0.5132797,0.73541176,0.6776205,92.793365,7.787506,53.762542724609375,5520.078
2026-08-08,7.756256,6.537506,17.911911,0.0,,0.5908482,0.7563176,0.6542046,91.997795,7.756256,53.731292724609375,5515.27
2026-08-09,7.818756,7.006256,18.884659,0.0,,0.6261209,0.7863826,0.61773974,94.60256,7.818756,54.012542724609375,5524.8857
2026-08-10,7.537506,6.631256,22.70317,0.0,,0.5395216,0.80705726,0.5904731,93.98355,7.537506,54.137542724609375,5481.616
2026-08-11,7.912506,5.787506,10.607719,0.0,,0.35354295,0.5819647,0.81321406,86.435425,7.912506,54.387542724609375,5539.3086
2026-08-12,8.756256,6.600006,8.883476,0.0,,0.36764163,0.67594266,0.7369543,86.33451,8.756256,55.387542724609375,5669.116
2026-08-13,8.381256,7.100006,29.60968,0.0,,0.8056035,0.8614284,0.5078791,91.643135,8.381256,55.950042724609375,5611.424
2026-08-14,7.662506,6.350006,10.958672,0.0,,0.5551847,0.5678229,0.82315075,91.4002,7.662506,55.825042724609375,5500.847
2026-08-15,7.100006,6.131256,18.707275,0.0,,0.6520199,0.74630046,0.6656092,93.5589,7.100006,55.168792724609375,5414.3086
2026-08-16,7.131256,6.287506,34.26361,0.0,,0.6679331,0.8279865,0.5607481,94.370224,7.131256,54.481292724609375,5419.116
2026-08-17,7.037506,5.912506,13.989449,0.0,,0.51834595,0.7122688,0.7019068,92.551506,7.037506,53.981292724609375,5404.6934
2026-08-18,7.850006,6.756256,11.498451,0.0,,0.46018514,0.696383,0.7176703,92.79683,7.850006,53.918792724609375,5529.6934
2026-08-19,7.818756,6.787506,10.741234,0.0,,0.5265316,0.77097905,0.6368605,93.19411,7.818756,52.981292724609375,5524.8857
2026-08-20,7.725006,6.756256,13.238907,0.0,,0.5691796,0.79095477,0.61187464,93.58997,7.725006,52.325042724609375,5510.4624
2026-08-21,7.631256,6.537506,26.395798,0.0,,0.6574585,0.7909542,0.6118754,92.7847,7.631256,52.293792724609375,5496.0396
2026-08-22,7.381256,6.318756,11.059761,0.0,,0.6142025,0.832249,0.554402,92.97075,7.381256,52.575042724609375,5457.578
2026-08-23,7.975006,6.787506,9.555817,0.0,,0.5193182,0.77187425,0.6357752,92.20877,7.975006,53.418792724609375,5548.924
2026-08-24,7.881256,6.350006,5.642414,0.0,,0.38937515,0.8206727,0.57139856,90.04883,7.881256,54.262542724609375,5534.501
2026-08-25,7.850006,6.287506,8.382797,0.0,,0.41093314,0.7703415,0.63763154,89.8528,7.850006,54.262542724609375,5529.6934
2026-08-26,7.912506,6.506256,16.532898,0.0,,0.68160164,0.7841602,0.62055844,90.82921,7.912506,54.356292724609375,5539.3086
2026-08-27,7.881256,6.943756,10.36644,0.0,,0.58855635,0.754648,0.65612996,93.79844,7.881256,54.512542724609375,5534.501
2026-08-28,8.193756,7.006256,12.032509,0.0,,0.4369978,0.8352221,0.5499127,92.221825,8.193756,55.075042724609375,5582.578
2026-08-29,7.912506,6.850006,31.440735,0.0,,0.510214,0.8730349,0.48765773,92.99947,7.912506,55.606292724609375,5539.3086
2026-08-30,7.631256,6.443756,14.739037,0.0,,0.5607537,0.6615046,0.74994105,92.1882,7.631256,55.262542724609375,5496.0396
2026-08-31,7.443756,6.600006,17.57431,0.0,,0.5462869,0.67405075,0.738685,94.38388,7.443756,54.825042724609375,5467.1934
