time,t2m,d2m,u10,v10,sd,sf,tp,wind_speed,wind_dir,relative_humidity
2001-06-01,3.6703186,2.0765686,-0.076049805,-0.1965332,,,5.4473877,0.21073413,-1.940008,89.32462
2001-06-02,4.100006,2.9515686,-0.053619385,-0.1472168,,,6.9885254,0.15667745,-1.9200832,92.22683
2001-06-03,4.2484436,3.3578186,0.16882324,0.16027832,,,12.939453,0.23278837,0.7594396,93.93074
2001-06-04,3.5765686,2.850006,0.11669922,0.13635254,,,4.299164,0.17947346,0.8629078,94.99712
2001-06-05,3.100006,2.2171936,0.11260986,0.014427185,,,5.554199,0.113530286,0.12742239,93.92789
2001-06-06,2.818756,1.2796936,0.05029297,0.11175537,,,4.3792725,0.122550584,1.1479197,89.605484
2001-06-07,2.4359436,0.5921936,-0.07550049,-0.08166504,,,4.787445,0.111218266,-2.3169913,87.629005
2001-06-08,3.3265686,1.3890686,0.042877197,0.07159424,,,5.3520203,0.08345172,1.0311922,87.1255
2001-06-09,3.881256,2.350006,0.084228516,0.07513428,,,6.8130493,0.112869844,0.72839373,89.740105
2001-06-10,4.1390686,2.0453186,0.029785156,-0.07952881,,,2.1820068,0.08492342,-1.2124462,86.23897
2001-06-11,5.5609436,4.100006,0.023376465,-0.044311523,,,9.941101,0.050099604,-1.0853539,90.315834
2001-06-12,4.9203186,3.6234436,-0.12646484,-0.44799805,,,11.749268,0.46550575,-1.8459262,91.31751
2001-06-13,5.475006,4.350006,0.022003174,-0.24621582,,,9.506226,0.24719702,-1.4816676,92.460976
2001-06-14,5.7171936,4.5609436,0.34277344,0.17883301,,,12.466431,0.3866198,0.4808751,92.273445
2001-06-15,5.5453186,4.5921936,0.56103516,0.33032227,,,14.968872,0.6510555,0.5321233,93.58271
2001-06-16,5.4671936,4.7015686,0.5161133,0.30126953,,,16.00647,0.5976088,0.52836853,94.81237
2001-06-17,5.693756,4.756256,0.24328613,0.13647461,,,11.459351,0.27895063,0.5112214,93.69221
2001-06-18,5.6078186,4.287506,0.19372559,-0.021118164,,,9.941101,0.19487324,-0.10858196,91.21363
2001-06-19,6.4359436,5.412506,0.26171875,0.24377441,,,32.928467,0.3576628,0.7499144,93.171455
2001-06-20,5.8578186,4.912506,0.24816895,0.1472168,,,11.428833,0.28854915,0.5354134,93.64928
2001-06-21,6.6234436,5.5921936,0.23425293,0.42089844,,,12.710571,0.48169485,1.0629348,93.13094
2001-06-22,6.1390686,5.443756,0.34033203,0.49243164,,,9.895325,0.598594,0.96605134,95.303505
2001-06-23,6.193756,4.7484436,0.28515625,0.16748047,,,8.430481,0.33070198,0.5310503,90.4612
2001-06-24,6.7328186,5.537506,0.4038086,0.3449707,,,17.471313,0.531099,0.7069809,92.08416
2001-06-25,6.318756,5.2015686,0.18933105,0.15344238,,,8.598328,0.2437023,0.6810774,92.56032
2001-06-26,6.1390686,4.7796936,0.18249512,0.11016846,,,7.3051453,0.21317026,0.5431202,91.00122
2001-06-27,6.818756,5.0765686,0.2487793,0.21264648,,,7.5416565,0.32727614,0.7072508,88.658424
2001-06-28,7.1703186,5.568756,0.21923828,0.08282471,,,17.700195,0.23436159,0.36120915,89.557594
2001-06-29,7.068756,6.100006,0.13598633,0.003282547,,,25.314331,0.13602594,0.024134114,93.55734
2001-06-30,7.037506,5.631256,0.3322754,0.20874023,,,11.619568,0.3924021,0.56090754,90.76781
2001-07-01,7.100006,6.0609436,0.16137695,0.08453369,,,13.008118,0.18217702,0.48252743,93.106
2001-07-02,6.8578186,5.4984436,0.16967773,0.0748291,,,13.885498,0.18544522,0.4153504,91.05067
2001-07-03,6.4203186,5.256256,0.19604492,0.033325195,,,11.184692,0.19885719,0.16837806,92.26523
2001-07-04,6.4984436,4.9515686,0.32080078,0.19958496,,,10.795593,0.37781912,0.5565444,89.84583
2001-07-05,6.912506,5.1078186,0.3149414,0.22216797,,,8.483887,0.38541755,0.61435854,88.28188
2001-07-06,7.3421936,5.7796936,0.24084473,0.21520996,,,11.726379,0.3229884,0.7292474,89.81365
2001-07-07,6.8734436,5.2171936,0.26611328,0.16845703,,,12.275696,0.31495088,0.5643511,89.19445
2001-07-08,7.3421936,5.6390686,0.32128906,0.22290039,,,9.307861,0.3910387,0.6065318,88.943535
2001-07-09,7.3109436,5.7484436,0.31567383,0.30322266,,,9.719849,0.43771446,0.7652825,89.81123
2001-07-10,7.443756,6.1390686,0.50634766,0.453125,,,14.778137,0.6794926,0.7299842,91.435074
2001-07-11,7.5296936,6.568756,0.54785156,0.4638672,,,12.710571,0.71785384,0.70257646,93.63056
2001-07-12,6.787506,6.0765686,0.42260742,0.27075195,,,7.8964233,0.5019,0.56978846,95.22456
2001-07-13,7.3265686,6.2796936,0.46313477,0.5131836,,,14.755249,0.69126785,0.83661616,93.06794
2001-07-14,6.7640686,6.3890686,0.6298828,0.68359375,,,24.902344,0.9295444,0.8262676,97.454895
2001-07-15,6.225006,5.6703186,0.41601562,0.6928711,,,23.864746,0.8081704,1.030066,96.23986
2001-07-16,6.4828186,5.8109436,0.5913086,0.5649414,,,17.89856,0.81780475,0.7625981,95.47082
2001-07-17,6.912506,5.8890686,0.56640625,0.4428711,,,14.450073,0.71899295,0.6636044,93.19661
2001-07-18,7.131256,6.2171936,0.47021484,0.4020996,,,16.342163,0.6186971,0.70747066,93.91396
2001-07-19,6.9984436,6.4046936,0.4182129,0.42163086,,,30.792236,0.59386414,0.78946793,96.00419
2001-07-20,6.7640686,6.4046936,0.27246094,0.07098389,,,17.364502,0.2815558,0.2548632,97.559784
2001-07-21,7.631256,6.818756,0.3046875,0.3125,,,15.357971,0.43645242,0.7980557,94.594696
2001-07-22,7.7484436,7.006256,0.49145508,0.43603516,,,18.218994,0.65700436,0.72571653,95.05655
2001-07-23,7.3734436,6.412506,0.44311523,0.33764648,,,11.543274,0.5570963,0.6511265,93.622856
2001-07-24,7.4984436,6.662506,0.43847656,0.4716797,,,15.701294,0.6440058,0.8218627,94.43694
2001-07-25,7.318756,6.662506,0.39819336,0.4194336,,,9.521484,0.5783446,0.8113702,95.602936
2001-07-26,7.256256,6.537506,0.49145508,0.44335938,,,12.451172,0.66188794,0.733994,95.190865
2001-07-27,7.3890686,6.7640686,0.5292969,0.55859375,,,15.075684,0.76953375,0.8123216,95.810684
2001-07-28,7.3578186,6.6703186,0.49267578,0.578125,,,13.458252,0.75957745,0.8650288,95.399284
2001-07-29,7.318756,6.787506,0.47143555,0.61816406,,,23.284912,0.7774177,0.9192557,96.427055
2001-07-30,6.912506,6.4984436,0.107788086,0.32714844,,,19.561768,0.3444479,1.25252,97.19639
2001-07-31,7.0453186,6.2484436,0.3088379,0.3618164,,,9.727478,0.47570154,0.86422974,94.67191
2001-08-01,7.4984436,6.9046936,0.38012695,0.51953125,,,17.303467,0.64374626,0.9391281,96.01982
2001-08-02,6.7640686,6.037506,0.38110352,0.5366211,,,18.508911,0.6581809,0.9532634,95.12102
2001-08-03,6.0609436,5.1390686,0.4645996,0.4020996,,,21.148682,0.6144403,0.7134101,93.81212
2001-08-04,6.350006,4.850006,0.45751953,0.30419922,,,6.340027,0.54941905,0.5867702,90.128426
2001-08-05,6.2484436,4.9515686,0.5551758,0.515625,,,11.016846,0.7576868,0.74847925,91.40592
2001-08-06,4.8734436,4.1390686,0.41967773,0.28710938,,,13.572693,0.50848913,0.5999876,94.99604
2001-08-07,5.8265686,4.9671936,0.3034668,0.19641113,,,11.131287,0.36148226,0.5744216,94.21009
2001-08-08,6.4828186,5.506256,0.2064209,0.22888184,,,9.757996,0.308215,0.8369509,93.47734
2001-08-09,6.7328186,5.5453186,0.29516602,0.31469727,,,10.429382,0.43145955,0.81741285,92.13405
2001-08-10,6.881256,5.5140686,0.2619629,0.27514648,,,11.84845,0.37990808,0.80993867,91.00297
2001-08-11,7.1234436,6.037506,0.36547852,0.36010742,,,16.052246,0.5130808,0.7779959,92.80645
2001-08-12,6.9203186,6.193756,0.38208008,0.27539062,,,24.154663,0.4709832,0.6245279,95.12697
2001-08-13,6.787506,5.9203186,0.2052002,0.15527344,,,11.688232,0.25732657,0.6477705,94.20244
2001-08-14,7.2796936,6.287506,0.3544922,0.34594727,,,13.320923,0.49532235,0.7731994,93.41688
2001-08-15,7.3890686,6.0765686,0.3232422,0.33007812,,,12.283325,0.4619925,0.7958612,91.3822
2001-08-16,7.506256,6.5453186,0.43286133,0.40063477,,,10.108948,0.5898111,0.7467531,93.62941
2001-08-17,8.045319,6.912506,0.4807129,0.45947266,,,15.045166,0.6649812,0.76281047,92.559456
2001-08-18,7.4359436,6.9203186,0.50683594,0.51953125,,,14.472961,0.7258067,0.7977667,96.53371
2001-08-19,7.318756,6.7640686,0.4633789,0.42895508,,,15.930176,0.63144475,0.74684,96.27206
2001-08-20,7.381256,6.2953186,0.47631836,0.36791992,,,8.796692,0.6018673,0.6576989,92.82074
2001-08-21,7.0765686,6.1859436,0.48217773,0.4038086,,,12.077332,0.628933,0.69717366,94.06331
2001-08-22,6.3421936,5.4984436,0.34228516,0.54345703,,,20.828247,0.64226526,1.0087318,94.33551
2001-08-23,4.8734436,4.1703186,0.11871338,0.3330078,,,31.234741,0.3535351,1.228353,95.20438
2001-08-24,4.5140686,3.8109436,-0.07421875,0.110839844,,,11.741638,0.13339375,2.1608293,95.190765
2001-08-25,5.2953186,4.0921936,0.11578369,0.025909424,,,6.17218,0.11864722,0.22014758,91.94543
2001-08-26,5.9359436,4.5765686,0.14379883,0.06463623,,,7.3547363,0.15765768,0.42243028,90.98718
2001-08-27,6.3734436,4.725006,0.2142334,0.17626953,,,9.872437,0.27742907,0.68848485,89.202
2001-08-28,5.568756,4.412506,0.19885254,0.18786621,,,8.872986,0.27356178,0.75699675,92.264565
2001-08-29,5.7640686,4.2640686,0.25976562,0.23144531,,,9.460449,0.34791538,0.7278078,90.08413
2001-08-30,5.537506,3.818756,0.2722168,0.17651367,,,4.2037964,0.32443652,0.57527107,88.69381
2001-08-31,5.9515686,4.7015686,0.3293457,0.3696289,,,8.277893,0.4950698,0.8429663,91.68579
2002-06-01,2.568756,0.7562561,-0.039245605,-0.1496582,,,6.061554,0.15471844,-1.8272567,87.839195
2002-06-02,2.6703186,0.6312561,0.0030612946,-0.17382812,,,7.1029663,0.17385508,-1.5531871,86.425735
2002-06-03,2.1390686,0.1312561,-0.11175537,-0.25927734,,,3.9100647,0.28233668,-1.9777603,86.5666
2002-06-04,2.8578186,1.0687561,0.017807007,-0.075927734,,,8.415222,0.07798789,-1.3404338,88.01424
2002-06-05,2.912506,1.7562561,0.060638428,0.0049819946,,,6.866455,0.06084274,0.081974916,92.103004
2002-06-06,3.3421936,1.4984436,-0.16052246,-0.19934082,,,2.462387,0.25593793,-2.2487402,87.71434
2002-06-07,3.7015686,2.6078186,-0.14953613,-0.26464844,,,5.218506,0.30397344,-2.085111,92.56138
2002-06-08,4.7953186,2.9984436,-0.15673828,-0.33496094,,,4.5928955,0.3698185,-2.0084605,88.14131
2002-06-09,5.3421936,3.2796936,-0.1038208,-0.28637695,,,6.8893433,0.30461535,-1.9185916,86.55375
2002-06-10,4.1390686,3.1703186,-0.0390625,-0.22741699,,,6.580353,0.23074742,-1.7409023,93.4086
2002-06-11,4.7171936,3.5296936,0.20336914,0.014572144,,,12.9470825,0.20389055,0.07153141,92.01052
2002-06-12,4.662506,3.8265686,0.11981201,-0.03704834,,,10.528564,0.12540932,-0.29989442,94.31233
2002-06-13,4.4984436,3.381256,0.031219482,-0.07293701,,,6.9847107,0.07933766,-1.1663591,92.45451
2002-06-14,5.037506,3.2953186,0.041290283,-0.057495117,,,3.0879974,0.070785426,-0.94799083,88.504196
2002-06-15,4.631256,3.287506,0.015930176,-0.044891357,,,4.5814514,0.04763407,-1.229798,90.99652
2002-06-16,4.6546936,2.4203186,0.014518738,-0.1071167,,,1.6174316,0.10809617,-1.436076,85.43436
2002-06-17,4.5765686,2.725006,-0.011795044,-0.13806152,,,3.019333,0.13856445,-1.6560227,87.78054
2002-06-18,4.7015686,3.7953186,-0.046020508,-0.107421875,,,4.1618347,0.11686465,-1.975551,93.84913
2002-06-19,4.9671936,3.3578186,0.028549194,0.10345459,,,4.196167,0.107321516,1.3015391,89.33168
2002-06-20,5.037506,3.443756,0.00023400784,0.103637695,,,5.5274963,0.10363796,1.5685384,89.43589
2002-06-21,5.068756,2.4984436,0.08239746,0.23205566,,,1.499176,0.24625023,1.2296064,83.466034
2002-06-22,5.8734436,3.975006,0.054534912,-0.0043678284,,,8.094788,0.054709546,-0.07992173,87.61124
2002-06-23,7.131256,5.7796936,0.34228516,0.16564941,,,18.051147,0.38026157,0.45072657,91.11861
2002-06-24,6.7015686,5.318756,0.31323242,0.12231445,,,11.047363,0.33626682,0.3722822,90.89191
2002-06-25,6.818756,5.506256,0.31030273,0.21728516,,,10.818481,0.37881476,0.61088437,91.34447
2002-06-26,6.2015686,5.1390686,0.15686035,0.2619629,,,14.091492,0.30533543,1.0312681,92.906334
2002-06-27,5.6546936,4.7953186,0.16394043,0.03186035,,,17.532349,0.16700763,0.19194837,94.20231
2002-06-28,6.475006,5.193756,0.27807617,0.15270996,,,6.6490173,0.3172486,0.50220263,91.52023
2002-06-29,7.318756,5.881256,0.25927734,0.20007324,,,8.94928,0.32749662,0.6572183,90.591705
2002-06-30,7.6390686,6.7640686,0.37817383,0.35180664,,,15.792847,0.5165107,0.74929345,94.19015
2002-07-01,7.475006,6.8109436,0.2705078,0.37109375,,,20.568848,0.45922223,0.9409056,95.55707
2002-07-02,7.4515686,6.4515686,0.121520996,0.18273926,,,9.674072,0.21945612,0.9839508,93.375404
2002-07-03,7.568756,6.506256,0.31591797,0.39404297,,,12.138367,0.5050485,0.89499843,92.9809
2002-07-04,7.693756,6.5453186,0.36816406,0.39575195,,,14.61792,0.54052234,0.82149625,92.43996
2002-07-05,7.537506,6.881256,0.5097656,0.4428711,,,17.318726,0.6752746,0.7152928,95.61044
2002-07-06,7.2953186,6.756256,0.32373047,0.36694336,,,19.073486,0.48933512,0.847883,96.374695
2002-07-07,6.9046936,5.912506,0.04473877,-0.0758667,,,13.48114,0.088075615,-1.0379831,93.397736
2002-07-08,7.5140686,6.0140686,0.16870117,0.27929688,,,9.57489,0.32629254,1.0274255,90.21557
2002-07-09,7.8734436,6.7484436,0.36450195,0.39575195,,,14.24408,0.5380347,0.82647973,92.59928
2002-07-10,7.7796936,7.1546936,0.18188477,0.5390625,,,54.93164,0.56892043,1.2453818,95.82346
2002-07-11,6.943756,6.568756,0.15856934,0.6328125,,,54.992676,0.6523771,1.325273,97.4585
2002-07-12,6.1546936,5.4671936,0.32861328,0.34033203,,,16.76941,0.47308835,0.8029146,95.35574
2002-07-13,7.1859436,5.9671936,0.34277344,0.3071289,,,9.788513,0.46024102,0.7306071,91.9627
2002-07-14,6.9671936,6.0921936,0.15686035,0.3894043,,,16.921997,0.41981053,1.1878601,94.15976
2002-07-15,6.881256,5.7171936,0.07110596,0.26635742,,,8.476257,0.2756852,1.3099229,92.29266
2002-07-16,6.8734436,5.5609436,0.33447266,0.2619629,,,6.942749,0.42484882,0.66442,91.34809
2002-07-17,7.256256,5.7484436,0.33935547,0.37426758,,,12.832642,0.5052112,0.8342815,90.147606
2002-07-18,7.6078186,6.412506,0.32836914,0.3798828,,,14.282227,0.5021327,0.85800385,92.13723
2002-07-19,7.8265686,6.8578186,0.5605469,0.4814453,,,15.625,0.73891973,0.7096297,93.595
2002-07-20,7.131256,6.4984436,0.4440918,0.42114258,,,15.762329,0.61202824,0.7588807,95.75075
2002-07-21,6.7015686,5.8265686,-0.12548828,0.1373291,,,34.179688,0.18602847,2.3111715,94.14768
2002-07-22,5.8890686,4.7640686,-0.00034832954,-0.18347168,,,36.376953,0.18347201,-1.5726949,92.48512
2002-07-23,5.8109436,5.0921936,0.066223145,0.07659912,,,34.39331,0.10125675,0.85792035,95.13615
2002-07-24,5.912506,5.1078186,0.09118652,0.11035156,,,12.702942,0.14315183,0.88020694,94.57315
2002-07-25,6.2328186,5.4203186,0.2154541,0.19641113,,,7.3051453,0.29154384,0.73919517,94.53547
2002-07-26,6.6234436,6.0921936,0.2541504,0.34301758,,,9.498596,0.42691156,0.93312836,96.40747
2002-07-27,6.8265686,6.0296936,0.25610352,0.32983398,,,31.982422,0.41758767,0.9105736,94.66282
2002-07-28,5.0453186,4.4359436,-0.0947876,-0.3244629,,,34.362793,0.3380249,-1.8550237,95.83747
2002-07-29,6.037506,5.2796936,0.29125977,0.101257324,,,10.566711,0.30835903,0.3345824,94.88699
2002-07-30,6.1390686,5.068756,0.1953125,0.28125,,,10.20813,0.34241572,0.96380866,92.85241
2002-07-31,6.4671936,5.7640686,0.2590332,0.37280273,,,10.971069,0.45396045,0.963551,95.26406
2002-08-01,6.6859436,5.912506,0.42211914,0.33251953,,,15.441895,0.53735816,0.66721964,94.81043
2002-08-02,6.1859436,5.506256,0.22387695,0.3400879,,,32.287598,0.4071617,0.9886144,95.40856
2002-08-03,5.9359436,5.2640686,0.24475098,0.32299805,,,16.540527,0.40525398,0.9223552,95.45133
2002-08-04,6.506256,5.631256,0.2824707,0.2454834,,,7.217407,0.37423494,0.71545464,94.13877
2002-08-05,6.8578186,5.7640686,0.32128906,0.33325195,,,13.748169,0.46290767,0.8036729,92.74153
2002-08-06,7.1546936,6.0453186,0.30541992,0.35327148,,,12.069702,0.4669926,0.8579172,92.65814
2002-08-07,7.225006,6.0453186,0.37231445,0.39672852,,,10.414124,0.54406947,0.81713355,92.21351
2002-08-08,7.693756,6.4203186,0.39672852,0.3918457,,,9.95636,0.5576169,0.7792063,91.648384
2002-08-09,7.912506,6.787506,0.37573242,0.32226562,,,27.191162,0.49500504,0.70894724,92.6015
2002-08-10,6.631256,6.1078186,0.0914917,0.040374756,,,25.039673,0.10000426,0.41559064,96.45968
2002-08-11,7.1390686,6.2796936,0.3383789,0.33618164,,,19.973755,0.47698888,0.78214085,94.269005
2002-08-12,6.4359436,5.5609436,0.32543945,0.11669922,,,19.91272,0.34573045,0.34430647,94.13556
2002-08-13,6.693756,5.7796936,0.46826172,0.3564453,,,14.297485,0.58849156,0.65063673,93.89326
2002-08-14,6.600006,5.9984436,0.4362793,0.4284668,,,15.869141,0.61149275,0.77636397,95.939896
2002-08-15,6.6546936,5.8734436,0.44506836,0.3154297,,,12.1536255,0.54551053,0.61655563,94.757965
2002-08-16,6.7171936,5.6703186,0.2849121,0.27001953,,,10.131836,0.3925372,0.7585678,93.03521
2002-08-17,6.850006,5.7015686,0.34228516,0.29589844,,,9.063721,0.45245442,0.7128402,92.3907
2002-08-18,6.6234436,5.4359436,0.32617188,0.33789062,,,11.184692,0.4696362,0.80304337,92.12741
2002-08-19,6.5453186,5.5453186,0.3449707,0.3564453,,,11.459351,0.49604237,0.8017559,93.328766
2002-08-20,5.7640686,5.1234436,0.4008789,0.6088867,,,19.241333,0.7290041,0.9885525,95.65289
2002-08-21,5.0296936,4.5453186,0.5263672,0.5683594,,,21.087646,0.77465785,0.823738,96.67819
2002-08-22,4.943756,4.506256,0.5234375,0.45166016,,,15.563965,0.69136363,0.71192026,96.99328
2002-08-23,5.412506,4.7484436,0.49902344,0.3918457,,,14.038086,0.634482,0.6656667,95.4846
2002-08-24,5.2328186,4.600006,0.3720703,0.23815918,,,10.3302,0.44176477,0.5693784,95.68687
2002-08-25,5.3578186,4.537506,0.23925781,0.06524658,,,10.08606,0.2479948,0.26623046,94.44634
2002-08-26,6.2015686,5.287506,0.15966797,0.12670898,,,9.422302,0.20383579,0.6708128,93.86982
2002-08-27,6.131256,4.725006,0.10455322,0.17944336,,,9.025574,0.20768075,1.0432296,90.70357
2002-08-28,6.0453186,4.6234436,0.32348633,0.24841309,,,8.934021,0.4078633,0.65487444,90.59854
2002-08-29,5.8890686,4.7640686,0.43945312,0.23010254,,,8.758545,0.49605063,0.4823576,92.48512
2002-08-30,5.6078186,4.4203186,0.33422852,0.28466797,,,7.572174,0.43902683,0.70548975,92.065445
2002-08-31,5.3890686,4.256256,0.36523438,0.31835938,,,9.635925,0.48450887,0.7169339,92.40537
2003-06-01,3.6234436,1.4515686,0.016052246,-0.24633789,,,3.1108856,0.24686034,-1.5057248,85.704315
2003-06-02,3.6390686,0.037506104,0.015419006,-0.1743164,,,0.49209595,0.17499702,-1.4825718,77.3145
2003-06-03,4.0921936,1.4046936,0.027526855,-0.24475098,,,2.1362305,0.24629407,-1.4587982,82.64912
2003-06-04,3.850006,2.5453186,0.10614014,0.14794922,,,8.964539,0.18208432,0.9484816,91.194664
2003-06-05,2.1703186,1.4125061,-0.016235352,-0.036254883,,,9.536743,0.03972409,-1.9918288,94.72856
2003-06-06,3.2171936,1.3890686,0.11029053,0.06945801,,,8.964539,0.13033962,0.5620243,87.800934
2003-06-07,3.4203186,2.2328186,0.2331543,0.19885254,,,5.619049,0.3064364,0.7061634,91.92951
2003-06-08,3.8890686,3.006256,0.072631836,-0.029144287,,,7.8201294,0.07826093,-0.38159254,93.96551
2003-06-09,4.9359436,3.256256,0.014915466,-0.124938965,,,5.256653,0.12582614,-1.4519767,88.88683
2003-06-10,5.475006,3.7953186,0.17260742,0.21276855,,,33.63037,0.2739777,0.8892362,88.93238
2003-06-11,4.006256,3.4359436,-0.0073394775,0.22998047,,,34.42383,0.23009755,1.6026989,96.06736
2003-06-12,4.3890686,3.4671936,0.17578125,0.2697754,,,19.79065,0.3219904,0.9933086,93.73075
2003-06-13,3.8109436,2.7796936,0.05496216,0.11053467,,,14.884949,0.12344534,1.1093599,92.97887
2003-06-14,3.787506,2.3265686,0.0647583,-0.06866455,,,4.5280457,0.094384626,-0.814667,90.18286
2003-06-15,4.4359436,3.0140686,0.0690918,0.06402588,,,6.1836243,0.09419655,0.7473606,90.48156
2003-06-16,4.4515686,3.4515686,-0.009407043,0.029510498,,,8.972168,0.030973569,1.8793826,93.21912
2003-06-17,5.2484436,4.350006,0.21398926,0.2644043,,,9.498596,0.34014854,0.8903946,93.92674
2003-06-18,5.4515686,4.4515686,0.45117188,0.3515625,,,10.498047,0.57197225,0.66194165,93.27181
2003-06-19,5.8890686,4.8109436,0.42163086,0.30322266,,,9.887695,0.5193424,0.6234737,92.78798
2003-06-20,6.068756,5.1859436,0.4206543,0.36987305,,,11.268616,0.56013936,0.7212491,94.06764
2003-06-21,6.2640686,5.350006,0.2454834,0.33422852,,,10.551453,0.41469362,0.9373037,93.87281
2003-06-22,6.5140686,5.3421936,0.23925781,0.4753418,,,9.140015,0.53215986,1.1044815,92.22078
2003-06-23,6.756256,5.881256,0.19995117,0.36669922,,,18.829346,0.41767067,1.0715896,94.15017
2003-06-24,5.7484436,5.1546936,0.24987793,0.35961914,,,17.77649,0.4379097,0.96354157,95.96472
2003-06-25,6.475006,5.8109436,0.2783203,0.23376465,,,11.46698,0.3634668,0.6986084,95.52215
2003-06-26,7.1078186,6.1078186,0.21899414,0.41381836,,,18.600464,0.46819234,1.0840597,93.35777
2003-06-27,6.4515686,5.7328186,0.21936035,0.42041016,,,15.022278,0.47419792,1.0898793,95.16052
2003-06-28,6.9828186,5.5609436,0.28344727,0.41796875,,,11.2838745,0.5050151,0.9748829,90.66571
2003-06-29,6.1859436,5.2328186,0.18469238,0.3869629,,,14.381409,0.42877916,1.1254836,93.61465
2003-06-30,5.1546936,3.9203186,-0.3178711,-0.26220703,,,45.410156,0.41206136,-2.4518611,91.735115
2003-07-01,5.037506,3.975006,-0.13110352,-0.18640137,,,9.300232,0.22788945,-2.1837604,92.84191
2003-07-02,5.943756,5.2953186,0.12646484,-0.04748535,,,7.4043274,0.13508596,-0.3591937,95.60714
2003-07-03,6.3265686,5.193756,-0.016418457,-0.045288086,,,21.42334,0.048172362,-1.918593,92.46029
2003-07-04,6.412506,5.8890686,0.2709961,0.39746094,,,22.201538,0.48105517,0.9723774,96.45357
2003-07-05,5.7953186,5.0140686,0.19543457,0.16687012,,,8.674622,0.2569831,0.70671993,94.72262
2003-07-06,5.975006,4.9203186,0.36987305,0.20092773,,,11.405945,0.4209252,0.497634,92.944435
2003-07-07,6.6078186,5.6234436,0.30371094,0.35546875,,,21.514893,0.46754503,0.86375594,93.43308
2003-07-08,5.006256,3.6546936,-0.2467041,-0.2902832,,,42.96875,0.3809557,-2.275217,90.9725
2003-07-09,4.1078186,3.162506,-0.2052002,-0.042175293,,,25.283813,0.20948955,-2.938883,93.56183
2003-07-10,4.3578186,3.4671936,0.14355469,0.12011719,,,7.6179504,0.1871793,0.6967423,93.93595
2003-07-11,5.1546936,4.5609436,0.20385742,0.17102051,,,10.1623535,0.2660937,0.69802755,95.945755
2003-07-12,5.8734436,5.037506,0.16882324,0.24291992,,,10.414124,0.29582322,0.9634509,94.36604
2003-07-13,6.2328186,5.443756,0.26733398,0.3720703,,,11.512756,0.45815256,0.9477593,94.68932
2003-07-14,6.475006,5.662506,0.2915039,0.38989258,,,13.137817,0.48681694,0.92879975,94.54579
2003-07-15,5.881256,5.162506,0.09063721,-0.10247803,,,21.133423,0.13680954,-0.8466363,95.13884
2003-07-16,6.818756,6.2484436,0.3630371,0.33862305,,,15.403748,0.4964489,0.7506175,96.153786
2003-07-17,6.9515686,6.256256,0.47436523,0.40039062,,,15.975952,0.6207536,0.7010329,95.333305
2003-07-18,6.912506,6.2484436,0.58203125,0.32983398,,,14.877319,0.6689924,0.51557016,95.537476
2003-07-19,6.9359436,6.412506,0.3479004,0.2998047,,,15.129089,0.4592576,0.7112786,96.468155
2003-07-20,7.1859436,6.7328186,0.103637695,0.14953613,,,23.406982,0.18193908,0.9647425,96.94212
2003-07-21,6.7171936,5.7171936,0.21081543,0.0692749,,,25.405884,0.22190574,0.31748858,93.33765
2003-07-22,6.8265686,5.7015686,0.3076172,0.24121094,,,14.526367,0.39091054,0.6649871,92.539375
2003-07-23,7.2796936,6.068756,0.30029297,0.17456055,,,17.562866,0.34734315,0.5265566,92.0181
2003-07-24,7.1390686,5.381256,0.34960938,0.10058594,,,10.1623535,0.3637915,0.28014332,88.5897
2003-07-25,7.2015686,5.881256,0.40795898,0.3161621,,,10.635376,0.5161289,0.65930074,91.32049
2003-07-26,7.4515686,6.0921936,0.34765625,0.23901367,,,8.102417,0.42189145,0.60228735,91.0912
2003-07-27,7.443756,6.1546936,0.33642578,0.31152344,,,12.4435425,0.45850754,0.74698454,91.53368
2003-07-28,7.1546936,6.1234436,0.43603516,0.33569336,,,10.276794,0.55028784,0.6561014,93.15912
2003-07-29,7.6859436,6.7796936,0.4567871,0.28173828,,,10.383606,0.5366851,0.5526682,93.99048
2003-07-30,7.4359436,6.7328186,0.07836914,0.4465332,,,31.051636,0.45335817,1.39706,95.299805
2003-07-31,6.4359436,5.7015686,0.3005371,0.31274414,,,16.784668,0.4337412,0.8053,95.057045
2003-08-01,6.5140686,5.881256,0.45385742,0.2619629,,,21.194458,0.5240335,0.5234801,95.73014
2003-08-02,6.2953186,5.850006,0.4946289,0.46289062,,,18.432617,0.6774404,0.75226396,96.97292
2003-08-03,6.537506,5.818756,0.3581543,0.30981445,,,11.001587,0.47356045,0.7131557,95.16377
2003-08-04,6.8109436,5.3421936,0.21801758,0.15710449,,,9.460449,0.26872566,0.6244212,90.35894
2003-08-05,6.9515686,5.0921936,0.3203125,0.3071289,,,7.7552795,0.443766,0.7643896,87.95014
2003-08-06,7.225006,5.4828186,0.16772461,0.13891602,,,8.399963,0.21778247,0.69172406,88.69317
2003-08-07,7.5453186,5.631256,0.2607422,0.16040039,,,6.084442,0.30612868,0.55149823,87.67113
2003-08-08,7.506256,5.912506,0.28222656,0.22229004,,,8.659363,0.35925576,0.66715246,89.63254
2003-08-09,7.5921936,6.600006,0.29492188,0.37719727,,,17.181396,0.47880757,0.9072041,93.43276
2003-08-10,6.412506,5.537506,0.04220581,-0.12719727,,,23.849487,0.1340167,-1.250414,94.13449
2003-08-11,7.0140686,5.9984436,0.28710938,0.26879883,,,7.270813,0.39329964,0.752472,93.252266
2003-08-12,7.256256,6.2171936,0.31884766,0.30322266,,,11.299133,0.44000888,0.76028574,93.11432
2003-08-13,7.412506,6.193756,0.32910156,0.43798828,,,9.292603,0.5478518,0.92640394,91.97667
2003-08-14,7.4828186,6.225006,0.3059082,0.35791016,,,8.285522,0.47082853,0.8635761,91.733665
2003-08-15,7.725006,6.2484436,0.26489258,0.3227539,,,12.962341,0.41753823,0.8835446,90.37714
2003-08-16,7.3734436,6.1703186,0.17822266,0.07928467,,,9.803772,0.19506249,0.4185738,92.07344
2003-08-17,7.725006,6.7171936,0.30810547,0.27954102,,,29.60205,0.4160194,0.73682815,93.3393
2003-08-18,4.9828186,4.162506,-0.27197266,-0.28051758,,,64.88037,0.3907163,-2.3407295,94.429985
2003-08-19,4.4984436,3.412506,-0.17749023,-0.22436523,,,32.226562,0.28608134,-2.240073,92.65852
2003-08-20,4.5765686,3.5140686,-0.14855957,-0.09063721,,,13.336182,0.174026,-2.5937748,92.81617
2003-08-21,5.0765686,3.9671936,-0.18554688,-0.28149414,,,5.3596497,0.33714476,-2.153577,92.53909
2003-08-22,5.8421936,4.9046936,0.02923584,-0.1239624,,,7.6560974,0.12736331,-1.3391843,93.6995
2003-08-23,6.3265686,5.6546936,0.30737305,0.17163086,,,8.850098,0.35204452,0.509254,95.46526
2003-08-24,6.7171936,5.9046936,0.36791992,0.38745117,,,10.101318,0.5343065,0.8112489,94.55608
2003-08-25,6.6078186,5.7953186,0.4338379,0.46484375,,,23.956299,0.63584197,0.81988597,94.551445
2003-08-26,6.6703186,6.037506,0.33422852,0.2783203,,,15.869141,0.4349378,0.6943789,95.735374
2003-08-27,6.8890686,6.0296936,0.24536133,0.35546875,,,10.513306,0.43192616,0.96664584,94.25786
2003-08-28,6.9046936,5.5921936,0.31079102,0.29589844,,,8.19397,0.42912346,0.7608558,91.35017
2003-08-29,6.9046936,5.8890686,0.34155273,0.30639648,,,8.94165,0.4588432,0.7311936,93.24655
2003-08-30,6.756256,6.100006,0.43945312,0.46191406,,,13.015747,0.6375607,0.81031173,95.58353
2003-08-31,7.1546936,6.4359436,0.49853516,0.53515625,,,15.24353,0.73138875,0.82081085,95.18706
2004-06-01,2.9515686,1.7875061,-0.06994629,-0.00969696,,,20.019531,0.070615254,-3.0038364,92.05401
2004-06-02,3.0453186,2.4671936,0.11407471,0.24816895,,,9.651184,0.27313158,1.1399337,95.98387
2004-06-03,2.6078186,1.6703186,0.011436462,0.087890625,,,7.118225,0.08863157,1.4414018,93.5377
2004-06-04,2.3109436,0.7796936,-0.010787964,0.008712769,,,5.8288574,0.013866957,2.4622118,89.61504
2004-06-05,1.7250061,0.2484436,-0.06451416,-0.1340332,,,3.868103,0.1487514,-2.0193965,89.92308
2004-06-06,2.0765686,0.6937561,-0.052246094,-0.06970215,,,6.744385,0.08710938,-2.2140172,90.56091
2004-06-07,2.2484436,0.4046936,-0.08105469,-0.15734863,,,3.0937195,0.17699847,-2.046473,87.61124
2004-06-08,2.7640686,0.2953186,-0.035491943,-0.18591309,,,0.6799698,0.18927059,-1.7594327,83.79448
2004-06-09,3.0453186,1.4359436,-0.004470825,-0.16516113,,,3.0822754,0.16522163,-1.5978591,89.17327
2004-06-10,4.1078186,2.0140686,0.18591309,0.2109375,,,3.583908,0.28117308,0.84837234,86.235725
2004-06-11,3.943756,1.9359436,0.19006348,0.18493652,,,7.9803467,0.26518983,0.77172714,86.74936
2004-06-12,4.0765686,2.5296936,0.124694824,0.11920166,,,5.0086975,0.17250459,0.76287943,89.655945
2004-06-13,5.318756,3.7328186,0.36254883,0.21948242,,,10.757446,0.42380914,0.54437125,89.507744
2004-06-14,5.7484436,4.6546936,0.29614258,0.23950195,,,10.726929,0.38086954,0.68004674,92.678955
2004-06-15,6.2953186,5.1859436,0.22717285,0.56884766,,,19.16504,0.6125317,1.190845,92.60925
2004-06-16,5.318756,4.4515686,0.06213379,0.121276855,,,14.183044,0.13626696,1.0973333,94.135605
2004-06-17,5.7484436,4.7328186,0.035583496,0.57421875,,,13.832092,0.57532024,1.508907,93.1857
2004-06-18,5.8265686,4.943756,0.07373047,0.5830078,,,18.981934,0.5876515,1.4449985,94.05642
2004-06-19,6.3890686,5.631256,0.14416504,0.34936523,,,9.376526,0.3779413,1.1794338,94.90105
2004-06-20,6.3578186,5.131256,0.2763672,0.13916016,,,10.070801,0.30942586,0.46647048,91.86141
2004-06-21,6.3578186,5.3890686,0.19274902,0.22802734,,,12.60376,0.29857773,0.8690436,93.521706
2004-06-22,6.037506,4.5921936,0.4116211,0.3486328,,,7.675171,0.53942263,0.7027353,90.44978
2004-06-23,5.6078186,4.5296936,0.27416992,0.34399414,,,9.559631,0.4398876,0.8978756,92.772224
2004-06-24,5.2796936,3.8890686,0.23779297,0.2993164,,,8.857727,0.38227713,0.89944655,90.74218
2004-06-25,5.4828186,3.631256,0.23071289,0.28149414,,,7.347107,0.36396068,0.88421726,87.86418
2004-06-26,5.1859436,3.662506,0.1887207,0.14685059,,,6.3438416,0.23912466,0.66126704,89.89175
2004-06-27,5.287506,3.7328186,0.19238281,-0.0105896,,,5.176544,0.19267404,-0.054988924,89.70223
2004-06-28,6.1234436,4.5765686,0.22424316,0.06774902,,,4.4403076,0.23425397,0.2934034,89.81677
2004-06-29,6.8578186,5.2015686,0.25878906,0.15332031,,,8.56781,0.3007971,0.5348516,89.19317
2004-06-30,7.037506,6.131256,0.32421875,0.30810547,,,9.719849,0.4472659,0.7599211,93.960175
2004-07-01,7.350006,6.225006,0.24108887,0.40527344,,,13.389587,0.47156167,1.0341504,92.56942
2004-07-02,6.943756,6.350006,0.3984375,0.6147461,,,16.12854,0.73257434,0.9957344,96.00247
2004-07-03,6.318756,5.7796936,0.4411621,0.47460938,,,10.437012,0.64798,0.8219055,96.34674
2004-07-04,7.068756,5.9359436,0.38208008,0.3701172,,,9.613037,0.53195107,0.76949555,92.50335
2004-07-05,7.0765686,6.1859436,0.20495605,0.48950195,,,9.674072,0.530678,1.1742711,94.06331
2004-07-06,6.881256,6.2171936,0.3112793,0.5078125,,,13.053894,0.5956243,1.0208868,95.536385
2004-07-07,6.4984436,5.8421936,0.13903809,0.5732422,,,18.630981,0.5898628,1.3328446,95.57459
2004-07-08,6.5296936,5.693756,0.24157715,0.38134766,,,14.724731,0.45142612,1.0061203,94.39484
2004-07-09,5.881256,4.9046936,0.061401367,0.07873535,,,20.645142,0.0998468,0.9084664,93.44677
2004-07-10,5.5765686,5.0765686,0.31811523,0.5078125,,,46.23413,0.5992252,1.0111605,96.587494
2004-07-11,4.9515686,4.4515686,0.06958008,0.43164062,,,43.33496,0.4372128,1.4109721,96.57055
2004-07-12,4.631256,3.6546936,-0.09777832,-0.093566895,,,7.068634,0.13533427,-2.3782005,93.382576
2004-07-13,3.6546936,2.3890686,-0.30126953,-0.3955078,,,23.269653,0.49718183,-2.2217615,91.435
2004-07-14,4.8890686,4.1078186,0.19934082,0.16552734,,,15.655518,0.25910628,0.692989,94.68495
2004-07-15,5.443756,4.9046936,0.32495117,0.20629883,,,19.042969,0.3849058,0.565659,96.32142
2004-07-16,6.3890686,5.506256,0.34692383,0.19604492,,,11.566162,0.39848432,0.5143585,94.082436
2004-07-17,6.381256,5.5765686,0.2166748,0.36328125,,,11.405945,0.42299083,1.033,94.59301
2004-07-18,6.662506,5.9984436,0.35668945,0.38110352,,,12.619019,0.521984,0.81847674,95.528725
2004-07-19,6.2171936,5.881256,0.23425293,0.28466797,,,41.229248,0.36866012,0.8822478,97.7074
2004-07-20,6.0609436,5.6703186,0.26660156,0.54589844,,,25.344849,0.60752076,1.1164942,97.33531
2004-07-21,6.162506,5.4359436,0.3461914,0.50878906,,,10.5896,0.6153981,0.973331,95.09799
2004-07-22,5.7640686,4.9359436,0.22839355,0.4248047,,,8.010864,0.4823097,1.0774893,94.41259
2004-07-23,6.1390686,5.2640686,0.40600586,0.38305664,,,10.429382,0.55818737,0.7563222,94.12197
2004-07-24,6.2953186,5.7171936,0.46923828,0.5415039,,,19.424438,0.71652704,0.85677433,96.08594
2004-07-25,5.9515686,5.4203186,0.3466797,0.28686523,,,24.44458,0.4499761,0.69126487,96.38839
2004-07-26,6.1078186,5.725006,0.38793945,0.39526367,,,18.997192,0.5538325,0.7947495,97.38896
2004-07-27,6.2640686,5.6703186,0.46704102,0.3425293,,,20.339966,0.5791836,0.63279414,95.981064
2004-07-28,5.881256,5.2484436,0.57666016,0.4555664,,,19.89746,0.73489976,0.6686188,95.70884
2004-07-29,5.7328186,5.1078186,0.5136719,0.49487305,,,17.807007,0.7132728,0.76676077,95.75585
2004-07-30,6.2015686,5.4515686,0.41088867,0.4597168,,,20.370483,0.6165785,0.8414247,94.945
2004-07-31,6.1390686,5.412506,0.3190918,0.2866211,,,10.528564,0.42891866,0.731842,95.097084
2004-08-01,6.568756,5.5453186,0.4008789,0.48583984,,,13.572693,0.6298764,0.88092154,93.17848
2004-08-02,6.4671936,5.7484436,0.4140625,0.42211914,,,12.649536,0.59129715,0.7950329,95.16111
2004-08-03,7.068756,5.9203186,0.35839844,0.40820312,,,11.238098,0.54321194,0.85027516,92.40352
2004-08-04,7.2484436,6.1078186,0.40283203,0.328125,,,13.61084,0.5195572,0.68354744,92.46386
2004-08-05,7.2015686,6.1078186,0.29663086,0.29907227,,,15.777588,0.42122924,0.7894965,92.760765
2004-08-06,7.193756,5.9515686,0.3515625,0.37109375,,,9.712219,0.5111817,0.8124186,91.81439
2004-08-07,7.0921936,6.0765686,0.50390625,0.43408203,,,19.104004,0.665093,0.7110948,93.25635
2004-08-08,6.6078186,5.9828186,0.6147461,0.37402344,,,19.39392,0.71958756,0.5465872,95.78496
2004-08-09,6.256256,5.6703186,0.60302734,0.4650879,,,18.951416,0.76154363,0.65696615,96.03276
2004-08-10,6.193756,5.4203186,0.47973633,0.3395996,,,10.71167,0.58777106,0.61600035,94.79043
2004-08-11,6.256256,5.4203186,0.4033203,0.30566406,,,11.482239,0.5060611,0.64851844,94.382866
2004-08-12,6.2015686,5.0765686,0.37329102,0.21520996,,,12.336731,0.43088457,0.5229763,92.50327
2004-08-13,6.506256,5.131256,0.28979492,0.2746582,,,10.932922,0.3992721,0.758588,90.92767
2004-08-14,6.443756,5.193756,0.32543945,0.2644043,,,9.109497,0.41930953,0.6822883,91.71725
2004-08-15,7.006256,5.7484436,0.22644043,0.21777344,,,27.511597,0.31416643,0.76588976,91.70339
2004-08-16,5.8265686,5.1078186,0.101379395,-0.07885742,,,27.130127,0.12843782,-0.66108483,95.13674
2004-08-17,6.0296936,5.0921936,0.3479004,0.07537842,,,8.583069,0.35597274,0.21336864,93.7087
2004-08-18,6.2640686,5.5921936,0.44458008,0.35424805,,,11.230469,0.56845677,0.67279583,95.463036
2004-08-19,6.1703186,5.631256,0.3474121,0.51464844,,,12.069702,0.6209333,0.97701406,96.34247
2004-08-20,6.068756,5.2328186,0.42016602,0.3762207,,,10.231018,0.56398714,0.7302732,94.37463
2004-08-21,6.3734436,5.193756,0.2919922,0.24316406,,,11.802673,0.37998447,0.6944092,92.16227
2004-08-22,6.162506,4.756256,0.22631836,0.12866211,,,7.3165894,0.26033428,0.51693606,90.7058
2004-08-23,6.287506,4.443756,0.2836914,0.23632812,,,6.225586,0.36923137,0.69456893,87.9858
2004-08-24,6.4671936,5.0609436,0.2479248,0.22802734,,,6.1454773,0.33684295,0.7436169,90.72746
2004-08-25,6.1703186,4.7328186,0.17565918,0.068725586,,,7.472992,0.1886249,0.37293532,90.50882
2004-08-26,6.0765686,4.193756,0.22814941,0.072631836,,,4.1160583,0.2394317,0.30820736,87.72621
2004-08-27,6.443756,5.0609436,0.14025879,0.15844727,,,5.935669,0.21160828,0.846214,90.87391
2004-08-28,7.131256,5.850006,0.20239258,0.22155762,,,6.4735413,0.3000842,0.83057326,91.56284
2004-08-29,6.381256,5.5609436,0.1739502,0.27172852,,,7.797241,0.32263765,1.0013684,94.49062
2004-08-30,6.3578186,5.3578186,0.16796875,0.111572266,,,7.9421997,0.2016479,0.5863236,93.31905
2004-08-31,6.6390686,5.1859436,0.2076416,0.17578125,,,8.872986,0.2720553,0.7024941,90.44448
2005-06-01,1.9515686,-4.1421814,0.04852295,-0.14758301,,,0.012397766,0.15535514,-1.2531457,64.018814
2005-06-02,1.7875061,-3.3765564,0.18798828,-0.0025081635,,,0.6341934,0.18800502,-0.013341335,68.5919
2005-06-03,1.3734436,-2.6109314,0.22583008,-0.07092285,,,3.0441284,0.23670503,-0.30430004,74.79351
2005-06-04,1.4828186,-1.1187439,0.15942383,-0.12866211,,,3.3473969,0.20486556,-0.6790216,82.82952
2005-06-05,1.4750061,-0.6734314,0.09277344,-0.09399414,,,5.054474,0.13206744,-0.791934,85.61645
2005-06-06,2.4046936,0.4046936,0.074645996,-0.07696533,,,9.658813,0.107217945,-0.8006949,86.64263
2005-06-07,2.2796936,0.3734436,0.0050735474,-0.1743164,,,2.1896362,0.17439023,-1.5416992,87.21931
2005-06-08,2.2640686,-0.5484314,-0.0036563873,-0.1595459,,,1.2340546,0.1595878,-1.5937098,81.66587
2005-06-09,2.9671936,-0.4546814,0.08618164,-0.14477539,,,0.36931038,0.16848499,-1.0338559,78.22216
2005-06-10,3.975006,0.9437561,0.17150879,-0.03878784,,,1.0824203,0.17584015,-0.22241502,80.61794
2005-06-11,4.475006,1.8109436,0.19763184,-0.0073051453,,,2.8305054,0.1977668,-0.036946584,82.8367
2005-06-12,5.1859436,3.0765686,0.09967041,-0.062805176,,,7.9803467,0.11780781,-0.5622788,86.2516
2005-06-13,5.6546936,3.8890686,0.07757568,-0.09515381,,,10.124207,0.12276903,-0.8868158,88.4123
2005-06-14,6.600006,4.2640686,0.101501465,-0.14135742,,,3.8490295,0.17402433,-0.9480598,85.03753
2005-06-15,6.7328186,4.6703186,0.18688965,-0.08526611,,,4.425049,0.20542164,-0.42802912,86.693214
2005-06-16,6.4046936,5.0140686,0.25390625,0.24047852,,,4.776001,0.34971175,0.75824434,90.82177
2005-06-17,5.7953186,3.7953186,0.33422852,0.24963379,,,2.5081635,0.4171639,0.6415113,86.98089
2005-06-18,5.4671936,2.2796936,0.32470703,0.14758301,,,1.6698837,0.35667267,0.42659917,79.93408
2005-06-19,5.881256,4.287506,0.22875977,0.20581055,,,11.680603,0.3077158,0.7326382,89.50371
2005-06-20,5.537506,4.2640686,0.060058594,-0.07220459,,,17.745972,0.09391772,-0.87697333,91.508865
2005-06-21,5.7640686,4.1078186,-0.006706238,-0.05722046,,,11.2838745,0.057612102,-1.6874641,89.10303
2005-06-22,6.0609436,4.9671936,0.032989502,0.00881958,,,8.110046,0.034148093,0.26123562,92.69666
2005-06-23,5.506256,4.006256,-0.18713379,-0.07421875,,,7.8811646,0.20131437,-2.7640138,90.06455
2005-06-24,6.193756,4.3578186,-0.005504608,-0.11657715,,,15.151978,0.116707034,-1.6179799,88.02541
2005-06-25,7.568756,5.318756,0.17590332,0.21984863,,,13.465881,0.28155887,0.8959877,85.65429
2005-06-26,7.9046936,6.5140686,0.35351562,0.3798828,,,13.496399,0.518926,0.8213347,90.92633
2005-06-27,7.318756,6.4984436,0.35253906,0.3076172,,,11.84845,0.46788046,0.71745557,94.53072
2005-06-28,6.7796936,5.787506,0.34985352,0.23791504,,,10.84137,0.42308515,0.5972053,93.39134
2005-06-29,6.9046936,5.8421936,0.30810547,0.27075195,,,9.780884,0.41016534,0.72095776,92.94483
2005-06-30,6.4828186,5.6546936,0.3137207,0.47021484,,,14.686584,0.5652634,0.9824344,94.44388
2005-07-01,6.412506,5.6234436,0.26464844,0.5786133,,,13.069153,0.6362642,1.1418189,94.69678
2005-07-02,6.6078186,5.8734436,0.19750977,0.52197266,,,11.642456,0.558091,1.209056,95.06369
2005-07-03,6.693756,5.8578186,0.34716797,0.5629883,,,13.679504,0.66142374,1.0182225,94.402
2005-07-04,6.2328186,5.4359436,0.29077148,0.44799805,,,12.4435425,0.5340883,0.99509186,94.638016
2005-07-05,5.7953186,5.100006,0.23095703,0.4729004,,,16.616821,0.52628505,1.1164845,95.29082
2005-07-06,6.3265686,5.2796936,0.33447266,0.4013672,,,9.567261,0.52246296,0.87605804,93.014114
2005-07-07,6.5296936,5.350006,0.12890625,0.11846924,,,7.286072,0.1750765,0.7432322,92.17171
2005-07-08,7.7015686,5.9984436,0.2376709,0.14416504,,,10.368347,0.27797663,0.54523945,88.973495
2005-07-09,7.9359436,7.0765686,0.40112305,0.29614258,,,19.27185,0.49859816,0.6359604,94.30435
2005-07-10,6.5921936,5.9984436,0.35839844,0.3154297,,,26.794434,0.4774362,0.7217163,95.991425
2005-07-11,6.350006,5.787506,0.3947754,0.30566406,,,15.716553,0.4992776,0.6588559,96.19156
2005-07-12,6.8890686,5.8421936,0.32421875,0.3395996,,,21.896362,0.46951646,0.8085643,93.044464
2005-07-13,6.4671936,5.9515686,0.4970703,0.56689453,,,17.745972,0.7539551,0.85093063,96.50719
2005-07-14,6.7015686,6.0296936,0.5385742,0.42456055,,,17.27295,0.6857943,0.6675688,95.47858
2005-07-15,6.3890686,5.600006,0.22839355,0.57910156,,,18.814087,0.6225128,1.195133,94.69581
2005-07-16,5.4515686,4.943756,0.20690918,0.14135742,,,41.656494,0.25058597,0.59935194,96.53158
2005-07-17,4.693756,4.287506,0.25708008,0.18859863,,,22.67456,0.31884104,0.6329341,97.1998
2005-07-18,5.568756,5.1546936,0.48266602,0.28808594,,,10.635376,0.5621032,0.5381104,97.16641
2005-07-19,6.7171936,6.0921936,0.3017578,0.39575195,,,8.071899,0.49767196,0.91934794,95.788574
2005-07-20,7.1859436,6.4828186,0.20947266,0.43017578,,,17.074585,0.4784663,1.1176459,95.29062
2005-07-21,6.7328186,5.975006,0.15063477,0.4416504,,,17.868042,0.46663252,1.2420969,94.91473
2005-07-22,6.9046936,6.318756,0.17175293,0.35253906,,,12.496948,0.39215156,1.1174505,96.05293
2005-07-23,6.850006,5.850006,0.27929688,0.30786133,,,9.231567,0.41567457,0.8340085,93.3445
2005-07-24,7.4203186,6.3421936,0.37451172,0.38549805,,,11.0321045,0.5374642,0.79985267,92.87286
2005-07-25,7.1859436,6.1703186,0.51660156,0.57666016,,,20.15686,0.7742184,0.84027827,93.26123
2005-07-26,7.0296936,5.7640686,0.49926758,0.2541504,,,8.071899,0.5602326,0.47085857,91.65532
2005-07-27,7.3109436,6.162506,0.42504883,0.41015625,,,10.986328,0.590673,0.767569,92.41767
2005-07-28,7.3578186,6.475006,0.5048828,0.51660156,,,13.839722,0.72234607,0.79686993,94.126854
2005-07-29,7.5765686,6.6234436,0.43310547,0.41137695,,,10.826111,0.5973369,0.7596739,93.68316
2005-07-30,7.8265686,6.881256,0.37890625,0.3503418,,,13.60321,0.51605165,0.7462484,93.745575
2005-07-31,7.8265686,6.7640686,0.2775879,0.32861328,,,13.282776,0.43016475,0.8693726,92.994835
2005-08-01,7.9203186,6.9203186,0.38452148,0.39013672,,,8.552551,0.54778045,0.7926467,93.399345
2005-08-02,8.295319,6.9359436,0.3527832,0.47045898,,,9.986877,0.58803713,0.92737824,91.148346
2005-08-03,7.975006,7.1078186,0.47753906,0.41259766,,,10.322571,0.6310946,0.7125705,94.25565
2005-08-04,7.7484436,7.037506,0.48779297,0.41748047,,,17.8833,0.6420529,0.7078839,95.260254
2005-08-05,6.568756,5.9203186,0.4621582,0.39672852,,,21.392822,0.6090843,0.70936537,95.628654
2005-08-06,6.975006,6.3421936,0.48413086,0.6220703,,,21.484375,0.7882602,0.90945435,95.745544
2005-08-07,6.225006,5.350006,0.074523926,0.30078125,,,22.81189,0.30987605,1.3279196,94.125916
2005-08-08,6.318756,4.9203186,0.10437012,0.11035156,,,6.187439,0.15189005,0.8132477,90.76631
2005-08-09,6.8734436,5.256256,0.1628418,0.26000977,,,7.221222,0.30679396,1.0112691,89.4369
2005-08-10,7.5921936,6.068756,0.22973633,0.32348633,,,11.047363,0.39676464,0.953265,90.07554
2005-08-11,7.662506,6.881256,0.2467041,0.4362793,,,29.525757,0.5012011,1.0561514,94.79898
2005-08-12,5.9203186,5.068756,-0.044769287,-0.27978516,,,29.388428,0.28334436,-1.7294644,94.265564
2005-08-13,7.1390686,6.256256,0.2524414,0.19042969,,,10.398865,0.31621215,0.6462806,94.11686
2005-08-14,7.4828186,6.725006,0.35546875,0.53466797,,,14.160156,0.64204973,0.9840593,94.9444
2005-08-15,7.4671936,6.818756,0.3815918,0.4243164,,,14.259338,0.5706634,0.8383628,95.659294
2005-08-16,6.7953186,6.2484436,0.4411621,0.33276367,,,26.138306,0.55258995,0.64624035,96.308556
2005-08-17,6.631256,6.2015686,0.47924805,0.39697266,,,23.895264,0.622307,0.69177467,97.0855
2005-08-18,6.662506,6.1546936,0.46142578,0.59277344,,,20.17212,0.75119513,0.9093541,96.56458
2005-08-19,6.256256,5.8265686,0.47460938,0.45654297,,,21.80481,0.65854806,0.7659984,97.07685
2005-08-20,6.287506,5.662506,0.44482422,0.35717773,,,10.879517,0.5704774,0.6765455,95.77434
2005-08-21,6.4671936,5.5765686,0.38427734,0.36547852,,,10.864258,0.5303241,0.76033014,94.03511
2005-08-22,6.5609436,5.7640686,0.34521484,0.30908203,,,10.414124,0.4633627,0.73023033,94.65174
2005-08-23,6.6078186,5.6859436,0.3984375,0.44360352,,,13.160706,0.59626883,0.83898556,93.8384
2005-08-24,6.0453186,5.2171936,0.24072266,0.21691895,,,28.59497,0.32403892,0.7334311,94.424866
2005-08-25,4.7796936,3.9359436,-0.052978516,-0.28051758,,,33.813477,0.2854765,-1.7574576,94.26583
2005-08-26,4.475006,3.631256,-0.0013246536,-0.23999023,,,7.56073,0.23999389,-1.5763159,94.2521
2005-08-27,4.4828186,3.006256,0.062683105,-0.023330688,,,7.3165894,0.066884175,-0.35631412,90.13561
2005-08-28,4.443756,1.6000061,0.107055664,-0.026397705,,,1.1434555,0.11026221,-0.24175654,81.77503
2005-08-29,5.381256,3.4828186,0.11706543,-0.01550293,,,2.6721954,0.11808749,-0.1316635,87.56511
2005-08-30,6.068756,4.4359436,0.07897949,0.07287598,,,5.207062,0.10746473,0.74522686,89.2745
2005-08-31,6.7953186,5.3734436,0.17785645,0.20800781,,,9.155273,0.27367896,0.86337954,90.652336
2006-06-01,5.2796936,3.1546936,0.15234375,0.08135986,,,7.5683594,0.17270797,0.4905186,86.166084
2006-06-02,4.9203186,3.9359436,-0.013259888,-0.080444336,,,18.936157,0.08152985,-1.7341604,93.346275
2006-06-03,5.3109436,4.4828186,0.2841797,0.37768555,,,11.245728,0.47265682,0.9257456,94.39274
2006-06-04,5.662506,4.5765686,0.30371094,0.3154297,,,11.131287,0.43787694,0.8043234,92.72467
2006-06-05,6.3265686,5.1234436,0.28393555,0.3166504,,,10.536194,0.42530796,0.8398159,92.00934
2006-06-06,5.5140686,4.7328186,0.39135742,0.34985352,,,14.816284,0.5249363,0.72946185,94.71097
2006-06-07,6.3109436,5.3578186,0.35888672,0.24304199,,,8.720398,0.4334387,0.59526694,93.62085
2006-06-08,6.3734436,5.4828186,0.24926758,0.1348877,,,10.482788,0.28342375,0.49601248,94.03076
2006-06-09,6.2796936,5.412506,0.24633789,0.28735352,,,10.765076,0.37848964,0.8621001,94.17947
2006-06-10,5.7953186,4.6546936,0.25830078,0.1048584,,,7.9193115,0.27877334,0.38562912,92.37884
2006-06-11,5.287506,3.881256,0.2553711,0.052246094,,,2.9296875,0.2606608,0.20180406,90.64318
2006-06-12,4.4359436,1.8500061,0.28173828,0.27783203,,,0.6890297,0.3956856,0.77841747,83.29541
2006-06-13,3.318756,0.060943604,0.25097656,0.16967773,,,0.55933,0.30295175,0.5944844,79.21441
2006-06-14,2.7171936,-1.0171814,0.25610352,0.09680176,,,0.7829666,0.2737875,0.36137986,76.41859
2006-06-15,2.2796936,-1.3921814,0.19396973,0.0057678223,,,1.7433167,0.19405545,0.029726923,76.6956
2006-06-16,3.2171936,0.1546936,0.2998047,0.14746094,,,1.8882751,0.33410713,0.45711175,80.32829
2006-06-17,4.0140686,2.068756,0.21484375,0.17138672,,,4.375458,0.27482948,0.6733536,87.143974
2006-06-18,4.037506,1.4046936,0.21313477,0.22058105,,,1.1234283,0.3067286,0.80256504,82.96681
2006-06-19,4.0453186,0.4671936,0.19836426,0.18286133,,,0.23961067,0.26979,0.74475455,77.511505
2006-06-20,4.0921936,0.5609436,0.14123535,0.08538818,,,2.5596619,0.1650411,0.5437809,77.781845
2006-06-21,4.818756,2.4828186,0.2076416,0.12963867,,,4.6539307,0.24478811,0.5581236,84.83801
2006-06-22,5.9359436,4.412506,0.2709961,0.26049805,,,10.261536,0.37589642,0.7656488,89.94957
2006-06-23,6.162506,5.0453186,0.19470215,0.15185547,,,10.269165,0.24691904,0.6623873,92.55132
2006-06-24,6.3421936,5.1859436,0.27563477,0.17236328,,,6.4582825,0.32509017,0.5588381,92.31068
2006-06-25,6.0921936,5.4203186,0.29248047,0.18554688,,,10.475159,0.34637043,0.56532365,95.45691
2006-06-26,6.787506,5.9046936,0.35546875,0.3310547,,,9.643555,0.48575222,0.7498513,94.10077
2006-06-27,6.1703186,5.5296936,0.2734375,0.47460938,,,10.33783,0.5477428,1.048112,95.66676
2006-06-28,6.6703186,5.8265686,0.2824707,0.3894043,,,10.314941,0.48106694,0.94323134,94.34998
2006-06-29,6.256256,5.5609436,0.23999023,0.3486328,,,14.045715,0.4232495,0.9679148,95.30782
2006-06-30,6.9828186,5.881256,0.4609375,0.48535156,,,13.656616,0.6693501,0.8111922,92.698456
2006-07-01,7.475006,6.537506,0.3034668,0.50146484,,,12.466431,0.58613914,1.0265908,93.778915
2006-07-02,7.6703186,6.4515686,0.32177734,0.23046875,,,9.07135,0.39579856,0.6215402,91.99252
2006-07-03,8.014069,6.4515686,0.2368164,0.18127441,,,12.069702,0.29823217,0.6533248,89.8654
2006-07-04,7.9046936,6.5765686,0.27026367,0.3564453,,,10.20813,0.44732058,0.92205566,91.31796
2006-07-05,7.7953186,6.8109436,0.3256836,0.22814941,,,16.204834,0.39764553,0.611078,93.49317
2006-07-06,8.435944,7.4046936,0.41210938,0.20568848,,,13.572693,0.46058863,0.46293646,93.22638
2006-07-07,8.748444,7.4515686,0.2939453,0.056152344,,,21.072388,0.29926065,0.18875578,91.56879
2006-07-08,9.232819,8.131256,0.23156738,0.5234375,,,48.034668,0.5723725,1.1542827,92.82362
2006-07-09,8.295319,7.443756,0.26904297,0.24206543,,,11.222839,0.3619113,0.73266464,94.3705
2006-07-10,8.029694,6.7171936,0.3696289,0.24975586,,,13.053894,0.4460981,0.59422594,91.424286
2006-07-11,7.9828186,6.9515686,0.44995117,0.4777832,,,12.397766,0.6563024,0.81538916,93.202705
2006-07-12,7.7328186,7.1546936,0.48217773,0.52978516,,,16.326904,0.71635723,0.83240813,96.129845
2006-07-13,7.7640686,7.0140686,0.25463867,0.60546875,,,17.410278,0.6568358,1.1726886,95.006294
2006-07-14,7.850006,6.9828186,0.3725586,0.5366211,,,11.627197,0.6532703,0.96392804,94.250084
2006-07-15,7.7953186,6.8578186,0.4794922,0.6098633,,,19.39392,0.77578735,0.90450895,93.79432
2006-07-16,7.8890686,7.131256,0.5415039,0.5473633,,,14.022827,0.7699565,0.7907793,94.96036
2006-07-17,7.4828186,6.4359436,0.37451172,0.38452148,,,10.154724,0.5367642,0.79858494,93.0763
2006-07-18,7.787506,6.4671936,0.27075195,0.31347656,,,10.101318,0.41421512,0.8583982,91.35929
2006-07-19,7.1234436,6.1234436,0.36889648,0.42333984,,,19.515991,0.5615169,0.8540114,93.358574
2006-07-20,7.318756,6.318756,0.4831543,0.33764648,,,10.124207,0.58944315,0.60994554,93.3686
2006-07-21,7.443756,6.3578186,0.46679688,0.43017578,,,15.655518,0.63478386,0.7445934,92.824196
2006-07-22,7.0765686,6.5453186,0.5439453,0.56933594,,,15.388489,0.7874134,0.8082012,96.42025
2006-07-23,6.7328186,6.1546936,0.41845703,0.39233398,,,21.194458,0.57361335,0.7531901,96.09938
2006-07-24,7.1234436,6.4671936,0.43847656,0.36572266,,,16.708374,0.57097703,0.69517624,95.596214
2006-07-25,7.0921936,6.4828186,0.4189453,0.58984375,,,34.66797,0.7234852,0.95321435,95.903984
2006-07-26,5.537506,5.0453186,0.13964844,0.26660156,,,20.889282,0.3009619,1.0882831,96.63898
2006-07-27,5.4984436,4.8890686,0.4272461,0.32495117,,,19.89746,0.53677976,0.65023255,95.852325
2006-07-28,5.5765686,4.7640686,0.5263672,0.35717773,,,14.3585205,0.6361119,0.59619915,94.50734
2006-07-29,6.068756,5.1546936,0.35229492,0.14978027,,,9.262085,0.38281307,0.40200272,93.86348
2006-07-30,6.5296936,5.7328186,0.39331055,0.35986328,,,11.497498,0.53309923,0.7410189,94.65044
2006-07-31,6.9359436,5.9671936,0.33276367,0.34545898,,,11.650085,0.47965986,0.80411446,93.5507
2006-08-01,7.162506,5.881256,0.4584961,0.421875,,,13.038635,0.62305474,0.7438248,91.564865
2006-08-02,6.6546936,5.9359436,0.64501953,0.4230957,,,16.235352,0.7714014,0.5805414,95.168205
2006-08-03,6.0609436,4.9828186,0.43139648,0.23571777,,,11.0321045,0.49159515,0.50008,92.797585
2006-08-04,5.7015686,4.912506,0.46826172,0.32055664,,,15.342712,0.567473,0.60029316,94.6672
2006-08-05,5.350006,4.8578186,0.43164062,0.35839844,,,12.390137,0.5610375,0.6929553,96.63398
2006-08-06,5.7171936,4.943756,0.37646484,0.34448242,,,14.717102,0.51028806,0.74106556,94.77094
2006-08-07,5.8109436,5.1859436,0.55078125,0.47583008,,,16.357422,0.7278559,0.7125191,95.75846
2006-08-08,5.7640686,5.006256,0.29663086,0.34179688,,,9.529114,0.45256487,0.8560262,94.87603
2006-08-09,6.068756,4.631256,0.19140625,0.3034668,,,10.353088,0.35878748,1.0080857,90.501434
2006-08-10,6.2015686,3.818756,0.28100586,0.14160156,,,4.4822693,0.31466696,0.46677044,84.7137
2006-08-11,6.912506,4.725006,0.26782227,0.099487305,,,4.951477,0.2857035,0.3556702,85.95842
2006-08-12,7.0140686,5.2796936,0.25463867,0.23547363,,,6.843567,0.34682658,0.7463147,88.72328
2006-08-13,6.9046936,5.3421936,0.31713867,0.28125,,,9.83429,0.42388502,0.7254944,89.77973
2006-08-14,6.693756,5.4046936,0.33447266,0.2614746,,,10.345459,0.4245479,0.66351455,91.484856
2006-08-15,6.6078186,5.2796936,0.41235352,0.3244629,,,8.750916,0.5247014,0.66667485,91.23138
2006-08-16,6.5609436,4.787506,0.37548828,0.23449707,,,9.475708,0.44269666,0.5582486,88.44334
2006-08-17,6.631256,4.9828186,0.28076172,0.25927734,,,6.5574646,0.38216734,0.74563617,89.223114
2006-08-18,6.7328186,5.5296936,0.34960938,0.28686523,,,10.299683,0.45223707,0.6871349,92.0343
2006-08-19,6.7796936,6.0140686,0.31054688,0.33129883,,,15.205383,0.4540906,0.81771857,94.8654
2006-08-20,6.756256,5.9046936,0.30395508,0.34277344,,,11.741638,0.45812914,0.8453489,94.302826
2006-08-21,6.8109436,5.4671936,0.28393555,0.18640137,,,9.590149,0.33965403,0.58092535,91.14619
2006-08-22,6.7171936,5.6859436,0.35864258,0.31567383,,,9.3688965,0.47778076,0.72176224,93.135925
2006-08-23,6.8109436,6.0609436,0.3071289,0.26489258,,,9.140015,0.40558136,0.71169496,94.96904
2006-08-24,6.975006,6.2484436,0.31030273,0.35864258,,,35.125732,0.47424918,0.85753554,95.12905
2006-08-25,6.3109436,5.8421936,0.4333496,0.39892578,,,15.510559,0.5890108,0.74406064,96.81627
2006-08-26,6.4203186,5.975006,0.29907227,0.3996582,,,23.666382,0.4991702,0.9283712,96.975914
2006-08-27,5.4046936,4.693756,0.072631836,0.3581543,,,15.533447,0.36544478,1.3707149,95.172485
2006-08-28,5.4046936,4.6546936,0.16479492,0.44262695,,,9.788513,0.4723092,1.2143852,94.913315
2006-08-29,6.006256,4.9671936,0.44702148,0.39379883,,,11.276245,0.59573966,0.722184,93.04735
2006-08-30,5.4359436,4.3890686,0.29663086,0.40014648,,,10.3302,0.49810347,0.93288285,92.96565
2006-08-31,5.256256,4.162506,0.1529541,0.26879883,,,9.391785,0.30926973,1.0534617,92.65093
2007-06-01,2.6234436,-2.556244,0.21691895,0.007827759,,,1.1796951,0.21706013,0.036070447,68.69016
2007-06-02,3.0921936,-1.0015564,0.22729492,-0.1381836,,,4.722595,0.26600316,-0.5462434,74.501
2007-06-03,3.9984436,0.8421936,0.23486328,-0.06567383,,,3.2176971,0.24387254,-0.27266166,79.8991
2007-06-04,3.9203186,1.5921936,0.19921875,-0.14038086,,,5.4626465,0.24371068,-0.6138446,84.783295
2007-06-05,4.9515686,3.475006,0.23291016,0.47436523,,,30.654907,0.52845955,1.11438,90.17108
2007-06-06,3.3890686,2.6390686,-0.053527832,-0.2409668,,,15.670776,0.24684049,-1.7893848,94.83183
2007-06-07,5.100006,3.7484436,0.026443481,-0.15588379,,,7.873535,0.15811077,-1.4027601,90.97902
2007-06-08,6.4984436,5.318756,0.16003418,0.05911255,,,10.169983,0.17060256,0.35382965,92.16982
2007-06-09,6.6078186,5.6546936,0.16918945,0.23864746,,,16.571045,0.29253665,0.9540879,93.635544
2007-06-10,6.7953186,6.0921936,0.19580078,0.2442627,,,11.932373,0.31305304,0.89508104,95.276215
2007-06-11,6.8734436,5.568756,0.079711914,-0.10192871,,,9.117126,0.12939648,-0.90710545,91.39757
2007-06-12,6.8265686,5.2015686,0.07672119,-0.059661865,,,9.567261,0.09718888,-0.66096056,89.38459
2007-06-13,6.6703186,5.5296936,0.17175293,0.24914551,,,8.4991455,0.30260956,0.96724164,92.43021
2007-06-14,6.631256,5.943756,0.17700195,0.48999023,,,17.807007,0.52097994,1.2241473,95.37306
2007-06-15,5.412506,4.6859436,0.043029785,0.32006836,,,17.715454,0.32294786,1.4371582,95.06905
2007-06-16,5.5140686,4.8421936,0.42993164,0.64990234,,,11.253357,0.77923954,0.98635644,95.43622
2007-06-17,5.6234436,4.9359436,0.18066406,0.36328125,,,9.780884,0.405725,1.1093016,95.33633
2007-06-18,5.8109436,4.9203186,0.2619629,0.50683594,,,11.741638,0.5705324,1.0937524,94.004524
2007-06-19,5.193756,4.131256,0.23156738,0.31811523,,,7.9421997,0.3934727,0.94156665,92.85061
2007-06-20,4.6546936,3.0140686,0.22766113,0.22875977,,,5.016327,0.32273924,0.7878052,89.10895
2007-06-21,5.412506,3.912506,0.18237305,0.08227539,,,6.7329407,0.20007291,0.42379978,90.05741
2007-06-22,5.725006,4.0921936,0.24255371,0.19104004,,,5.1651,0.3087533,0.66714615,89.24639
2007-06-23,5.7328186,4.1078186,0.23254395,0.12408447,,,9.979248,0.26357853,0.49016166,89.295944
2007-06-24,6.5765686,5.3265686,0.20678711,0.10119629,,,13.755798,0.23022076,0.45511094,91.72571
2007-06-25,7.4203186,6.1859436,0.22045898,0.07366943,,,8.415222,0.23244214,0.32249787,91.8781
2007-06-26,7.0921936,5.975006,0.2709961,0.17089844,,,7.49588,0.32038283,0.56263804,92.604614
2007-06-27,6.631256,5.4828186,0.21582031,0.16503906,,,11.451721,0.27169156,0.65284663,92.37786
2007-06-28,7.131256,6.3109436,0.33447266,0.38549805,,,23.742676,0.5103731,0.85615134,94.522736
2007-06-29,7.4984436,6.318756,0.39257812,0.27270508,,,12.054443,0.4780017,0.6071275,92.22986
2007-06-30,7.6234436,6.6234436,0.4362793,0.42163086,,,10.375977,0.60672253,0.76832527,93.3842
2007-07-01,7.3578186,6.5140686,0.41601562,0.51660156,,,14.633179,0.66328436,0.8928363,94.38013
2007-07-02,7.193756,6.1859436,0.32666016,0.47607422,,,8.735657,0.5773677,0.96942365,93.3119
2007-07-03,6.8421936,5.9671936,0.32348633,0.37060547,,,10.368347,0.49192664,0.8531802,94.154076
2007-07-04,7.193756,6.1546936,0.37451172,0.40942383,,,12.626648,0.55487555,0.8299032,93.111
2007-07-05,7.4359436,6.662506,0.3017578,0.2668457,,,11.34491,0.40282056,0.7240754,94.84069
2007-07-06,7.7171936,6.6390686,0.265625,0.25073242,,,11.932373,0.36527166,0.75656456,92.88915
2007-07-07,7.4359436,6.1703186,0.31079102,0.34326172,,,11.451721,0.46305472,0.83500284,91.681274
2007-07-08,7.0921936,6.2171936,0.22814941,0.39013672,,,12.451172,0.45195,1.0416331,94.165436
2007-07-09,7.2015686,6.131256,0.25756836,0.18005371,,,9.468079,0.3142623,0.61008954,92.9109
2007-07-10,7.693756,6.537506,0.32641602,0.25048828,,,13.832092,0.41145083,0.6545379,92.390305
2007-07-11,7.537506,6.7171936,0.34350586,0.2010498,,,15.579224,0.39801672,0.5295315,94.540016
2007-07-12,7.600006,6.912506,0.27490234,0.37841797,,,19.210815,0.4677301,0.9425373,95.407974
2007-07-13,6.756256,6.068756,0.33520508,0.42504883,,,20.065308,0.54132146,0.90302855,95.37759
2007-07-14,7.037506,6.2484436,0.4597168,0.5834961,,,13.053894,0.7428373,0.903498,94.72259
2007-07-15,6.725006,5.7953186,0.2668457,0.4465332,,,23.162842,0.52019083,1.0321476,93.793304
2007-07-16,7.3734436,5.9515686,0.3786621,0.3330078,,,15.869141,0.504261,0.721335,90.69349
2007-07-17,6.7484436,5.8578186,0.04611206,0.40161133,,,16.25061,0.4042499,1.4564793,94.04816
2007-07-18,7.3265686,6.662506,0.114746094,0.25952148,,,8.460999,0.28375706,1.1544939,95.55191
2007-07-19,8.193756,7.1234436,0.36694336,0.34155273,,,12.649536,0.501304,0.74957615,92.96489
2007-07-20,7.4046936,6.3421936,-0.07757568,0.12322998,,,47.11914,0.14561461,2.1326392,92.972015
2007-07-21,7.4203186,6.5453186,0.21691895,0.3955078,,,16.464233,0.45108786,1.0691386,94.18028
2007-07-22,6.943756,5.7484436,0.26342773,0.23046875,,,16.082764,0.3500143,0.71876436,92.097
2007-07-23,6.5921936,5.725006,0.17578125,0.28051758,,,23.254395,0.33104253,1.0110245,94.19362
2007-07-24,5.0296936,4.4671936,-0.1541748,-0.11242676,,,49.6521,0.19081312,-2.5115263,96.15166
2007-07-25,5.5921936,5.2015686,-0.044799805,-0.118652344,,,33.172607,0.12682824,-1.93182,97.325386
2007-07-26,4.8890686,4.2171936,-0.22314453,-0.2692871,,,42.48047,0.34972706,-2.2627637,95.41368
2007-07-27,4.5140686,3.6703186,-0.26513672,-0.22253418,,,38.05542,0.34614873,-2.4433324,94.25386
2007-07-28,4.756256,3.9828186,-0.15612793,-0.27954102,,,18.295288,0.32018605,-2.0801537,94.73134
2007-07-29,5.0296936,4.287506,-0.11541748,-0.36206055,,,36.43799,0.3800119,-1.8793918,94.95024
2007-07-30,5.1546936,4.6078186,-0.09234619,-0.28857422,,,32.37915,0.30298993,-1.880507,96.26046
2007-07-31,5.4359436,5.0921936,0.0030593872,-0.20471191,,,15.25116,0.20473477,-1.5558527,97.64003
2007-08-01,5.7640686,5.1546936,0.010604858,-0.13342285,,,11.650085,0.13384365,-1.49148,95.86101
2007-08-02,6.2953186,5.4671936,0.1427002,0.12213135,,,12.626648,0.18782814,0.7078861,94.43574
2007-08-03,6.6390686,5.725006,0.1538086,0.122802734,,,8.483887,0.19681868,0.67377234,93.890656
2007-08-04,7.0765686,6.0921936,0.29370117,0.3190918,,,6.8206787,0.43368185,0.82680875,93.4569
2007-08-05,7.3734436,6.3578186,0.28173828,0.30737305,,,10.429382,0.4169588,0.828885,93.27099
2007-08-06,7.662506,6.6546936,0.4506836,0.40063477,,,12.748718,0.6030124,0.7266759,93.33608
2007-08-07,7.6703186,6.8265686,0.3334961,0.3322754,,,12.672424,0.47077233,0.7835646,94.39375
2007-08-08,7.7328186,6.725006,0.28027344,0.41088867,,,17.333984,0.49737582,0.97217464,93.3397
2007-08-09,7.7796936,6.881256,0.1541748,0.1854248,,,14.625549,0.24114773,0.8771599,94.04521
2007-08-10,8.607819,6.9046936,0.25146484,0.19799805,,,7.4768066,0.32005906,0.6669975,89.04851
2007-08-11,8.467194,6.850006,0.24328613,0.18432617,,,13.2369995,0.30522823,0.6483803,89.56354
2007-08-12,7.5609436,6.412506,0.25561523,0.3996582,,,18.203735,0.47441104,1.0017779,92.432236
2007-08-13,7.5140686,6.6859436,0.30395508,0.38110352,,,19.66858,0.4874716,0.8975415,94.48831
2007-08-14,7.475006,6.6859436,0.42358398,0.31689453,,,15.4953,0.5290043,0.6423012,94.74053
2007-08-15,7.0921936,6.381256,0.121398926,0.29516602,,,24.18518,0.3191562,1.1805949,95.23592
2007-08-16,6.631256,5.9984436,0.12854004,0.2927246,,,12.626648,0.31970337,1.1570303,95.73406
2007-08-17,6.631256,5.9359436,0.087524414,0.45507812,,,31.37207,0.46341842,1.3807881,95.32159
2007-08-18,5.5765686,4.7953186,0.27514648,0.13769531,,,21.04187,0.30767775,0.4640025,94.71356
2007-08-19,4.2171936,3.662506,0.31323242,0.101989746,,,24.810791,0.32941836,0.31477815,96.17966
2007-08-20,5.0453186,3.850006,0.1217041,-0.0029468536,,,4.8446655,0.121739775,-0.024208535,91.98031
2007-08-21,5.8734436,4.568756,0.109558105,0.113586426,,,9.269714,0.15781271,0.80344874,91.33123
2007-08-22,5.8265686,4.3734436,0.12719727,0.008056641,,,8.018494,0.12745216,0.06325523,90.38492
2007-08-23,6.381256,5.3265686,0.32617188,0.31103516,,,8.644104,0.45070052,0.7616478,92.96662
2007-08-24,6.3734436,5.4515686,0.33398438,0.40234375,,,11.398315,0.5229016,0.877971,93.827156
2007-08-25,6.131256,5.0765686,0.29125977,0.28735352,,,8.19397,0.4091507,0.7786472,92.95299
2007-08-26,6.5296936,5.6078186,0.36694336,0.5834961,,,18.753052,0.68928593,1.0094187,93.834656
2007-08-27,6.3265686,5.7953186,0.4777832,0.5600586,,,18.78357,0.7361674,0.8645082,96.399055
2007-08-28,6.2328186,5.5609436,0.4152832,0.4362793,,,12.329102,0.6023286,0.8100491,95.46192
2007-08-29,6.287506,5.412506,0.2939453,0.20214844,,,6.713867,0.35674617,0.6024283,94.12878
2007-08-30,6.6859436,5.8421936,0.26049805,0.33325195,,,11.8637085,0.42298475,0.90732324,94.35067
2007-08-31,6.475006,5.756256,0.28222656,0.27734375,,,13.22937,0.39569104,0.77667236,95.1614
2008-06-01,3.131256,-0.5015564,0.17285156,-0.07348633,,,2.9087067,0.18782413,-0.40199026,77.056244
2008-06-02,4.0296936,2.0140686,0.17834473,-0.052734375,,,7.419586,0.18597783,-0.28749603,86.70963
2008-06-03,4.2171936,2.3890686,0.17651367,-0.041046143,,,6.9389343,0.18122323,-0.22847757,87.893524
2008-06-04,4.3109436,2.3734436,0.17053223,0.027069092,,,7.221222,0.17266724,0.15741965,87.22131
2008-06-05,4.6390686,3.4203186,0.20092773,0.20239258,,,10.696411,0.2851924,0.78903013,91.80316
2008-06-06,5.2171936,3.8265686,0.12756348,0.17773438,,,10.4599,0.21877374,0.94827664,90.737724
2008-06-07,5.3109436,4.4828186,0.19226074,0.20019531,,,14.73999,0.27756506,0.80561316,94.39274
2008-06-08,5.7796936,5.0609436,0.25683594,0.3125,,,12.664795,0.40450087,0.8828586,95.13496
2008-06-09,6.0921936,5.100006,0.2130127,0.17041016,,,9.498596,0.27278936,0.67474097,93.35598
2008-06-10,6.475006,5.662506,0.24414062,0.15637207,,,14.251709,0.28992563,0.5696678,94.54579
2008-06-11,7.0296936,6.162506,0.3076172,0.28979492,,,22.216797,0.42262208,0.7555746,94.213356
2008-06-12,6.9203186,6.2328186,0.3154297,0.3269043,,,14.305115,0.45427117,0.8032602,95.38352
2008-06-13,6.8109436,5.943756,0.24926758,0.093322754,,,19.760132,0.26616433,0.35823387,94.2035
2008-06-14,7.1546936,6.2953186,0.06945801,0.23950195,,,34.362793,0.24937041,1.2885295,94.269714
2008-06-15,6.443756,5.8265686,0.12561035,0.27661133,,,12.580872,0.30379564,1.1445346,95.83129
2008-06-16,6.8265686,5.7640686,0.32592773,0.31225586,,,11.993408,0.4513675,0.76397836,92.94057
2008-06-17,6.7015686,5.6546936,0.41455078,0.15771484,,,14.572144,0.4435384,0.36353806,93.03437
2008-06-18,6.6703186,5.7953186,0.40454102,0.15563965,,,25.177002,0.43344796,0.36727494,94.146255
2008-06-19,6.1859436,5.3890686,0.07733154,0.21350098,,,43.24341,0.22707452,1.2232884,94.636055
2008-06-20,5.1234436,4.4515686,-0.07318115,-0.05709839,,,19.821167,0.09282083,-2.479021,95.42215
2008-06-21,6.1078186,5.225006,0.097839355,0.30810547,,,12.664795,0.32326695,1.263316,94.06945
2008-06-22,6.0765686,5.350006,0.15124512,0.27246094,,,20.187378,0.31162485,1.0640403,95.09468
2008-06-23,6.2328186,5.2328186,0.23181152,0.2055664,,,7.1144104,0.3098292,0.72546446,93.31257
2008-06-24,6.725006,5.7640686,0.2578125,0.26513672,,,8.659363,0.3698172,0.79940283,93.59072
2008-06-25,6.9203186,5.912506,0.17590332,0.014442444,,,15.586853,0.17649522,0.08192069,93.29773
2008-06-26,7.1859436,6.1234436,-0.012504578,-0.12768555,,,24.32251,0.12829639,-1.6684177,92.960144
2008-06-27,7.0765686,5.631256,0.17712402,0.26367188,,,19.348145,0.31764096,0.97927636,90.525314
2008-06-28,5.850006,4.6859436,0.3388672,0.37548828,,,12.6953125,0.5057889,0.8366178,92.23107
2008-06-29,5.8578186,4.912506,0.10876465,0.2232666,,,22.918701,0.24835001,1.1174803,93.64928
2008-06-30,6.4515686,5.631256,0.24499512,0.4128418,,,13.069153,0.4800635,1.0352174,94.493645
2008-07-01,7.225006,6.037506,0.16027832,0.26757812,,,25.985718,0.31190896,1.0311152,92.16378
2008-07-02,6.4984436,5.6546936,-0.03265381,0.06958008,,,16.067505,0.07686129,2.0095823,94.34241
2008-07-03,6.9515686,6.0453186,0.14941406,0.27856445,,,11.276245,0.31610554,1.0784765,93.95615
2008-07-04,7.3421936,6.0609436,0.11212158,0.16040039,,,20.996094,0.19570267,0.96073467,91.57648
2008-07-05,7.3578186,6.3890686,0.12384033,0.21789551,,,26.504517,0.25062895,1.053976,93.57174
2008-07-06,6.912506,6.100006,0.40722656,0.40722656,,,22.888184,0.5759053,0.7853982,94.56437
2008-07-07,6.6703186,5.7953186,0.5102539,0.45141602,,,13.839722,0.6812749,0.72429127,94.146255
2008-07-08,6.131256,4.9515686,0.42114258,0.3413086,,,10.4904175,0.5420818,0.6810713,92.147606
2008-07-09,6.943756,5.9046936,0.43115234,0.35009766,,,11.833191,0.5553924,0.68201804,93.097664
2008-07-10,7.0140686,6.1703186,0.47631836,0.52978516,,,12.09259,0.7124265,0.83849066,94.36508
2008-07-11,6.8421936,5.8734436,0.5078125,0.4814453,,,11.810303,0.6997593,0.758751,93.54601
2008-07-12,6.9203186,5.9046936,0.54296875,0.4104004,,,11.5737915,0.68061996,0.64723164,93.24737
2008-07-13,6.8734436,6.1703186,0.30200195,0.5341797,,,24.887085,0.61363924,1.0562396,95.2791
2008-07-14,6.2484436,5.4984436,-0.015930176,0.19299316,,,38.57422,0.1936495,1.6531523,94.94685
2008-07-15,5.443756,3.975006,-0.18676758,-0.44506836,,,32.01294,0.48266757,-1.9681165,90.25761
2008-07-16,5.3734436,4.0765686,-0.27514648,-0.5371094,,,32.65381,0.60348326,-2.0442138,91.347824
2008-07-17,6.2015686,5.318756,-0.121520996,-0.20471191,,,4.825592,0.2380637,-2.106511,94.07379
2008-07-18,6.9671936,6.0296936,0.12988281,0.18408203,,,7.686615,0.22529034,0.9563417,93.75437
2008-07-19,7.1078186,6.2796936,0.296875,0.47973633,,,17.211914,0.56416464,1.0166465,94.47087
2008-07-20,6.5140686,5.9671936,0.21618652,0.27807617,,,21.865845,0.35222575,0.90996593,96.30037
2008-07-21,7.1390686,6.506256,0.33203125,0.49658203,,,13.153076,0.5973596,0.9814335,95.75101
2008-07-22,6.7953186,6.4046936,0.2705078,0.40185547,,,18.26477,0.48441955,0.9783207,97.35076
2008-07-23,7.2953186,6.443756,0.07946777,0.39086914,,,14.251709,0.39886567,1.3702197,94.32667
2008-07-24,7.3890686,6.4984436,0.16174316,0.44628906,,,12.283325,0.4746944,1.2231019,94.0777
2008-07-25,7.3109436,6.6078186,0.31103516,0.66308594,,,15.670776,0.73241097,1.1321957,95.29521
2008-07-26,6.912506,6.3265686,0.42456055,0.6435547,,,18.64624,0.7709827,0.98762417,96.05318
2008-07-27,7.0453186,6.5609436,0.40576172,0.4741211,,,28.778076,0.62404597,0.8629339,96.73069
2008-07-28,7.2328186,6.2953186,0.45410156,0.35595703,,,16.37268,0.5769867,0.6648285,93.76723
2008-07-29,7.568756,6.725006,0.44873047,0.57958984,,,18.325806,0.73299617,0.9119733,94.38933
2008-07-30,6.7796936,6.3265686,0.4934082,0.64746094,,,30.136108,0.8140377,0.91961735,96.93231
2008-07-31,6.8109436,6.1078186,0.40527344,0.37036133,,,21.697998,0.5490119,0.74041754,95.276794
2008-08-01,6.4046936,5.6703186,0.19799805,0.24487305,,,21.011353,0.3149064,0.890849,95.05584
2008-08-02,6.7015686,5.7171936,0.40576172,0.29785156,,,19.14978,0.5033469,0.6332182,93.43786
2008-08-03,5.5453186,5.131256,0.19165039,-0.11035156,,,26.306152,0.22115004,-0.52243245,97.165886
2008-08-04,5.9046936,5.0609436,0.1439209,0.101501465,,,10.154724,0.17611295,0.6142466,94.316124
2008-08-05,5.9984436,5.256256,0.3149414,0.120910645,,,18.051147,0.33735362,0.36656332,94.98851
2008-08-06,6.6703186,5.9984436,0.27172852,0.3059082,,,12.565613,0.40916526,0.84450084,95.47747
2008-08-07,6.3421936,5.4203186,0.0541687,0.18359375,,,26.09253,0.19141816,1.2838901,93.82565
2008-08-08,6.412506,5.2015686,0.061035156,-0.2006836,,,13.618469,0.20975985,-1.2755492,91.964676
2008-08-09,7.350006,5.8421936,0.35620117,0.13745117,,,13.168335,0.38180113,0.36827567,90.15463
2008-08-10,7.100006,5.912506,0.4946289,0.29248047,,,17.044067,0.5746326,0.53400743,92.15625
2008-08-11,6.850006,5.6859436,0.5341797,0.47802734,,,17.39502,0.71683896,0.7299798,92.29081
2008-08-12,6.5765686,5.7328186,0.40844727,0.44995117,,,13.946533,0.6076884,0.8337109,94.345856
2008-08-13,6.3734436,5.725006,0.40063477,0.4855957,,,11.100769,0.6295327,0.8809739,95.62195
2008-08-14,6.6546936,5.8734436,0.29492188,0.49975586,,,10.597229,0.5802886,1.0376644,94.757965
2008-08-15,6.600006,5.943756,0.15490723,0.51660156,,,10.444641,0.5393268,1.2794696,95.57812
2008-08-16,6.818756,6.193756,0.29418945,0.5107422,,,11.001587,0.5894107,1.048208,95.79192
2008-08-17,6.9359436,5.912506,0.15673828,0.31298828,,,9.376526,0.3500408,1.1065248,93.19785
2008-08-18,7.318756,5.9046936,0.18847656,0.4128418,,,8.491516,0.4538301,1.1425215,90.738594
2008-08-19,6.850006,5.9515686,0.28930664,0.5522461,,,13.908386,0.6234373,1.0882335,94.002106
2008-08-20,6.5609436,5.8734436,0.28588867,0.2055664,,,16.204834,0.35212198,0.6233929,95.370514
2008-08-21,6.7171936,5.7328186,0.359375,0.3630371,,,12.580872,0.5108291,0.7904674,93.43865
2008-08-22,6.6859436,5.8421936,0.3010254,0.3642578,,,11.039734,0.47254634,0.8801594,94.35067
2008-08-23,6.5609436,5.506256,0.2919922,0.19726562,,,6.038666,0.35238212,0.5941516,92.9764
2008-08-24,7.0140686,6.068756,0.25097656,0.15490723,,,7.9040527,0.29493302,0.5529836,93.7061
2008-08-25,6.756256,5.8421936,0.2442627,0.15100098,,,14.572144,0.28716817,0.5536879,93.896225
2008-08-26,6.5453186,5.506256,0.21569824,0.08215332,,,22.04895,0.23081356,0.36390835,93.07635
2008-08-27,6.2796936,5.6703186,0.4025879,0.24584961,,,34.0271,0.47171924,0.54823047,95.87777
2008-08-28,5.8109436,5.2484436,0.41259766,0.37329102,,,10.757446,0.55640185,0.7354243,96.17534
2008-08-29,5.4671936,4.5453186,0.19152832,0.24536133,,,6.5841675,0.311264,0.9079989,93.7834
2008-08-30,4.287506,2.7171936,0.18225098,0.15014648,,,2.6378632,0.23613425,0.6891122,89.523766
2008-08-31,4.2015686,2.2015686,0.18310547,0.115356445,,,2.538681,0.21641332,0.5621867,86.82347
2009-06-01,2.162506,0.5375061,-0.068847656,-0.23779297,,,7.511139,0.24755907,-1.8526181,88.99889
2009-06-02,2.193756,0.1859436,-0.18920898,-0.39697266,,,2.5939941,0.43975827,-2.0155735,86.57219
2009-06-03,3.8734436,1.8812561,-0.05670166,-0.33935547,,,3.5495758,0.34405988,-1.7363533,86.83915
2009-06-04,5.4359436,3.5609436,0.066101074,-0.13671875,,,6.881714,0.1518597,-1.1204501,87.71496
2009-06-05,4.9828186,4.318756,0.32080078,0.2006836,,,14.213562,0.37840065,0.5590097,95.46928
2009-06-06,4.725006,3.7953186,0.34277344,0.3256836,,,9.231567,0.47282496,0.7598376,93.695755
2009-06-07,4.1546936,2.1234436,0.2685547,0.234375,,,2.5348663,0.3564453,0.71754134,86.62569
2009-06-08,3.475006,0.8265686,0.2692871,0.22399902,,,1.3837814,0.3502729,0.69384587,82.80244
2009-06-09,2.8265686,-1.6187439,0.42456055,0.3852539,,,0.91028214,0.5732994,0.7368984,72.55684
2009-06-10,2.4359436,-0.9312439,0.38989258,0.15100098,,,2.2888184,0.41811186,0.36950052,78.45134
2009-06-11,3.4203186,1.5375061,0.27075195,0.061279297,,,4.5661926,0.27760002,0.22258002,87.476654
2009-06-12,4.037506,2.9515686,0.20727539,0.17944336,,,8.216858,0.27415872,0.71355236,92.63208
2009-06-13,3.631256,2.1234436,0.12792969,0.027664185,,,7.507324,0.13088664,0.21296607,89.87035
2009-06-14,4.2171936,1.8109436,0.13745117,-0.055480957,,,3.3073425,0.14822605,-0.3836414,84.34507
2009-06-15,5.037506,2.693756,0.23547363,0.04345703,,,3.314972,0.23945008,0.18249816,84.8157
2009-06-16,4.8890686,1.6000061,0.18530273,-0.0074043274,,,0.8382797,0.18545061,-0.03993676,79.2719
2009-06-17,5.5609436,2.3421936,0.25073242,0.037231445,,,0.83112717,0.25348163,0.14741358,79.77016
2009-06-18,5.7171936,2.881256,0.2578125,0.0690918,,,1.2817383,0.26691002,0.26183972,81.989555
2009-06-19,5.693756,3.0296936,0.2697754,0.06616211,,,1.458168,0.27777,0.24050203,82.99014
2009-06-20,6.0765686,3.412506,0.43652344,0.20166016,,,1.8863678,0.48085293,0.43276238,83.03793
2009-06-21,6.4203186,4.4515686,0.39038086,0.21911621,,,2.998352,0.4476708,0.5114685,87.23232
2009-06-22,6.8109436,4.8265686,0.2878418,0.16723633,,,3.753662,0.33289772,0.5263324,87.1747
2009-06-23,6.693756,5.1234436,0.14892578,0.120910645,,,8.331299,0.19182876,0.68194616,89.71457
2009-06-24,6.8578186,5.7796936,0.18493652,0.124938965,,,9.429932,0.22318436,0.5941463,92.84185
2009-06-25,7.412506,6.4828186,0.3071289,0.15344238,,,9.712219,0.34332597,0.4633296,93.826324
2009-06-26,7.693756,6.756256,0.33398438,0.18554688,,,14.793396,0.3820644,0.5070985,93.789444
2009-06-27,6.8578186,6.350006,0.36132812,0.19616699,,,19.683838,0.41114414,0.49738,96.56986
2009-06-28,7.381256,6.5140686,0.28271484,0.3527832,,,13.35144,0.45208812,0.895212,94.22914
2009-06-29,7.4671936,6.6234436,0.35498047,0.36547852,,,16.63208,0.5094955,0.7999685,94.3849
2009-06-30,7.0296936,6.5140686,0.27539062,0.37939453,,,24.307251,0.46880722,0.94291896,96.52261
2009-07-01,6.4203186,5.6703186,-0.0070152283,0.5004883,,,24.398804,0.50053746,1.5848122,94.95365
2009-07-02,6.068756,4.6234436,0.14099121,0.23547363,,,6.259918,0.27445647,1.0312922,90.45207
2009-07-03,6.0765686,4.787506,0.12023926,0.22180176,,,9.468079,0.25229645,1.0740367,91.44437
2009-07-04,6.4046936,4.6859436,0.18713379,0.2019043,,,8.44574,0.27528965,0.8233467,88.76796
2009-07-05,7.0140686,5.3421936,0.20458984,0.2541504,,,11.688232,0.32626587,0.89301693,89.10924
2009-07-06,7.0296936,6.0609436,0.11279297,0.37329102,,,25.08545,0.38995954,1.2773607,93.55539
2009-07-07,6.725006,6.0296936,0.11468506,0.17028809,,,24.56665,0.20530635,0.9780939,95.32502
2009-07-08,7.443756,6.2328186,0.30786133,0.34545898,,,10.704041,0.46273157,0.84288335,92.028145
2009-07-09,7.350006,6.162506,0.33007812,0.35058594,,,16.220093,0.4815206,0.81551814,92.1713
2009-07-10,7.1859436,6.256256,0.25024414,0.104003906,,,25.527954,0.2709962,0.39389023,93.81547
2009-07-11,7.6234436,6.9515686,0.42407227,0.3466797,,,14.9002075,0.5477446,0.6853218,95.511055
2009-07-12,7.787506,7.3109436,0.4177246,0.6118164,,,27.374268,0.7408193,0.97173387,96.801384
2009-07-13,7.5296936,6.5609436,0.4609375,0.43652344,,,9.780884,0.6348355,0.7582014,93.580284
2009-07-14,7.9515686,6.4515686,0.36157227,0.34326172,,,6.5727234,0.49856105,0.75942546,90.248024
2009-07-15,7.3734436,6.1078186,0.23669434,0.12963867,,,10.4522705,0.26987106,0.5010795,91.67729
2009-07-16,7.7953186,6.193756,0.3395996,0.2590332,,,10.543823,0.42711368,0.651618,89.606926
2009-07-17,8.014069,6.9984436,0.27954102,0.39208984,,,12.580872,0.48153675,0.9514309,93.304184
2009-07-18,7.7171936,6.7953186,0.31176758,0.27783203,,,12.809753,0.4175999,0.7279047,93.8912
2009-07-19,8.076569,7.0453186,0.41064453,0.6772461,,,22.140503,0.79201716,1.0257248,93.20762
2009-07-20,7.631256,6.3890686,0.4104004,0.2553711,,,10.292053,0.4833662,0.5566184,91.84181
2009-07-21,7.850006,6.287506,0.34936523,0.32470703,,,9.45282,0.47695988,0.74883354,89.8528
2009-07-22,7.287506,6.318756,0.28198242,0.3239746,,,11.360168,0.42950395,0.85458654,93.568245
2009-07-23,7.2953186,6.412506,0.21618652,0.22802734,,,8.44574,0.31421822,0.81204754,94.12399
2009-07-24,8.162506,6.6703186,0.25854492,0.21203613,,,4.875183,0.33437225,0.6868854,90.31207
2009-07-25,8.389069,6.5453186,0.34936523,0.25170898,,,7.789612,0.43059665,0.62433594,88.17417
2009-07-26,8.287506,7.350006,0.5058594,0.49902344,,,34.942627,0.7105759,0.7785955,93.81788
2009-07-27,5.693756,4.506256,-0.32226562,-0.45922852,,,96.43555,0.5610222,-2.1826987,92.070724
2009-07-28,5.2015686,4.131256,-0.29296875,-0.15979004,,,20.828247,0.33371177,-2.642275,92.80019
2009-07-29,5.8734436,4.662506,-0.2602539,-0.18664551,,,35.7666,0.3202634,-2.5194378,91.93119
2009-07-30,5.975006,4.7796936,0.007881165,-0.28051758,,,13.771057,0.28062826,-1.5427086,92.03777
2009-07-31,5.8265686,4.600006,-0.16516113,-0.4482422,,,14.282227,0.47770205,-1.9238245,91.828
2009-08-01,6.9359436,5.4046936,-0.036376953,-0.064819336,,,7.2784424,0.07432919,-2.0822017,89.97711
2009-08-02,8.006256,6.881256,0.15600586,0.16918945,,,8.4991455,0.23013669,0.8259165,92.60683
2009-08-03,8.076569,7.2328186,0.13439941,0.090148926,,,10.673523,0.16183335,0.59082687,94.4114
2009-08-04,8.232819,6.9359436,0.099243164,0.029129028,,,16.76941,0.10342971,0.28549364,91.53557
2009-08-05,8.264069,7.287506,0.21643066,0.3166504,,,36.68213,0.38354883,0.97123,93.56661
2009-08-06,6.4046936,5.4984436,-0.26611328,-0.31811523,,,82.58057,0.4147452,-2.2674189,93.93039
2009-08-07,6.850006,6.0453186,-0.019195557,0.018218994,,,10.2005005,0.026465094,2.3822896,94.61275
2009-08-08,7.631256,7.0140686,0.20874023,0.3857422,,,9.742737,0.4385995,1.0747814,95.86992
2009-08-09,7.8265686,6.9828186,0.19189453,0.4104004,,,15.930176,0.45304745,1.1334203,94.40055
2009-08-10,7.506256,6.5296936,0.16223145,0.3173828,,,13.259888,0.35644197,1.0982655,93.528854
2009-08-11,7.5765686,6.443756,0.2368164,0.029785156,,,15.12146,0.23868215,0.12511623,92.5326
2009-08-12,7.850006,6.6703186,0.22009277,0.11566162,,,14.228821,0.24863315,0.4838491,92.2508
2009-08-13,8.389069,7.162506,0.034851074,0.047821045,,,21.362305,0.059173048,0.9410142,91.98729
2009-08-14,7.1234436,6.2328186,0.10668945,0.25830078,,,20.629883,0.27946723,1.1790963,94.065475
2009-08-15,6.8734436,5.9671936,0.2758789,0.5083008,,,13.98468,0.5783415,1.0735384,93.95247
2009-08-16,6.7328186,5.662506,0.39257812,0.5239258,,,16.76941,0.6546876,0.9277427,92.88518
2009-08-17,6.506256,5.8734436,0.23706055,0.39819336,,,14.823914,0.46341735,1.0338101,95.72987
2009-08-18,6.725006,6.1078186,0.27514648,0.52490234,,,27.816772,0.592645,1.0879877,95.84049
2009-08-19,5.600006,4.787506,0.14624023,0.34277344,,,11.5737915,0.37266585,1.167539,94.508354
2009-08-20,5.5140686,4.381256,0.35253906,0.34326172,,,4.333496,0.4920492,0.77206564,92.41273
2009-08-21,5.5453186,4.443756,0.2553711,0.27539062,,,6.504059,0.3755721,0.8230988,92.61679
2009-08-22,6.131256,4.8265686,0.16491699,0.31274414,,,7.1411133,0.3535626,1.0855305,91.348404
2009-08-23,6.006256,4.4828186,0.13623047,0.2565918,,,8.560181,0.2905135,1.0827175,89.95496
2009-08-24,5.5921936,4.193756,0.38256836,0.37939453,,,8.628845,0.5387938,0.78123283,90.714714
2009-08-25,5.725006,5.1234436,0.57958984,0.4777832,,,14.11438,0.75113326,0.6894114,95.911835
2009-08-26,5.5921936,4.725006,0.48657227,0.28442383,,,13.511658,0.563604,0.5289787,94.14813
2009-08-27,5.7328186,4.8578186,0.25024414,0.13635254,,,11.688232,0.28498095,0.49890232,94.10331
2009-08-28,6.2484436,5.0140686,0.27612305,0.26367188,,,13.458252,0.38179418,0.7623358,91.804596
2009-08-29,6.7328186,5.381256,0.24145508,0.17053223,,,15.541077,0.2956041,0.6149209,91.09148
2009-08-30,6.7015686,5.600006,0.13098145,0.27783203,,,11.138916,0.30715922,1.1302557,92.68258
2009-08-31,6.5296936,5.443756,0.4260254,0.38232422,,,9.361267,0.5724242,0.7313885,92.77338
2010-06-01,3.6859436,1.5687561,0.1887207,-0.005317688,,,5.8135986,0.18879561,-0.028170101,86.04735
2010-06-02,4.4359436,2.2796936,0.3544922,0.12536621,,,5.3367615,0.37600717,0.3399229,85.88689
2010-06-03,5.3265686,3.3421936,0.3413086,0.10168457,,,3.3302307,0.35613385,0.2895526,87.030785
2010-06-04,4.5140686,3.412506,0.120788574,0.5390625,,,38.391113,0.55242944,1.3503658,92.55737
2010-06-05,3.3890686,2.7484436,0.09063721,0.3395996,,,14.595032,0.35148683,1.3099815,95.57048
2010-06-06,2.1234436,-0.4390564,-0.124572754,-0.24328613,,,1.3628006,0.2733249,-2.0440311,83.14754
2010-06-07,3.8265686,1.1234436,-0.017303467,-0.30322266,,,1.9407272,0.30371597,-1.6277997,82.52233
2010-06-08,4.287506,1.6078186,0.24145508,-0.06970215,,,1.78051,0.25131443,-0.28103516,82.72037
2010-06-09,4.2484436,0.9437561,0.12432861,-0.04498291,,,0.39196014,0.13221598,-0.34715396,79.08681
2010-06-10,4.7484436,0.7171936,0.2680664,0.25097656,,,0.34046173,0.3672177,0.7524844,75.13407
2010-06-11,4.131256,0.3578186,0.24523926,0.1673584,,,0.85926056,0.29690257,0.59883577,76.439064
2010-06-12,4.5609436,0.6546936,0.30908203,0.20361328,,,0.53691864,0.3701217,0.58251417,75.78181
2010-06-13,4.3109436,0.2640686,0.2668457,0.25048828,,,0.6709099,0.36599317,0.75379,74.97262
2010-06-14,4.1390686,0.6703186,0.24865723,0.15612793,,,1.9741058,0.29360917,0.5606706,78.14083
2010-06-15,5.4359436,2.8578186,0.21911621,0.064086914,,,4.1122437,0.22829597,0.28454268,83.46463
2010-06-16,6.600006,4.693756,0.26342773,0.18127441,,,7.9803467,0.31977272,0.6027199,87.63107
2010-06-17,6.2015686,4.8265686,0.41357422,0.42041016,,,9.742737,0.5897358,0.7935947,90.906456
2010-06-18,6.2796936,5.068756,0.28100586,0.044067383,,,8.644104,0.2844402,0.15555327,91.95644
2010-06-19,6.9828186,5.2171936,0.33666992,0.22888184,,,14.602661,0.40710384,0.59706753,88.52815
2010-06-20,6.7328186,5.4359436,0.38452148,0.1899414,,,4.6806335,0.42887586,0.4588106,91.437836
2010-06-21,7.0609436,6.0140686,0.2310791,0.32128906,,,18.173218,0.39575776,0.9472839,93.0537
2010-06-22,6.6390686,4.9203186,0.13171387,0.16503906,,,5.7792664,0.211155,0.8972291,88.78787
2010-06-23,6.8109436,5.3265686,0.17944336,0.27001953,,,8.094788,0.32420745,0.98425573,90.260956
2010-06-24,6.3265686,4.9828186,0.19909668,0.28320312,,,6.5727234,0.3461842,0.9580482,91.11325
2010-06-25,6.7015686,5.475006,0.3852539,0.29833984,,,6.7710876,0.48726505,0.6589339,91.88291
2010-06-26,7.2171936,5.8109436,0.22485352,0.17602539,,,9.872437,0.28555918,0.66419256,90.780464
2010-06-27,7.0140686,5.600006,0.26391602,0.25732422,,,9.239197,0.36860198,0.77275246,90.71703
2010-06-28,6.412506,5.1703186,0.28686523,0.1574707,,,7.0648193,0.32724407,0.5020261,91.76509
2010-06-29,6.6078186,5.2953186,0.08685303,0.24169922,,,8.056641,0.2568306,1.2258221,91.33045
2010-06-30,6.600006,5.006256,0.10821533,0.32885742,,,16.113281,0.3462048,1.2528926,89.56099
2010-07-01,5.9671936,4.9203186,0.037017822,0.2607422,,,10.498047,0.2633568,1.4297678,92.99462
2010-07-02,6.693756,5.6703186,0.2355957,0.35913086,,,6.6223145,0.4295117,0.9902033,93.18508
2010-07-03,7.0609436,6.0921936,0.25561523,0.37304688,,,8.865356,0.4522202,0.9700661,93.556946
2010-07-04,6.9203186,5.662506,0.27514648,0.35205078,,,10.635376,0.4468169,0.90740496,91.697914
2010-07-05,7.1859436,6.318756,0.4819336,0.3178711,,,11.71875,0.57732314,0.58307654,94.22038
2010-07-06,7.1078186,6.131256,0.33081055,0.2939453,,,9.605408,0.44253752,0.7264591,93.50887
2010-07-07,7.5296936,6.412506,0.3642578,0.29248047,,,15.136719,0.4671494,0.67653656,92.62949
2010-07-08,7.693756,6.9203186,0.45898438,0.30639648,,,14.022827,0.5518564,0.5886161,94.851036
2010-07-09,7.7796936,7.2796936,0.38598633,0.5083008,,,38.146973,0.6382438,0.9213279,96.646225
2010-07-10,6.0140686,4.8734436,-0.3359375,-0.56933594,,,68.54248,0.6610578,-2.1038685,92.39173
2010-07-11,4.7640686,2.9671936,-0.43725586,-0.68359375,,,63.11035,0.8114759,-2.139856,88.1385
2010-07-12,5.475006,4.537506,-0.04714966,-0.1060791,,,12.527466,0.1160856,-1.9890474,93.681435
2010-07-13,5.6859436,4.7953186,-0.13293457,-0.31835938,,,12.321472,0.344999,-1.9663495,93.99867
2010-07-14,6.037506,5.006256,-0.10357666,-0.37890625,,,12.519836,0.39280793,-1.8376343,93.09966
2010-07-15,7.0296936,6.3265686,0.107177734,-0.0670166,,,16.098022,0.12640527,-0.55880404,95.28486
2010-07-16,7.3578186,6.6546936,0.32641602,0.26464844,,,23.757935,0.42022163,0.6812738,95.296936
2010-07-17,7.506256,6.975006,0.3215332,0.15344238,,,16.906738,0.3562698,0.4452589,96.43231
2010-07-18,8.029694,7.475006,0.3869629,0.30371094,,,28.259277,0.49191526,0.6654396,96.29276
2010-07-19,6.6859436,6.3421936,-0.107666016,0.19616699,,,60.516357,0.223771,2.0727553,97.66334
2010-07-20,6.1703186,5.537506,0.41918945,0.38745117,,,12.542725,0.5708224,0.74607223,95.71859
2010-07-21,6.7640686,6.1859436,0.46679688,0.40014648,,,10.96344,0.6148305,0.7086693,96.100334
2010-07-22,7.631256,6.7796936,0.41015625,0.3310547,,,15.197754,0.5270914,0.6790812,94.34145
2010-07-23,8.287506,7.412506,0.41455078,0.4650879,,,19.958496,0.62302417,0.8427872,94.21926
2010-07-24,8.185944,7.412506,0.33325195,0.48388672,,,24.68872,0.58754,0.9676958,94.87069
2010-07-25,8.076569,7.5140686,0.60791016,0.48095703,,,23.452759,0.7751609,0.6693303,96.24281
2010-07-26,7.2328186,6.287506,0.45336914,0.6176758,,,20.996094,0.7662029,0.9376192,93.71677
2010-07-27,6.3265686,5.4515686,0.18457031,0.3486328,,,12.329102,0.39447564,1.0838971,94.13056
2010-07-28,7.693756,6.100006,0.36547852,0.23730469,,,6.2713623,0.43576148,0.57588196,89.647255
2010-07-29,7.5453186,6.568756,0.3552246,0.4243164,,,52.246094,0.55337954,0.87379855,93.530815
2010-07-30,5.4359436,4.975006,-0.021759033,-0.1772461,,,37.81128,0.17857668,-1.6929469,96.846825
2010-07-31,5.068756,4.6078186,0.043060303,-0.25195312,,,21.896362,0.25560626,-1.4015257,96.83763
2010-08-01,6.4828186,5.8890686,0.22937012,0.22387695,,,8.628845,0.3205176,0.7732792,95.987976
2010-08-02,6.256256,5.568756,0.30078125,0.27514648,,,15.167236,0.4076456,0.74091715,95.35944
2010-08-03,6.5453186,5.9203186,0.34692383,0.33203125,,,11.558533,0.48020923,0.76346713,95.78289
2010-08-04,7.068756,6.068756,0.3022461,0.37890625,,,47.454834,0.4846882,0.89747137,93.35577
2010-08-05,6.5453186,5.975006,0.17663574,0.055877686,,,20.15686,0.18526332,0.30638316,96.14551
2010-08-06,7.2953186,6.1234436,0.2697754,0.16003418,,,14.976501,0.31367132,0.53541386,92.26744
2010-08-07,6.9828186,6.1234436,0.26171875,0.24914551,,,14.49585,0.36134496,0.7607914,94.26205
2010-08-08,7.225006,6.0453186,0.24230957,0.14770508,,,14.312744,0.28377935,0.54742783,92.21351
2010-08-09,7.131256,6.068756,0.21765137,0.13427734,,,12.374878,0.25573918,0.5527807,92.95717
2010-08-10,7.3109436,6.4046936,0.22619629,0.31323242,,,10.406494,0.3863668,0.9453682,93.972984
2010-08-11,7.287506,6.4203186,0.23840332,0.4597168,,,11.558533,0.5178568,1.0923896,94.22494
2010-08-12,7.1390686,6.4046936,0.2722168,0.4152832,,,12.001038,0.49655023,0.9905667,95.08414
2010-08-13,7.100006,6.3109436,0.23754883,0.33618164,,,11.131287,0.41164005,0.95564884,94.72516
2010-08-14,7.8578186,6.7796936,0.26879883,0.5078125,,,13.084412,0.57456625,1.0839634,92.89685
2010-08-15,7.9203186,7.1546936,0.33740234,0.5654297,,,16.983032,0.65844595,1.0327932,94.91083
2010-08-16,7.8578186,7.4359436,0.4489746,0.37646484,,,27.053833,0.58592147,0.69777924,97.16536
2010-08-17,7.5140686,6.8578186,0.35205078,0.42358398,,,42.72461,0.5507841,0.8773634,95.60965
2010-08-18,6.8890686,6.4984436,0.20202637,0.33398438,,,34.240723,0.39033347,1.0267833,97.35272
2010-08-19,6.7328186,6.1546936,0.23913574,0.24743652,,,25.161743,0.3441086,0.8024562,96.09938
2010-08-20,6.631256,6.006256,0.55078125,0.30029297,,,20.141602,0.62732434,0.49916035,95.78573
2010-08-21,6.5453186,6.0140686,0.35498047,0.3544922,,,24.658203,0.50167304,0.78470993,96.40526
2010-08-22,6.5765686,5.8734436,0.31274414,0.3161621,,,36.193848,0.44471043,0.7908329,95.26812
2010-08-23,5.5140686,4.4359436,-0.24987793,-0.23669434,,,33.02002,0.34418482,-2.3832827,92.76697
2010-08-24,5.2953186,4.4203186,-0.062805176,0.1842041,,,17.471313,0.19461665,1.89939,94.0831
2010-08-25,4.9984436,4.381256,-0.036468506,-0.12792969,,,11.482239,0.13302615,-1.8484973,95.78355
2010-08-26,6.5609436,5.5609436,0.16235352,0.049194336,,,9.124756,0.169643,0.29421368,93.32957
2010-08-27,7.1703186,6.4515686,0.31762695,0.34887695,,,15.991211,0.47180718,0.8322503,95.18764
2010-08-28,6.9671936,6.5609436,0.37231445,0.4501953,,,13.389587,0.5842036,0.87980354,97.24983
2010-08-29,7.2328186,6.5140686,0.27026367,0.30737305,,,16.281128,0.40929285,0.84955347,95.18999
2010-08-30,6.6546936,6.1234436,0.28881836,0.31030273,,,32.409668,0.42391488,0.82124263,96.408356
2010-08-31,6.412506,5.8890686,0.32080078,0.24035645,,,14.24408,0.40085453,0.6430139,96.45357
2011-06-01,2.2640686,0.8187561,-0.04901123,-0.09063721,,,6.465912,0.103039816,-2.0665028,90.16792
2011-06-02,2.1234436,0.3890686,-0.025985718,-0.17150879,,,1.9044876,0.1734662,-1.7211652,88.29503
2011-06-03,2.5453186,-0.5796814,-0.018203735,-0.1784668,,,1.1234283,0.17939278,-1.6724454,79.86687
2011-06-04,2.725006,-1.1578064,0.019622803,-0.10015869,,,0.9007454,0.102062814,-1.3773297,75.59438
2011-06-05,3.2015686,0.3187561,0.074157715,-0.11834717,,,2.954483,0.1396618,-1.0110389,81.3776
2011-06-06,3.6234436,0.3890686,0.25952148,0.05407715,,,1.7900467,0.2650957,0.20543295,79.39471
2011-06-07,2.9203186,0.1859436,0.25073242,0.28295898,,,2.5615692,0.3780642,0.8457092,82.218506
2011-06-08,2.1859436,0.5765686,0.058135986,0.20043945,,,5.92041,0.20870018,1.2884996,89.10132
2011-06-09,2.9984436,0.9671936,0.076416016,0.21264648,,,4.737854,0.22596003,1.22581,86.5081
2011-06-10,3.287506,0.8500061,0.12670898,0.072021484,,,4.131317,0.14574724,0.51686066,84.04668
2011-06-11,3.693756,2.693756,0.084350586,0.08282471,,,9.170532,0.11821571,0.776271,93.17877
2011-06-12,4.7953186,3.3265686,0.103637695,0.06707764,,,7.8201294,0.12345113,0.5744269,90.20901
2011-06-13,5.2796936,4.1546936,0.17260742,0.21044922,,,10.375977,0.27218044,0.8838677,92.44955
2011-06-14,5.5296936,4.2328186,0.28100586,0.24804688,,,9.468079,0.37482202,0.7231805,91.35824
2011-06-15,5.193756,3.756256,0.15466309,0.08270264,,,6.954193,0.17538641,0.4910423,90.43748
2011-06-16,6.4359436,5.0765686,0.16809082,0.105041504,,,9.69696,0.19821262,0.558534,91.0217
2011-06-17,6.4828186,5.0296936,0.24108887,0.13134766,,,11.299133,0.27454698,0.49884993,90.433075
2011-06-18,6.256256,5.100006,0.26464844,-0.055480957,,,17.959595,0.27040142,-0.20664759,92.30558
2011-06-19,6.1546936,5.2640686,0.27001953,0.13708496,,,24.32251,0.30282477,0.469777,94.02058
2011-06-20,6.693756,5.7796936,0.20446777,0.33544922,,,11.558533,0.3928527,1.0233959,93.89326
2011-06-21,6.9359436,6.1390686,0.13549805,0.16894531,,,9.315491,0.21656924,0.894823,94.667366
2011-06-22,7.0296936,5.9828186,0.27392578,0.24316406,,,10.765076,0.36628416,0.7259781,93.052025
2011-06-23,7.1078186,6.131256,0.21679688,0.09423828,,,9.902954,0.23639318,0.410045,93.50887
2011-06-24,7.9046936,6.5609436,0.38867188,0.30639648,,,21.514893,0.49491882,0.6675762,91.21992
2011-06-25,6.381256,5.3578186,0.074035645,-0.2763672,,,30.807495,0.28611204,-1.3090534,93.168564
2011-06-26,7.0609436,6.0140686,0.24243164,0.14257812,,,16.433716,0.28125012,0.53163606,93.0537
2011-06-27,7.225006,6.131256,0.32495117,0.27929688,,,24.353027,0.42848572,0.70998585,92.76207
2011-06-28,5.9828186,5.100006,0.0340271,0.17944336,,,25.604248,0.18264107,1.3833956,94.06367
2011-06-29,6.131256,5.506256,0.083862305,0.51416016,,,23.452759,0.52095443,1.4091146,95.76914
2011-06-30,5.818756,5.0140686,-0.15100098,0.24914551,,,38.848877,0.29133275,2.1156712,94.56917
2011-07-01,5.1390686,4.2171936,-0.31103516,-0.19091797,,,23.68164,0.36495554,-2.591077,93.767456
2011-07-02,5.5140686,4.443756,-0.20922852,-0.36816406,,,42.44995,0.42346352,-2.0875826,92.817665
2011-07-03,6.5296936,5.8734436,0.18151855,0.12200928,,,13.725281,0.21871272,0.59179515,95.575676
2011-07-04,6.037506,5.2953186,-0.033935547,-0.13049316,,,18.218994,0.13483356,-1.825217,94.990036
2011-07-05,5.818756,5.1078186,0.23632812,0.27661133,,,25.512695,0.36381975,0.8637713,95.18817
2011-07-06,5.9671936,5.5140686,0.37719727,0.2548828,,,21.148682,0.45523953,0.5942497,96.91255
2011-07-07,5.9046936,5.5296936,0.4206543,0.54589844,,,17.593384,0.6891699,0.9142583,97.437515
2011-07-08,6.256256,5.5921936,0.2932129,0.29052734,,,10.528564,0.41277105,0.7807976,95.51445
2011-07-09,6.6546936,5.8421936,0.32617188,0.2578125,,,8.987427,0.4157588,0.66887164,94.553444
2011-07-10,6.9046936,5.7640686,0.33447266,0.21130371,,,7.873535,0.39562762,0.56343985,92.44387
2011-07-11,7.3734436,6.0609436,0.36157227,0.31933594,,,9.346008,0.48240018,0.7234481,91.381165
2011-07-12,7.3421936,6.287506,0.3947754,0.33398438,,,6.706238,0.51710075,0.70217377,93.01869
2011-07-13,7.1390686,6.568756,0.36523438,0.2932129,,,21.560669,0.46836945,0.6764505,96.16344
2011-07-14,6.5296936,5.8890686,0.16662598,0.13903809,,,29.220581,0.21701568,0.69538647,95.67897
2011-07-15,6.4828186,5.818756,0.20800781,0.29907227,,,12.268066,0.36429587,0.96309,95.52242
2011-07-16,6.600006,5.7015686,0.23217773,0.3166504,,,10.139465,0.39264992,0.93811435,93.990425
2011-07-17,6.8734436,5.693756,0.21875,0.15270996,,,10.688782,0.2667806,0.6094515,92.19242
2011-07-18,7.193756,6.4515686,0.3046875,0.20019531,,,10.787964,0.36457184,0.58131623,95.03513
2011-07-19,7.7328186,6.9203186,0.24450684,0.4284668,,,23.635864,0.4933228,1.0522333,94.59895
2011-07-20,7.287506,6.8265686,0.4892578,0.4650879,,,20.462036,0.6750407,0.7600774,96.89262
2011-07-21,7.5609436,6.725006,0.43530273,0.29418945,,,12.565613,0.5253912,0.59431773,94.439644
2011-07-22,7.600006,6.5453186,0.44848633,0.41796875,,,32.25708,0.6130562,0.7501915,93.032555
2011-07-23,7.3265686,6.8890686,0.2208252,0.47216797,,,30.014038,0.5212546,1.1333344,97.04943
2011-07-24,6.4046936,6.0921936,0.32177734,0.24694824,,,28.457642,0.4056157,0.65457636,97.868996
2011-07-25,7.0453186,6.287506,0.40478516,0.21862793,,,19.882202,0.46005347,0.49521732,94.927124
2011-07-26,6.6234436,6.193756,0.56152344,0.53027344,,,17.837524,0.77233315,0.7567834,97.08532
2011-07-27,6.0140686,5.475006,0.28930664,0.3137207,,,29.800415,0.42675403,0.8258619,96.33796
2011-07-28,6.568756,5.9828186,0.36108398,0.28759766,,,16.342163,0.4616211,0.6725934,96.0425
2011-07-29,7.1390686,6.7171936,0.5102539,0.43652344,,,14.1067505,0.6714996,0.7076798,97.14926
2011-07-30,7.756256,7.2015686,0.4975586,0.47436523,,,15.25116,0.6874496,0.76153934,96.28482
2011-07-31,7.787506,7.3109436,0.34448242,0.3803711,,,19.851685,0.5131767,0.8348694,96.801384
2011-08-01,7.818756,7.2953186,0.43554688,0.5390625,,,26.2146,0.69302917,0.8912139,96.49256
2011-08-02,7.5921936,6.9671936,0.16918945,0.63964844,,,27.435303,0.6616458,1.3122143,95.81734
2011-08-03,7.1390686,6.412506,0.28979492,0.37695312,,,15.419006,0.4754732,0.91538244,95.13529
2011-08-04,7.5921936,6.881256,0.26611328,0.27392578,,,13.656616,0.38190523,0.7998637,95.25448
2011-08-05,7.256256,6.193756,0.11590576,0.12237549,,,44.0979,0.16855238,0.8125431,92.96396
2011-08-06,6.225006,5.5609436,-0.032073975,-0.21508789,,,40.893555,0.21746618,-1.7188258,95.51335
2011-08-07,6.318756,5.4359436,0.13830566,0.022201538,,,15.975952,0.14007628,0.15916727,94.07919
2011-08-08,6.7796936,5.6546936,0.39990234,0.19799805,,,13.343811,0.44623438,0.45973277,92.53668
2011-08-09,6.6546936,5.7640686,0.39746094,0.3449707,,,11.8637085,0.52628887,0.7148152,94.043816
2011-08-10,6.693756,5.6234436,0.4296875,0.30566406,,,13.702393,0.52731574,0.61831194,92.883026
2011-08-11,6.0609436,5.4046936,0.5151367,0.3623047,,,21.636963,0.6297861,0.612949,95.559364
2011-08-12,5.6859436,4.7640686,0.54296875,0.27783203,,,8.69751,0.6099227,0.47295633,93.79401
2011-08-13,6.8578186,5.4203186,0.31518555,0.49658203,,,19.012451,0.58816296,1.0052451,90.55856
2011-08-14,5.9828186,4.9203186,0.04776001,0.34838867,,,12.756348,0.3516471,1.4345572,92.894295
2011-08-15,6.0609436,5.225006,0.113708496,0.27954102,,,11.772156,0.3017827,1.1844686,94.37429
2011-08-16,6.4671936,5.787506,0.5083008,0.52734375,,,16.38794,0.73243505,0.80378366,95.41867
2011-08-17,6.2484436,5.787506,0.4814453,0.50439453,,,19.424438,0.6972829,0.8086728,96.867035
2011-08-18,5.9203186,5.2640686,0.15441895,0.46435547,,,19.195557,0.48935795,1.2497557,95.55445
2011-08-19,4.881256,4.443756,0.27392578,0.22949219,,,27.999878,0.35735416,0.6973625,96.99178
2011-08-20,5.5921936,4.7484436,0.18017578,0.11999512,,,8.392334,0.21647665,0.5875334,94.30222
2011-08-21,6.787506,5.3734436,0.2775879,0.19055176,,,7.873535,0.33669722,0.6015778,90.70095
2011-08-22,7.2328186,6.5921936,0.23352051,0.1862793,,,26.428223,0.29871693,0.6733369,95.70272
2011-08-23,5.881256,5.162506,-0.041625977,-0.2697754,,,32.37915,0.2729679,-1.7238877,95.13884
2011-08-24,6.7640686,5.881256,0.14355469,0.1607666,,,16.906738,0.21553154,0.84189636,94.099686
2011-08-25,6.5296936,5.6703186,0.15222168,0.18603516,,,19.77539,0.24037579,0.8850311,94.24176
2011-08-26,6.3265686,5.3890686,0.3701172,0.4260254,,,22.323608,0.56434417,0.85550696,93.72321
2011-08-27,6.1234436,4.7796936,0.44262695,0.42016602,,,9.475708,0.61029345,0.7593712,91.09938
2011-08-28,6.225006,5.3421936,0.40014648,0.40600586,,,10.612488,0.57005084,0.7926664,94.07487
2011-08-29,6.256256,5.1078186,0.4482422,0.44482422,,,9.780884,0.6314979,0.781571,92.35576
2011-08-30,6.693756,5.818756,0.38354492,0.4494629,,,13.069153,0.5908668,0.8643661,94.147316
2011-08-31,6.600006,5.725006,0.4152832,0.29248047,,,24.032593,0.5079419,0.61360043,94.14305
2012-06-01,6.0140686,4.318756,0.17822266,0.31152344,,,22.644043,0.35890132,1.051144,88.88038
2012-06-02,4.756256,3.287506,0.13220215,0.22729492,,,9.056091,0.2629456,1.0439917,90.20607
2012-06-03,3.6078186,1.2796936,0.20983887,0.36938477,,,4.6310425,0.42482638,1.0541807,84.74766
2012-06-04,2.9046936,-1.0953064,0.18322754,0.08746338,,,1.5926361,0.20303245,0.44536272,74.980095
2012-06-05,2.9984436,0.2484436,0.23168945,0.04916382,,,4.257202,0.23684822,0.20909551,82.135864
2012-06-06,3.3265686,0.3500061,0.1661377,-0.087524414,,,3.1490326,0.18778247,-0.48487154,80.84501
2012-06-07,4.162506,2.037506,0.113098145,-0.07739258,,,4.9209595,0.13704306,-0.60010827,86.04943
2012-06-08,4.8421936,2.2328186,0.23950195,0.15014648,,,1.9874573,0.282675,0.5599725,83.20659
2012-06-09,4.7484436,1.8109436,0.37695312,0.22180176,,,1.8138885,0.43736675,0.5318514,81.269714
2012-06-10,4.5765686,2.037506,0.43066406,0.45385742,,,2.8266907,0.62566614,0.8116135,83.59183
2012-06-11,5.0140686,2.631256,0.27563477,0.1328125,,,2.538681,0.30596355,0.44901624,84.57828
2012-06-12,5.287506,2.8890686,0.3251953,0.1227417,,,3.0117035,0.34758812,0.36090806,84.51604
2012-06-13,6.7484436,4.943756,0.37939453,0.1920166,,,6.9999695,0.42521828,0.46852624,88.26737
2012-06-14,7.6859436,5.475006,0.48950195,0.29858398,,,5.302429,0.57337993,0.5477218,85.8992
2012-06-15,7.631256,6.0140686,0.47851562,0.2626953,,,7.4310303,0.545881,0.50205946,89.49739
2012-06-16,7.7171936,6.006256,0.40966797,0.3798828,,,8.895874,0.5586938,0.74769187,88.9268
2012-06-17,7.4046936,6.318756,0.42211914,0.65478516,,,18.28003,0.77905595,0.9981785,92.82204
2012-06-18,6.131256,5.381256,0.16833496,0.0060806274,,,17.410278,0.16844475,0.03610649,94.942215
2012-06-19,6.600006,5.6078186,0.3149414,0.21850586,,,9.460449,0.38331828,0.6065517,93.382126
2012-06-20,7.3421936,6.225006,0.31567383,0.27856445,,,12.176514,0.42100847,0.7230305,92.61885
2012-06-21,7.3578186,6.4359436,0.38305664,0.31982422,,,17.700195,0.49901897,0.6956779,93.87417
2012-06-22,7.350006,6.5765686,0.41674805,0.29467773,,,15.296936,0.5104056,0.6154675,94.83724
2012-06-23,7.412506,6.6703186,0.44018555,0.48266602,,,20.004272,0.65324557,0.8313974,95.043594
2012-06-24,6.2171936,5.4828186,0.1887207,0.20910645,,,22.567749,0.28167537,0.8365961,95.04858
2012-06-25,6.350006,5.7328186,0.18884277,0.8066406,,,44.21997,0.82845074,1.3408278,95.828224
2012-06-26,5.4203186,4.4671936,0.42797852,0.71484375,,,13.679504,0.83316696,1.0313317,93.57645
2012-06-27,5.412506,4.5453186,0.28198242,0.25708008,,,6.67572,0.38158125,0.73923534,94.1399
2012-06-28,6.2484436,5.4359436,0.23706055,0.24304199,,,13.35907,0.3395101,0.7978562,94.53614
2012-06-29,6.8265686,5.8421936,0.20581055,0.15258789,,,14.129639,0.25620508,0.6379742,93.444214
2012-06-30,7.381256,6.2953186,0.23132324,0.3095703,,,7.7400208,0.3864508,0.9290641,92.82074
2012-07-01,7.100006,6.3578186,0.29174805,0.37304688,,,13.305664,0.47358304,0.90708554,95.0315
2012-07-02,7.3578186,6.4515686,0.36254883,0.3190918,,,11.062622,0.48297125,0.7217307,93.97517
2012-07-03,7.068756,6.3890686,0.41308594,0.31274414,,,15.945435,0.5181205,0.6480247,95.4402
2012-07-04,6.6078186,5.975006,0.4230957,0.3166504,,,20.141602,0.52846706,0.6424848,95.73328
2012-07-05,6.9671936,6.1234436,0.14709473,0.35498047,,,19.195557,0.3842499,1.1779602,94.36304
2012-07-06,6.4984436,5.5609436,0.15258789,0.46606445,,,19.424438,0.4904071,1.2543983,93.7316
2012-07-07,6.0921936,5.4046936,0.16674805,0.4128418,,,12.199402,0.44524518,1.1869298,95.35347
2012-07-08,6.6234436,5.5296936,0.20446777,0.19799805,,,10.429382,0.2846231,0.7693243,92.72838
2012-07-09,7.1234436,5.9046936,0.25805664,0.32080078,,,11.054993,0.4117115,0.8933697,91.95884
2012-07-10,7.0609436,6.1703186,0.36523438,0.30639648,,,11.001587,0.47673362,0.6980167,94.06259
2012-07-11,7.2953186,6.5140686,0.41601562,0.39624023,,,14.686584,0.57452184,0.7610567,94.784096
2012-07-12,7.4203186,6.975006,0.36889648,0.56884766,,,15.457153,0.67799133,0.99547786,96.99967
2012-07-13,6.9359436,6.2796936,0.04067993,0.24267578,,,47.51587,0.24606176,1.4047097,95.589745
2012-07-14,6.975006,6.162506,0.3149414,0.43017578,,,11.512756,0.53314096,0.93883526,94.56702
2012-07-15,6.225006,5.1859436,-0.16052246,0.08831787,,,43.518066,0.18321438,2.6386034,93.05914
2012-07-16,5.475006,4.600006,-0.14355469,-0.19616699,,,9.971619,0.2430832,-2.2025464,94.091415
2012-07-17,6.225006,5.4359436,-0.096191406,-0.32080078,,,6.591797,0.33491182,-1.8621135,94.689
2012-07-18,7.4828186,6.6546936,0.05831909,0.04437256,,,25.161743,0.07328056,0.6504142,94.48697
2012-07-19,6.7484436,5.5296936,-0.24658203,0.02798462,,,35.858154,0.24816494,3.0285861,91.93562
2012-07-20,6.9359436,6.2171936,0.21240234,0.41845703,,,10.681152,0.46927714,1.1010995,95.178825
2012-07-21,7.2953186,6.3578186,0.28808594,0.12780762,,,9.963989,0.3151639,0.41755578,93.77025
2012-07-22,8.029694,7.2953186,0.32714844,0.26000977,,,18.76831,0.41788897,0.67154753,95.11814
2012-07-23,8.014069,7.4359436,0.38745117,0.35205078,,,19.638062,0.5235056,0.7375641,96.13836
2012-07-24,7.6546936,6.881256,0.2841797,0.5654297,,,26.992798,0.6328261,1.1050783,94.84947
2012-07-25,7.0609436,6.350006,0.44580078,0.48535156,,,16.479492,0.6590178,0.8278477,95.23476
2012-07-26,7.5140686,6.7171936,0.43139648,0.38061523,,,22.583008,0.5753007,0.72294194,94.69132
2012-07-27,7.2015686,6.600006,0.4675293,0.4934082,,,33.843994,0.6797318,0.81232256,95.959015
2012-07-28,7.2796936,6.6703186,0.45263672,0.47314453,,,19.500732,0.65478677,0.80754644,95.91
2012-07-29,7.3421936,6.9046936,0.5239258,0.6411133,,,21.865845,0.82796407,0.8856477,97.049805
2012-07-30,7.443756,6.8109436,0.4873047,0.44995117,,,16.021729,0.6632661,0.7455651,95.76113
2012-07-31,7.7796936,7.100006,0.48779297,0.38232422,,,18.997192,0.61976916,0.6647745,95.465454
2012-08-01,7.9984436,7.5453186,0.4038086,0.30029297,,,17.944336,0.5032268,0.6394259,96.961586
2012-08-02,7.9359436,7.443756,0.35498047,0.44873047,,,35.91919,0.5721627,0.9015198,96.7019
2012-08-03,6.0453186,5.443756,0.17687988,0.122802734,,,32.74536,0.21532999,0.60687125,95.92214
2012-08-04,6.3421936,5.6390686,0.41186523,0.2692871,,,8.18634,0.49208587,0.5790583,95.25942
2012-08-05,6.8265686,5.600006,0.34228516,0.27319336,,,9.399414,0.43794262,0.67360914,91.89071
2012-08-06,6.8734436,5.5609436,0.28076172,0.24023438,,,11.047363,0.3695128,0.7077663,91.34809
2012-08-07,7.2015686,5.9046936,0.27856445,0.27661133,,,9.796143,0.392571,0.78188014,91.46856
2012-08-08,6.943756,6.068756,0.37475586,0.52490234,,,19.241333,0.644953,0.95076686,94.15869
2012-08-09,6.1390686,5.1390686,0.28564453,0.19165039,,,12.084961,0.3439806,0.5909553,93.30769
2012-08-10,6.5296936,4.8109436,0.31958008,0.21362305,,,6.298065,0.38440374,0.58923566,88.77859
2012-08-11,6.4828186,5.600006,0.45776367,0.37280273,,,13.961792,0.59036386,0.68345994,94.08676
2012-08-12,6.1390686,5.0765686,0.3791504,0.4814453,,,13.717651,0.61281693,0.9037083,92.90289
2012-08-13,6.0765686,5.162506,0.22607422,0.35058594,,,10.520935,0.4171571,0.9980523,93.86385
2012-08-14,6.568756,5.381256,0.19372559,0.16149902,,,8.979797,0.25221327,0.6949242,92.1241
2012-08-15,6.8890686,5.5453186,0.30395508,0.23291016,,,6.8626404,0.38293058,0.65382975,91.15149
2012-08-16,7.6390686,6.1859436,0.2998047,0.29858398,,,9.414673,0.42312557,0.78335816,90.51705
2012-08-17,7.6234436,6.6859436,0.41333008,0.39624023,,,25.177002,0.5725802,0.7642915,93.78606
2012-08-18,7.3890686,6.7171936,0.38745117,0.14294434,,,18.203735,0.4129788,0.3534429,95.50284
2012-08-19,7.2484436,6.3109436,0.45703125,0.33154297,,,13.076782,0.5646223,0.6275883,93.76798
2012-08-20,6.100006,5.287506,0.38232422,0.17736816,,,13.893127,0.42146325,0.43436998,94.52979
2012-08-21,6.7328186,5.756256,0.3713379,0.41674805,,,14.297485,0.5581852,0.84295535,93.489975
2012-08-22,5.943756,5.2015686,0.18664551,0.41186523,,,19.699097,0.45218307,1.1453083,94.98636
2012-08-23,5.1703186,4.568756,0.033721924,-0.067993164,,,11.276245,0.07589623,-1.1103855,95.893906
2012-08-24,6.4046936,5.3421936,0.19543457,0.29956055,,,12.046814,0.3576747,0.9927328,92.91748
2012-08-25,6.1390686,5.287506,0.3791504,0.35986328,,,11.657715,0.5227395,0.75930566,94.27535
2012-08-26,6.2796936,5.256256,0.4091797,0.44848633,,,11.299133,0.60709804,0.8311959,93.16318
2012-08-27,6.3734436,5.3734436,0.35253906,0.38671875,,,9.757996,0.52329266,0.83160037,93.31986
2012-08-28,6.756256,5.5765686,0.26000977,0.32470703,,,8.895874,0.41598046,0.8955971,92.18536
2012-08-29,6.537506,5.131256,0.26660156,0.2512207,,,9.124756,0.36631712,0.7557039,90.73245
2012-08-30,6.4359436,5.225006,0.24682617,0.19714355,,,7.610321,0.31589356,0.6739564,91.966125
2012-08-31,6.7953186,5.600006,0.3178711,0.24621582,,,11.070251,0.40207493,0.6590461,92.087975
2013-06-01,3.1390686,1.9437561,-0.13586426,-0.048919678,,,10.826111,0.14440301,-2.7959814,91.86055
2013-06-02,3.2953186,1.8187561,-0.008392334,-0.19873047,,,2.4967194,0.19890758,-1.613001,90.044914
2013-06-03,3.975006,2.1078186,0.0066566467,-0.21813965,,,1.4810562,0.2182412,-1.5402902,87.62692
2013-06-04,4.256256,2.381256,-0.07019043,-0.24047852,,,2.8038025,0.2505127,-1.8547853,87.604645
2013-06-05,5.9046936,4.2640686,0.092163086,0.13684082,,,10.986328,0.16498317,0.9780739,89.212265
2013-06-06,5.912506,5.193756,0.16540527,0.31079102,,,10.215759,0.35206527,1.0817161,95.14003
2013-06-07,5.725006,4.4984436,0.1060791,0.043121338,,,8.743286,0.11450863,0.3860987,91.821594
2013-06-08,5.9984436,4.7015686,0.07165527,-0.0881958,,,11.054993,0.11363528,-0.8885058,91.38938
2013-06-09,7.412506,5.3265686,0.010627747,-0.10601807,,,10.726929,0.10654942,-1.4708854,86.619545
2013-06-10,7.8421936,5.850006,0.000813961,0.0030879974,,,26.351929,0.0031934716,1.3130698,87.226166
2013-06-11,6.6390686,5.4515686,0.3869629,0.2746582,,,10.261536,0.4745286,0.6172591,92.12836
2013-06-12,6.1546936,4.9046936,0.39160156,0.3256836,,,9.925842,0.50933444,0.69375634,91.6988
2013-06-13,5.256256,4.3421936,0.43530273,0.34155273,,,13.130188,0.55330527,0.66530013,93.82445
2013-06-14,5.600006,4.100006,0.40527344,0.42529297,,,10.665894,0.5874697,0.80949694,90.07167
2013-06-15,4.912506,4.1390686,0.13427734,0.578125,,,17.242432,0.593514,1.3425792,94.73781
2013-06-16,4.4359436,3.7328186,-0.037719727,0.4333496,,,24.093628,0.4349881,1.6576197,95.1878
2013-06-17,5.006256,4.4046936,0.30297852,0.5522461,,,19.927979,0.6298982,1.069006,95.88858
2013-06-18,4.8421936,3.725006,0.22192383,0.19421387,,,18.951416,0.29490542,0.7189079,92.474655
2013-06-19,4.4046936,3.4671936,-0.23205566,-0.36865234,,,17.196655,0.43560806,-2.1326036,93.62834
2013-06-20,5.4359436,4.4984436,0.02015686,-0.3190918,,,5.8288574,0.3197278,-1.5077107,93.67951
2013-06-21,6.9984436,6.1390686,0.18115234,0.053466797,,,21.087646,0.18887793,0.28699973,94.26274
2013-06-22,7.0765686,6.3109436,0.21105957,0.14221191,,,18.859863,0.25450024,0.5929247,94.87728
2013-06-23,7.1703186,6.4828186,0.42260742,0.3095703,,,15.205383,0.52386147,0.6322227,95.39254
2013-06-24,7.037506,6.3578186,0.3840332,0.36279297,,,16.63208,0.5282994,0.75696516,95.43909
2013-06-25,7.5921936,6.5140686,0.3671875,0.2902832,,,11.688232,0.46807158,0.66895735,92.8823
2013-06-26,7.5296936,6.3890686,0.3005371,0.38330078,,,12.176514,0.487075,0.9058406,92.48015
2013-06-27,7.4828186,6.8265686,0.29077148,0.68896484,,,18.432617,0.74781054,1.1714345,95.608574
2013-06-28,7.350006,6.3734436,0.19787598,0.44921875,,,21.896362,0.49086902,1.1558797,93.52103
2013-06-29,7.6859436,6.7328186,0.26879883,0.3972168,,,12.59613,0.47961858,0.97587585,93.68851
2013-06-30,7.6078186,6.7796936,0.31054688,0.30273438,,,12.687683,0.43369052,0.77266,94.492325
2013-07-01,7.6859436,6.7796936,0.31347656,0.34960938,,,12.6953125,0.46956816,0.83983624,93.99048
2013-07-02,7.631256,6.8421936,0.33398438,0.3857422,,,13.999939,0.5102378,0.85718775,94.746925
2013-07-03,7.631256,6.7328186,0.40039062,0.45263672,,,15.762329,0.6043117,0.8465696,94.03836
2013-07-04,7.7015686,7.1390686,0.3720703,0.34204102,,,47.27173,0.5053992,0.74337167,96.231766
2013-07-05,6.6703186,6.1546936,-0.004600525,0.0088272095,,,36.315918,0.009954117,2.0512404,96.51277
2013-07-06,6.4203186,5.818756,0.18603516,0.15148926,,,30.715942,0.23991264,0.68340254,95.93415
2013-07-07,6.4046936,5.850006,0.36279297,0.22827148,,,31.921387,0.42863342,0.5616181,96.24518
2013-07-08,6.4671936,6.006256,0.31054688,0.40551758,,,29.968262,0.51076794,0.9172573,96.87245
2013-07-09,6.3578186,5.8421936,0.36450195,0.4152832,,,29.541016,0.5525593,0.85042846,96.50417
2013-07-10,6.3109436,5.9359436,0.28198242,0.34448242,,,18.081665,0.44517663,0.8848353,97.44575
2013-07-11,6.8109436,6.2015686,0.3310547,0.39086914,,,13.8168335,0.5122264,0.8680636,95.894936
2013-07-12,7.131256,6.4828186,0.4921875,0.41503906,,,18.478394,0.64382136,0.70056456,95.64788
2013-07-13,6.4671936,5.8421936,0.19970703,-0.01576233,,,27.191162,0.2003281,-0.07876398,95.780304
2013-07-14,7.4359436,6.6234436,0.27905273,0.24243164,,,15.556335,0.36965325,0.7152885,94.58648
2013-07-15,7.506256,6.881256,0.35864258,0.3996582,,,23.132324,0.53698343,0.8394344,95.81453
2013-07-16,7.537506,6.7796936,0.49291992,0.4777832,,,20.553589,0.6864742,0.76980585,94.94655
2013-07-17,7.006256,6.4984436,0.48706055,0.29956055,,,24.459839,0.5718081,0.5514032,96.57387
2013-07-18,7.537506,7.0296936,0.45166016,0.44506836,,,26.794434,0.63409996,0.7780473,96.58814
2013-07-19,6.7796936,6.287506,0.20910645,0.47607422,,,31.143188,0.5199732,1.1569341,96.67179
2013-07-20,6.5765686,6.0140686,0.40478516,0.2770996,,,13.496399,0.49054584,0.60028803,96.19834
2013-07-21,7.381256,6.3578186,0.33398438,0.33911133,,,33.203125,0.47596434,0.793015,93.22123
2013-07-22,5.662506,4.7796936,-0.026016235,-0.18652344,,,39.82544,0.18832907,-1.7093819,94.04881
2013-07-23,6.350006,5.787506,0.27392578,0.107177734,,,12.023926,0.2941469,0.3729541,96.19156
2013-07-24,6.412506,5.8734436,0.43115234,0.38916016,,,21.499634,0.58080804,0.73425233,96.34944
2013-07-25,6.4828186,5.8421936,0.3857422,0.38964844,,,15.884399,0.5482909,0.7904359,95.67738
2013-07-26,7.006256,6.1546936,0.35302734,0.25634766,,,10.749817,0.43628252,0.62805575,94.3139
2013-07-27,7.4671936,6.3890686,0.31201172,0.17907715,,,20.935059,0.35974982,0.52104,92.87544
2013-07-28,7.4359436,6.4515686,0.12670898,0.04360962,,,24.429321,0.1340036,0.33147296,93.475075
2013-07-29,7.818756,6.5296936,0.2244873,0.12438965,,,24.230957,0.25664634,0.50598973,91.55794
2013-07-30,7.5140686,6.350006,0.2631836,0.15576172,,,13.763428,0.30582237,0.53439546,92.3301
2013-07-31,7.0453186,6.1234436,0.46704102,0.33325195,,,18.615723,0.5737457,0.61975485,93.85931
2013-08-01,6.5609436,5.7640686,0.36767578,0.20288086,,,29.724121,0.41993585,0.50421864,94.65174
2013-08-02,6.225006,5.5921936,0.22216797,0.013908386,,,17.608643,0.2226029,0.06252143,95.72043
2013-08-03,6.568756,5.5140686,0.26904297,0.22497559,,,10.513306,0.3507109,0.69643176,92.97683
2013-08-04,6.9203186,5.7484436,0.3239746,0.2692871,,,11.253357,0.42127794,0.69347686,92.245094
2013-08-05,6.850006,5.7015686,0.3762207,0.52246094,,,15.136719,0.64382255,0.9467117,92.3907
2013-08-06,6.6859436,6.287506,0.5053711,0.48046875,,,17.211914,0.6973164,0.7601435,97.296074
2013-08-07,7.037506,6.4828186,0.28344727,0.33154297,,,21.1792,0.4361916,0.863445,96.26382
2013-08-08,6.7328186,6.0609436,0.28955078,0.3173828,,,21.530151,0.42961785,0.83122283,95.479675
2013-08-09,6.0296936,5.2015686,0.14318848,0.08709717,,,16.51001,0.16759731,0.54647774,94.42418
2013-08-10,6.1703186,5.662506,0.15112305,0.2454834,,,26.168823,0.2882712,1.0189749,96.55122
2013-08-11,6.7484436,5.881256,0.24816895,0.21276855,,,15.098572,0.32689184,0.70874774,94.200676
2013-08-12,6.4828186,5.9046936,0.2902832,0.29223633,,,23.010254,0.41190583,0.78875107,96.091705
2013-08-13,6.037506,5.006256,0.3786621,0.34155273,,,12.031555,0.5099444,0.73391825,93.09966
2013-08-14,6.100006,4.9203186,0.29663086,0.3708496,,,9.742737,0.4748887,0.8961357,92.14571
2013-08-15,5.9671936,5.0296936,0.1953125,0.22399902,,,10.620117,0.29719108,0.8537051,93.705635
2013-08-16,6.3578186,4.9984436,0.33007812,0.30566406,,,8.979797,0.44986898,0.7470146,91.01632
2013-08-17,6.381256,5.2484436,0.25708008,0.38085938,,,9.315491,0.45950413,0.97704667,92.46348
2013-08-18,5.9828186,5.162506,0.39526367,0.22802734,,,14.49585,0.45632207,0.5232605,94.47345
2013-08-19,6.162506,5.225006,0.39233398,0.20751953,,,10.9939575,0.4438359,0.48652747,93.7152
2013-08-20,6.0140686,4.8265686,0.31103516,0.14794922,,,9.925842,0.34442973,0.44399256,92.09032
2013-08-21,5.9984436,4.7484436,0.375,0.24365234,,,11.665344,0.44720405,0.57619214,91.6888
2013-08-22,6.3890686,5.4828186,0.22436523,0.16540527,,,10.604858,0.2787448,0.635268,93.92965
2013-08-23,6.506256,5.4984436,0.17468262,0.11444092,,,9.712219,0.20883185,0.57997745,93.2762
2013-08-24,6.9984436,5.6078186,0.3395996,0.22717285,,,8.033752,0.4085773,0.589577,90.86337
2013-08-25,7.2796936,6.4203186,0.40844727,0.46972656,,,15.060425,0.62247264,0.85506564,94.27527
2013-08-26,6.8578186,6.225006,0.3720703,0.42773438,,,13.298035,0.56691533,0.8548832,95.74164
2013-08-27,6.1703186,5.5140686,0.2536621,0.34692383,,,15.327454,0.4297681,0.9394523,95.56318
2013-08-28,6.6703186,5.912506,0.46240234,0.2541504,,,15.464783,0.52764416,0.5025594,94.91225
2013-08-29,6.6234436,5.850006,0.3347168,0.33154297,,,13.282776,0.47112215,0.7806345,94.80789
2013-08-30,6.5140686,5.7953186,0.29833984,0.2770996,,,11.207581,0.40717423,0.7485036,95.16289
2013-08-31,6.631256,5.756256,0.3449707,0.32055664,,,10.658264,0.47091544,0.74873084,94.14448
2014-06-01,2.9515686,1.7015686,-0.062561035,-0.23034668,,,7.4424744,0.23869117,-1.8359942,91.490204
2014-06-02,3.6703186,1.5453186,-0.09423828,-0.31518555,,,2.023697,0.3289723,-1.8613291,85.99759
2014-06-03,3.6546936,1.7562561,-0.13537598,-0.23474121,,,3.5896301,0.27097988,-2.0939095,87.4013
2014-06-04,4.0765686,1.3421936,-0.08453369,-0.35302734,,,0.6394386,0.36300722,-1.8058246,82.369774
2014-06-05,3.9671936,1.6625061,-0.14672852,-0.38598633,,,1.7471313,0.41293427,-1.9340649,84.93093
2014-06-06,5.0921936,3.1703186,-0.011039734,-0.2298584,,,5.9280396,0.23012336,-1.6187879,87.39307
2014-06-07,5.4046936,3.9046936,-0.064453125,-0.29541016,,,5.1460266,0.30235967,-1.7856117,90.056816
2014-06-08,5.412506,3.5921936,-0.004196167,-0.22302246,,,2.527237,0.22306193,-1.5896091,88.0513
2014-06-09,5.4046936,3.631256,0.021560669,-0.0062828064,,,19.561768,0.022457428,-0.2835495,88.3417
2014-06-10,4.7953186,3.1546936,0.0077705383,-0.13684082,,,1.7347336,0.13706127,-1.5140721,89.120636
2014-06-11,4.5765686,2.1859436,0.055603027,-0.008766174,,,1.6450882,0.056289807,-0.15636936,84.48092
2014-06-12,3.850006,2.2015686,0.03591919,-0.015235901,,,5.706787,0.03901693,-0.4011688,88.99213
2014-06-13,4.2171936,1.5921936,0.14294434,0.16577148,,,3.522873,0.218891,0.85920614,83.035866
2014-06-14,4.4046936,2.8734436,0.09124756,0.09674072,,,7.385254,0.13298453,0.8146106,89.781296
2014-06-15,5.4984436,3.0453186,-0.009208679,-0.20703125,,,7.4806213,0.20723595,-1.6152467,84.21395
2014-06-16,6.8578186,4.6234436,0.10827637,0.014762878,,,6.5460205,0.10927815,0.13550885,85.671844
2014-06-17,6.9515686,5.3578186,0.16052246,0.12249756,,,7.1144104,0.20192353,0.65184385,89.58883
2014-06-18,7.131256,5.9203186,0.45288086,0.44140625,,,12.733459,0.63240856,0.77256787,92.00899
2014-06-19,7.1703186,6.4671936,0.4716797,0.5654297,,,16.525269,0.7363372,0.87554866,95.29004
2014-06-20,6.756256,6.0609436,0.17797852,0.3618164,,,20.019531,0.40322137,1.1136475,95.326164
2014-06-21,6.5765686,5.7796936,0.30371094,0.08148193,,,13.175964,0.31445134,0.26211527,94.65239
2014-06-22,7.1390686,6.4515686,0.2355957,0.24133301,,,27.96936,0.3372639,0.7974273,95.39141
2014-06-23,5.7171936,4.7171936,0.044006348,0.0014562607,,,12.1154785,0.044030435,0.03307999,93.28571
2014-06-24,5.4203186,3.412506,0.2055664,0.12219238,,,1.4152527,0.23914123,0.536305,86.8962
2014-06-25,5.631256,4.068756,0.10601807,0.14196777,,,7.549286,0.17718543,0.92936206,89.680084
2014-06-26,6.693756,4.9203186,0.19165039,0.234375,,,6.729126,0.30275652,0.8853505,88.454926
2014-06-27,7.131256,5.5765686,0.31298828,0.28515625,,,10.2005005,0.42340967,0.7389011,89.84595
2014-06-28,7.0921936,5.537506,0.19873047,0.09802246,,,6.4735413,0.22159016,0.4582276,89.84294
2014-06-29,7.2328186,5.850006,0.18652344,0.14611816,,,9.567261,0.236942,0.66452247,90.928825
2014-06-30,7.0921936,5.4203186,0.15063477,0.30029297,,,26.824951,0.3359564,1.1058488,89.11568
2014-07-01,6.0921936,5.0296936,0.2697754,0.0770874,,,12.870789,0.28057304,0.27832952,92.900314
2014-07-02,6.7953186,5.943756,0.41015625,0.26391602,,,13.504028,0.48772925,0.5717585,94.304565
2014-07-03,7.0296936,6.193756,0.36376953,0.33422852,,,12.9852295,0.49400097,0.74310094,94.416626
2014-07-04,7.3578186,6.287506,0.29248047,0.35546875,,,12.145996,0.4603291,0.88230544,92.91944
2014-07-05,7.662506,6.5140686,0.19299316,0.24243164,,,18.676758,0.30987006,0.8984548,92.43814
2014-07-06,7.2171936,6.287506,0.15625,0.3605957,,,13.031006,0.39299276,1.1619076,93.81696
2014-07-07,7.0921936,6.2015686,0.20178223,0.41210938,,,9.223938,0.4588575,1.1154768,94.06404
2014-07-08,7.3890686,6.350006,0.26660156,0.32299805,,,15.602112,0.41881275,0.8807602,93.121376
2014-07-09,7.693756,6.6546936,0.1673584,0.24353027,,,18.966675,0.29549253,0.96870047,93.137535
2014-07-10,8.068756,7.1234436,0.3720703,0.29052734,,,10.9939575,0.47206193,0.6629483,93.75727
2014-07-11,7.6703186,6.975006,0.4675293,0.45483398,,,16.26587,0.6522711,0.7716351,95.35943
2014-07-12,7.7640686,7.2328186,0.43701172,0.5229492,,,18.508911,0.68150944,0.874682,96.43952
2014-07-13,7.8890686,7.1234436,0.42822266,0.45629883,,,14.289856,0.62576616,0.81712914,94.9096
2014-07-14,7.818756,7.1546936,0.51123047,0.55908203,,,21.316528,0.75758123,0.83007646,95.56897
2014-07-15,6.943756,6.2015686,0.1751709,0.16821289,,,28.869629,0.24285884,0.76513785,95.02543
2014-07-16,6.9671936,5.9046936,0.28564453,0.1352539,,,19.485474,0.31604812,0.44222724,92.948235
2014-07-17,6.818756,6.1703186,0.15734863,0.27490234,,,18.341064,0.31674895,1.0509332,95.637215
2014-07-18,7.8421936,6.9203186,0.26416016,0.60595703,,,24.795532,0.6610329,1.159697,93.8971
2014-07-19,7.4359436,6.8734436,0.34399414,0.52490234,,,20.355225,0.62757826,0.99067014,96.223915
2014-07-20,7.600006,6.818756,0.46655273,0.36254883,,,15.777588,0.5908579,0.6606083,94.79645
2014-07-21,7.756256,6.6078186,0.35131836,0.21166992,,,10.383606,0.41015697,0.54225695,92.44359
2014-07-22,7.756256,6.9671936,0.40405273,0.29956055,,,24.505615,0.5029862,0.6379677,94.75203
2014-07-23,6.850006,6.1390686,0.27514648,0.119140625,,,36.224365,0.29983342,0.4086339,95.2269
2014-07-24,6.475006,5.787506,0.24169922,0.19006348,,,19.89746,0.30747786,0.66637063,95.36739
2014-07-25,6.7953186,6.100006,0.40820312,0.37597656,,,22.29309,0.5549668,0.7443254,95.3276
2014-07-26,6.4359436,5.7015686,0.21911621,0.06738281,,,16.174316,0.22924301,0.29834232,95.057045
2014-07-27,6.6078186,5.8734436,0.41967773,0.3305664,,,15.838623,0.5342317,0.6671756,95.06369
2014-07-28,6.4515686,5.881256,0.48120117,0.40112305,,,14.625549,0.6264617,0.69488794,96.14266
2014-07-29,6.9828186,6.3109436,0.4182129,0.40942383,,,11.779785,0.5852605,0.7747791,95.488525
2014-07-30,7.2484436,6.4984436,0.48266602,0.48461914,,,19.515991,0.6839753,0.78741735,94.98619
2014-07-31,7.0609436,6.381256,0.47338867,0.41137695,,,12.9852295,0.6271585,0.7154243,95.439926
2014-08-01,7.6390686,6.9515686,0.40771484,0.33813477,,,12.09259,0.5296853,0.6923777,95.40938
2014-08-02,7.9046936,6.975006,0.4375,0.4880371,,,18.081665,0.65542847,0.839947,93.84979
2014-08-03,7.4046936,6.7953186,0.38452148,0.6533203,,,23.590088,0.7580793,1.0388273,95.914
2014-08-04,7.443756,6.568756,0.5205078,0.2746582,,,12.1154785,0.5885283,0.48554057,94.18134
2014-08-05,7.5765686,6.4203186,0.2614746,0.3154297,,,7.675171,0.40971315,0.8786521,92.38345
2014-08-06,7.7640686,6.9984436,0.27734375,0.3659668,,,9.567261,0.45918542,0.92229736,94.90464
2014-08-07,7.6859436,6.7484436,0.39526367,0.5439453,,,21.942139,0.6723912,0.94240046,93.78906
2014-08-08,7.1078186,6.5609436,0.18383789,0.32592773,,,22.262573,0.37419948,1.057234,96.317604
2014-08-09,7.5296936,6.6546936,0.31982422,0.37890625,,,12.237549,0.49584016,0.8697538,94.18522
2014-08-10,7.7015686,6.725006,0.30737305,0.28149414,,,10.734558,0.41679388,0.7414795,93.53863
2014-08-11,7.6390686,6.4984436,0.36914062,0.32421875,,,7.8201294,0.49130702,0.72069985,92.48648
2014-08-12,8.014069,7.2171936,0.4411621,0.41479492,,,14.175415,0.6055401,0.75460356,94.71191
2014-08-13,7.7796936,6.9984436,0.21252441,0.4465332,,,43.273926,0.4945286,1.1265788,94.80371
2014-08-14,6.2484436,5.1234436,-0.21032715,0.032409668,,,68.54248,0.21280953,2.9887035,92.50599
2014-08-15,4.5453186,3.7484436,-0.21838379,-0.21130371,,,32.53174,0.3038762,-2.3726702,94.56659
2014-08-16,3.8578186,3.2484436,-0.21276855,-0.41748047,,,9.048462,0.46857274,-2.0421333,95.798134
2014-08-17,4.6859436,3.7328186,-0.15783691,-0.31884766,,,5.390167,0.35577565,-2.0304544,93.5395
2014-08-18,5.3421936,4.3734436,-0.09008789,-0.27734375,,,6.164551,0.29160827,-1.884869,93.47029
2014-08-19,6.037506,5.350006,0.07940674,-0.18457031,,,8.255005,0.20092693,-1.1645085,95.35147
2014-08-20,6.3109436,5.7484436,0.26831055,0.15332031,,,17.25769,0.30902696,0.5191461,96.190384
2014-08-21,5.2328186,4.7328186,-0.053833008,-0.12188721,,,24.139404,0.13324596,-1.9866952,96.57819
2014-08-22,5.475006,4.5140686,0.15258789,0.09564209,,,6.778717,0.18008463,0.55989265,93.52811
2014-08-23,5.7171936,3.9671936,0.1895752,0.11669922,,,7.583618,0.22261505,0.55179864,88.51484
2014-08-24,6.006256,4.8734436,0.20544434,0.16796875,,,7.850647,0.26536933,0.6853735,92.4416
2014-08-25,6.193756,4.8265686,0.21972656,0.21374512,,,5.970001,0.30653995,0.7716001,90.955444
2014-08-26,6.0296936,4.7640686,0.17993164,0.1895752,,,6.1836243,0.26136976,0.81149065,91.59092
2014-08-27,5.8109436,4.6703186,0.18017578,0.22949219,,,6.1950684,0.29177043,0.90520304,92.37976
2014-08-28,5.5609436,4.787506,0.39111328,0.19213867,,,10.047913,0.4357601,0.45663196,94.764534
2014-08-29,5.7953186,4.9046936,0.33081055,0.33374023,,,9.490967,0.46991292,0.78980666,94.00379
2014-08-30,5.881256,4.631256,0.2631836,0.21899414,,,8.865356,0.34237996,0.6940079,91.68129
2014-08-31,5.787506,4.537506,0.33129883,0.28320312,,,12.023926,0.43584737,0.70728964,91.67527
2015-06-01,1.7250061,-2.9078064,0.062408447,0.006793976,,,0.29110909,0.06277717,0.10843606,71.345314
2015-06-02,1.8187561,-1.9546814,-0.08630371,-0.21765137,,,0.8573532,0.23413767,-1.9483014,76.04726
2015-06-03,3.537506,-1.1578064,0.015655518,-0.12939453,,,0.20182133,0.13033818,-1.450391,71.37514
2015-06-04,4.2015686,1.2875061,-0.021362305,-0.1907959,,,2.5939941,0.19198808,-1.6822962,81.33134
2015-06-05,4.5765686,2.3265686,0.027130127,-0.23059082,,,1.0585785,0.23218133,-1.4536799,85.330925
2015-06-06,4.381256,1.7640686,0.036956787,-0.1026001,,,0.5478859,0.10905313,-1.2250617,83.10284
2015-06-07,3.8734436,0.5687561,-0.031280518,-0.2548828,,,0.7004738,0.25679508,-1.6929108,79.030045
2015-06-08,4.3734436,1.9750061,0.09460449,-0.25097656,,,2.9850006,0.2682149,-1.2103211,84.41033
2015-06-09,4.7015686,2.162506,0.12005615,-0.22949219,,,1.5478134,0.25899833,-1.0888098,83.607025
2015-06-10,5.3265686,3.3890686,0.13171387,-0.07519531,,,6.340027,0.151667,-0.5187468,87.319084
2015-06-11,5.256256,4.2171936,0.16711426,0.10809326,,,50.01831,0.19902594,0.5741382,93.00671
2015-06-12,4.412506,3.9828186,-0.07623291,0.40478516,,,63.90381,0.41190106,1.7569453,97.033745
2015-06-13,3.0140686,2.1234436,0.066711426,0.19482422,,,8.766174,0.20592934,1.2408915,93.87149
2015-06-14,3.0453186,2.068756,0.17871094,0.40014648,,,9.567261,0.4382406,1.150762,93.299774
2015-06-15,3.2796936,1.9515686,0.061645508,0.06518555,,,5.2948,0.08971803,0.81330234,91.003265
2015-06-16,4.4828186,3.1234436,0.20800781,0.16687012,,,6.23703,0.26667,0.67609924,90.88576
2015-06-17,5.0921936,3.7640686,0.099975586,0.023422241,,,4.131317,0.10268261,0.23012917,91.12856
2015-06-18,4.6703186,3.3421936,-0.00617218,-0.2084961,,,5.6533813,0.20858742,-1.600391,91.09963
2015-06-19,4.475006,3.225006,-0.114990234,-0.32788086,,,2.7370453,0.34746024,-1.9081012,91.59037
2015-06-20,4.3421936,3.475006,-0.09625244,-0.21447754,,,6.591797,0.2350854,-1.9926322,94.09054
2015-06-21,5.1703186,3.5140686,-0.005420685,-0.17700195,,,4.0779114,0.17708494,-1.6014117,89.05364
2015-06-22,5.9203186,4.4828186,0.14013672,-0.047546387,,,13.122559,0.14798297,-0.3270981,90.49063
2015-06-23,5.9671936,4.725006,0.19604492,-0.19104004,,,9.513855,0.2737333,-0.7724692,91.73679
2015-06-24,6.3265686,5.1703186,0.08660889,0.044036865,,,6.290436,0.097161435,0.47039002,92.30975
2015-06-25,6.5921936,4.881256,0.097717285,0.16455078,,,6.214142,0.19137824,1.0349165,88.832245
2015-06-26,6.6703186,5.4359436,0.36547852,0.53759766,,,15.258789,0.65006596,0.97373146,91.83117
2015-06-27,7.0765686,6.4671936,0.39453125,0.28295898,,,16.38794,0.48551077,0.6221785,95.90348
2015-06-28,6.5296936,5.818756,0.07849121,0.68896484,,,24.246216,0.69342154,1.4573591,95.21491
2015-06-29,6.1546936,5.2328186,0.14111328,0.40942383,,,11.001587,0.43305984,1.2388839,93.816635
2015-06-30,6.5296936,5.3421936,0.14807129,0.19421387,,,9.902954,0.24422148,0.9193977,92.12173
2015-07-01,6.537506,5.0765686,0.30395508,0.1965332,,,8.056641,0.36195853,0.5739717,90.387924
2015-07-02,6.631256,5.131256,0.22717285,0.18713379,,,8.262634,0.2943239,0.6890562,90.14959
2015-07-03,7.2953186,5.7484436,0.20532227,0.115234375,,,8.613586,0.23544893,0.51142925,89.907196
2015-07-04,7.5140686,6.2484436,0.042633057,-0.10668945,,,24.810791,0.1148922,-1.1906352,91.68626
2015-07-05,7.225006,6.0296936,0.2602539,0.1352539,,,12.908936,0.2933014,0.47928298,92.11408
2015-07-06,6.787506,6.0609436,0.55078125,0.36523438,,,15.365601,0.66087526,0.5855436,95.12192
2015-07-07,6.5140686,5.662506,0.54785156,0.42578125,,,12.054443,0.6938523,0.66067284,94.29207
2015-07-08,6.5453186,5.7015686,0.36083984,0.13842773,,,9.422302,0.38648108,0.36631212,94.34448
2015-07-09,7.068756,6.1234436,0.47631836,0.2565918,,,18.753052,0.5410347,0.49412474,93.70877
2015-07-10,6.8578186,5.9828186,0.45263672,0.4885254,,,11.955261,0.66598576,0.82351196,94.154785
2015-07-11,6.5609436,5.631256,0.10736084,0.35180664,,,9.750366,0.3678237,1.2746031,93.785385
2015-07-12,7.2953186,5.9203186,0.21948242,0.097229004,,,6.439209,0.24005419,0.417011,90.98227
2015-07-13,7.7484436,6.2484436,0.23510742,-0.028305054,,,5.3215027,0.23680514,-0.11981535,90.23297
2015-07-14,8.514069,7.287506,0.23937988,0.061706543,,,12.893677,0.24720523,0.25228435,91.99494
2015-07-15,8.576569,7.693756,0.18493652,0.075683594,,,32.196045,0.19982374,0.38844723,94.18202
2015-07-16,7.068756,6.1859436,0.17871094,0.18151855,,,19.683838,0.25472847,0.79319197,94.11365
2015-07-17,6.850006,5.7953186,0.53125,0.38085938,,,16.647339,0.6536669,0.6219862,92.99209
2015-07-18,6.631256,5.506256,0.3869629,0.2861328,,,12.702942,0.48126113,0.6367033,92.52812
2015-07-19,6.6859436,5.537506,0.32055664,0.28173828,,,11.97052,0.42677045,0.72103643,92.38107
2015-07-20,6.7328186,5.475006,0.36108398,0.24560547,,,15.960693,0.43669635,0.5973061,91.68595
2015-07-21,7.0765686,6.1390686,0.26635742,0.19213867,,,15.777588,0.32842585,0.6249159,93.759674
2015-07-22,6.693756,6.131256,0.36328125,0.2993164,,,17.410278,0.4707054,0.6891599,96.20184
2015-07-23,6.881256,6.0453186,0.36401367,0.21679688,,,17.181396,0.42368248,0.5371583,94.41017
2015-07-24,6.9984436,6.2484436,0.24230957,0.25341797,,,29.86145,0.3506203,0.8078027,94.9764
2015-07-25,6.9359436,5.7171936,0.33911133,0.31811523,,,27.34375,0.46496645,0.75346255,91.94724
2015-07-26,6.1546936,4.725006,0.35864258,0.041870117,,,11.383057,0.36107838,0.11621998,90.55703
2015-07-27,6.3109436,4.4671936,0.33374023,0.171875,,,11.161804,0.37539786,0.4755726,87.98793
2015-07-28,6.6703186,5.6234436,0.2019043,0.09051514,,,8.827209,0.2212653,0.42144525,93.032684
2015-07-29,7.3109436,5.943756,0.2590332,0.28710938,,,11.901855,0.3866911,0.83676106,91.03248
2015-07-30,6.5453186,5.9828186,0.39868164,0.47509766,,,24.490356,0.62021357,0.87263083,96.1974
2015-07-31,5.7328186,5.287506,0.48608398,0.3305664,,,16.799927,0.5878365,0.59721786,96.95942
2015-08-01,5.7171936,4.975006,0.4416504,0.31640625,,,14.610291,0.54329365,0.62165993,94.97744
2015-08-02,6.1546936,4.9046936,0.29907227,0.13842773,,,9.0789795,0.32955495,0.43349433,91.6988
2015-08-03,6.9046936,5.725006,0.31762695,0.23937988,,,13.648987,0.3977306,0.6458337,92.1943
2015-08-04,7.068756,6.2484436,0.48120117,0.38867188,,,19.683838,0.6185632,0.6794256,94.52007
2015-08-05,7.1078186,6.631256,0.52246094,0.44482422,,,21.987915,0.68617344,0.70530736,96.78425
2015-08-06,6.225006,5.7171936,0.33691406,0.31103516,,,23.391724,0.45853457,0.7454797,96.55271
2015-08-07,6.756256,6.193756,0.28222656,0.25927734,,,10.986328,0.38324478,0.743043,96.203705
2015-08-08,7.4671936,6.7640686,0.27416992,0.23522949,,,14.556885,0.3612507,0.70910275,95.30095
2015-08-09,8.037506,6.975006,0.2770996,0.3269043,,,17.288208,0.42854476,0.8676696,93.0062
2015-08-10,7.4984436,6.7171936,0.2878418,0.45288086,,,22.354126,0.5366134,1.0046254,94.792336
2015-08-11,6.693756,6.1859436,0.26245117,0.26123047,,,26.321411,0.37029985,0.78306717,96.56542
2015-08-12,7.162506,6.3109436,0.46533203,0.4399414,,,14.831543,0.64037675,0.7573581,94.320816
2015-08-13,7.2171936,6.7015686,0.52246094,0.41796875,,,24.154663,0.66907644,0.67474097,96.52774
2015-08-14,6.881256,6.1859436,0.3095703,0.18798828,,,16.75415,0.36217865,0.5457374,95.330734
2015-08-15,7.2484436,6.1390686,0.31884766,0.28442383,,,9.384155,0.42727128,0.728398,92.66345
2015-08-16,7.8265686,6.693756,0.36572266,0.40844727,,,11.08551,0.5482538,0.84052986,92.546936
2015-08-17,7.193756,6.4046936,0.2998047,0.40014648,,,23.94104,0.50000006,0.9277835,94.729004
2015-08-18,7.0921936,6.3265686,0.25390625,0.38598633,,,12.969971,0.46201065,0.9889493,94.87791
2015-08-19,7.1078186,6.100006,0.19665527,0.140625,,,14.61792,0.24176164,0.6207777,93.30746
2015-08-20,6.3734436,5.006256,-0.083740234,-0.034210205,,,47.76001,0.09045864,-2.7537565,90.9679
2015-08-21,5.631256,4.6078186,0.08526611,0.0982666,,,15.945435,0.1301024,0.8561148,93.128654
2015-08-22,5.4984436,4.350006,0.22241211,0.13867188,,,7.1907043,0.2621012,0.5575132,92.31081
2015-08-23,5.2953186,3.6703186,0.124816895,-0.09442139,,,5.279541,0.15650769,-0.6476349,89.260185
2015-08-24,6.2484436,4.225006,0.16882324,0.040649414,,,2.5997162,0.1736481,0.23628323,86.88237
2015-08-25,6.7796936,4.975006,0.25048828,0.19836426,,,3.3512115,0.31951958,0.6697887,88.27014
2015-08-26,6.818756,5.4671936,0.26245117,0.27661133,,,8.232117,0.38130623,0.81166023,91.09734
2015-08-27,6.3421936,5.5140686,0.31469727,0.37939453,,,11.550903,0.4929245,0.878341,94.437775
2015-08-28,6.162506,5.0140686,0.2479248,0.14257812,,,9.017944,0.28599864,0.52189904,92.35021
2015-08-29,6.4984436,5.3578186,0.17224121,0.17321777,,,8.346558,0.24427737,0.788225,92.42016
2015-08-30,6.4046936,5.162506,0.1817627,0.15197754,,,7.2784424,0.23692794,0.69638747,91.7646
2015-08-31,6.0296936,4.818756,0.26660156,0.08886719,,,5.8555603,0.28102273,0.32175055,91.94092
2016-06-01,2.725006,0.2015686,-0.08190918,-0.3244629,,,1.7547607,0.33464202,-1.8180753,83.458725
2016-06-02,3.225006,0.9125061,-0.115722656,-0.4111328,,,2.5596619,0.4271088,-1.8451701,84.79914
2016-06-03,4.1078186,1.7171936,-0.0064353943,-0.18237305,,,0.9264946,0.18248655,-1.6060687,84.426575
2016-06-04,3.8578186,2.318756,0.016036987,-0.18261719,,,9.277344,0.18332,-1.4832035,89.688385
2016-06-05,4.3109436,3.0765686,0.20800781,0.060302734,,,10.803223,0.21657255,0.2821708,91.680916
2016-06-06,4.193756,3.256256,0.11871338,-0.0066375732,,,5.5999756,0.118898794,-0.05585444,93.617805
2016-06-07,4.1546936,2.600006,0.008995056,-0.019012451,,,4.974365,0.021032935,-1.1288879,89.61244
2016-06-08,4.2796936,1.7953186,0.078552246,-0.018005371,,,1.9550323,0.080589384,-0.22532292,83.882904
2016-06-09,4.7796936,2.787506,0.103759766,0.059020996,,,7.133484,0.11937155,0.5171801,86.929016
2016-06-10,5.0296936,3.537506,0.111083984,0.10546875,,,9.239197,0.15317738,0.75947386,90.07777
2016-06-11,5.537506,3.9828186,0.11633301,0.045074463,,,6.0272217,0.12476008,0.36965007,89.72189
2016-06-12,5.9515686,4.162506,0.15527344,0.07495117,,,12.786865,0.1724167,0.44971564,88.293175
2016-06-13,5.568756,4.4203186,0.13061523,0.02684021,,,6.8893433,0.13334443,0.20266941,92.314995
2016-06-14,6.6546936,4.8734436,0.23461914,0.18823242,,,9.567261,0.30079493,0.6761353,88.40337
2016-06-15,6.662506,5.3890686,0.20727539,0.38720703,,,13.664246,0.43919516,1.0793022,91.582085
2016-06-16,6.0296936,5.3265686,0.34960938,0.26879883,,,13.35907,0.44099832,0.65545934,95.24779
2016-06-17,6.6859436,5.7953186,0.34985352,0.34643555,,,11.222839,0.49235666,0.7804894,94.045265
2016-06-18,7.0609436,6.2640686,0.3330078,0.3083496,,,12.672424,0.45384324,0.7469702,94.67256
2016-06-19,6.693756,5.693756,0.13232422,0.09643555,,,20.401001,0.1637361,0.6297829,93.33644
2016-06-20,6.6078186,5.8734436,0.3256836,0.18786621,,,14.251709,0.3759834,0.52321345,95.06369
2016-06-21,6.850006,6.225006,0.3864746,0.53027344,,,24.230957,0.656165,0.9409879,95.79295
2016-06-22,6.8578186,6.1390686,0.4868164,0.40234375,,,12.794495,0.6315621,0.69067967,95.17588
2016-06-23,7.037506,6.5921936,0.4338379,0.3947754,,,11.474609,0.5865688,0.738291,96.990616
2016-06-24,7.4203186,6.8109436,0.23742676,0.40527344,,,17.837524,0.46969992,1.0408511,95.9145
2016-06-25,7.2328186,6.443756,0.234375,0.033172607,,,17.77649,0.23671092,0.14060254,94.730606
2016-06-26,7.7953186,7.1703186,0.37304688,0.31640625,,,22.323608,0.48915938,0.7034293,95.82398
2016-06-27,7.693756,6.9359436,0.19921875,0.25268555,,,21.408081,0.32177335,0.9031651,94.95269
2016-06-28,7.9359436,6.943756,0.17883301,0.16784668,,,21.606445,0.24526262,0.7537186,93.45017
2016-06-29,7.7328186,6.9046936,0.3034668,0.19067383,,,22.476196,0.35839728,0.56098217,94.497665
2016-06-30,8.381256,7.8265686,0.44262695,0.41064453,,,32.806396,0.6037777,0.74793357,96.30295
2016-07-01,6.9203186,6.381256,0.18615723,0.3605957,,,45.318604,0.40581247,1.0942341,96.364006
2016-07-02,6.5921936,5.9671936,0.2401123,0.24816895,,,11.611938,0.34531397,0.8018967,95.78444
2016-07-03,7.7640686,6.8265686,0.40722656,0.2902832,,,17.791748,0.5000978,0.61928475,93.792816
2016-07-04,7.975006,7.1546936,0.35009766,0.47631836,,,18.981934,0.59114087,0.93695956,94.55854
2016-07-05,7.756256,6.9046936,0.19116211,0.2524414,,,20.568848,0.3166538,0.9226692,94.34694
2016-07-06,7.5453186,6.662506,0.3017578,0.28735352,,,15.060425,0.41668913,0.7609522,94.13539
2016-07-07,7.943756,7.1078186,0.28881836,0.35620117,,,35.095215,0.4585797,0.8894869,94.45614
2016-07-08,7.818756,7.068756,0.42211914,0.24145508,,,15.319824,0.48629737,0.519582,95.008415
2016-07-09,8.107819,7.0609436,0.5336914,0.6328125,,,25.238037,0.8278153,0.8701673,93.10957
2016-07-10,8.100006,7.568756,0.49365234,0.5410156,,,37.65869,0.7323869,0.83114254,96.448875
2016-07-11,7.0140686,6.4828186,0.20935059,0.010475159,,,40.924072,0.20961249,0.049994748,96.418495
2016-07-12,7.4671936,6.7484436,0.1697998,0.09454346,,,22.827148,0.19434619,0.5080441,95.19878
2016-07-13,7.850006,6.9359436,0.30249023,0.19128418,,,17.562866,0.3578966,0.5638778,93.94778
2016-07-14,8.076569,7.3109436,0.31591797,0.2734375,,,13.48877,0.41781843,0.71344304,94.91701
2016-07-15,8.076569,7.4984436,0.35766602,0.5336914,,,50.65918,0.64245737,0.9803696,96.14025
2016-07-16,7.2328186,6.2171936,0.26635742,0.20385742,,,14.86969,0.33541635,0.6532548,93.26367
2016-07-17,7.100006,6.4046936,0.11395264,0.36010742,,,20.385742,0.37770697,1.2643254,95.33872
2016-07-18,7.350006,6.631256,0.18566895,0.24304199,,,11.955261,0.30584696,0.91843456,95.19439
2016-07-19,8.217194,7.0453186,0.19421387,0.34472656,,,14.472961,0.39567086,1.0577346,92.321976
2016-07-20,7.9046936,6.975006,0.17224121,0.3227539,,,15.991211,0.36583754,1.0805838,93.84979
2016-07-21,7.4828186,6.9046936,0.45361328,0.47338867,,,24.32251,0.6556385,0.8067275,96.12227
2016-07-22,5.9671936,5.475006,0.14953613,0.48388672,,,25.19226,0.5064656,1.2710747,96.65038
2016-07-23,6.381256,5.9046936,0.31030273,0.4326172,,,14.427185,0.5323959,0.9485744,96.76577
2016-07-24,7.068756,6.3109436,0.25024414,0.22424316,,,16.540527,0.33601657,0.73065484,94.92805
2016-07-25,7.350006,6.6703186,0.2590332,0.5600586,,,37.902832,0.61706066,1.1375872,95.450226
2016-07-26,6.4046936,5.9046936,0.1977539,0.40478516,,,40.893555,0.45050818,1.1163584,96.60975
2016-07-27,5.225006,4.7640686,0.14257812,-0.029266357,,,32.53174,0.14555082,-0.20245329,96.841545
2016-07-28,4.9046936,4.537506,0.042999268,-0.03161621,,,36.68213,0.053371545,-0.6340092,97.47025
2016-07-29,5.225006,4.8265686,0.14575195,0.09033203,,,23.05603,0.17147452,0.5548263,97.26457
2016-07-30,5.5453186,5.193756,0.1607666,0.04498291,,,34.42383,0.1669412,0.27282563,97.58907
2016-07-31,4.350006,3.9671936,-0.12445068,-0.059692383,,,31.25,0.13802591,-2.6943598,97.35219
2016-08-01,4.5609436,3.568756,0.2355957,-0.05105591,,,9.109497,0.24106438,-0.21340989,93.27623
2016-08-02,5.568756,4.4515686,0.26635742,-0.02532959,,,7.1792603,0.26755908,-0.09481113,92.51699
2016-08-03,6.6859436,5.506256,0.1928711,0.08380127,,,5.203247,0.21029006,0.4098843,92.18113
2016-08-04,7.3421936,6.0609436,0.16345215,0.0703125,,,10.71167,0.17793384,0.40624303,91.57648
2016-08-05,7.5921936,6.475006,0.37524414,0.3149414,,,13.641357,0.48989412,0.6982477,92.63304
2016-08-06,7.4828186,6.412506,0.4230957,0.3461914,,,13.572693,0.5466795,0.6857609,92.92626
2016-08-07,6.8890686,5.9984436,0.3642578,0.33496094,,,9.796143,0.49485612,0.74352324,94.054665
2016-08-08,6.9671936,6.0609436,0.37353516,0.3955078,,,11.894226,0.54401743,0.8139618,93.95688
2016-08-09,6.7484436,5.8734436,0.4296875,0.5649414,,,16.021729,0.70978177,0.92055345,94.14982
2016-08-10,6.568756,5.881256,0.5078125,0.39746094,,,13.381958,0.64486337,0.664098,95.3708
2016-08-11,7.0140686,5.881256,0.43481445,0.4025879,,,12.748718,0.5925712,0.74693316,92.50018
2016-08-12,7.5140686,6.7171936,0.4189453,0.4423828,,,13.183594,0.6092764,0.81260234,94.69132
2016-08-13,7.4828186,6.8109436,0.3256836,0.32373047,,,9.902954,0.45920718,0.78239065,95.50613
2016-08-14,7.443756,6.5765686,0.41381836,0.46264648,,,15.312195,0.62071526,0.8410509,94.23194
2016-08-15,7.2640686,6.4828186,0.42114258,0.5004883,,,14.11438,0.65410215,0.8712791,94.78282
2016-08-16,6.8578186,5.9046936,0.58691406,0.4572754,,,15.823364,0.74402213,0.6618778,93.64789
2016-08-17,6.8890686,5.9515686,0.41381836,0.3095703,,,11.054993,0.51679724,0.64227283,93.75059
2016-08-18,7.3109436,6.1703186,0.2631836,0.24304199,,,7.949829,0.35823876,0.74563134,92.46748
2016-08-19,7.412506,6.1546936,0.14172363,0.23632812,,,11.169434,0.27556592,1.0306047,91.7292
2016-08-20,7.4046936,5.537506,0.08001709,0.06121826,,,1.742363,0.10074925,0.65307313,87.94349
2016-08-21,7.6234436,5.225006,0.26831055,0.12084961,,,8.552551,0.29427058,0.42319438,84.78148
2016-08-22,6.7484436,5.8109436,0.19274902,0.19104004,,,9.19342,0.27138254,0.78094524,93.74377
2016-08-23,6.662506,5.600006,0.14013672,0.091430664,,,9.216309,0.16732563,0.5780879,92.9316
2016-08-24,6.4828186,5.225006,0.33032227,0.22998047,,,10.597229,0.40249696,0.60819167,91.66995
2016-08-25,6.850006,5.131256,0.34277344,0.22937012,,,7.434845,0.412437,0.58972645,88.805756
2016-08-26,6.3734436,4.3109436,0.3725586,0.3178711,,,7.9803467,0.4897366,0.7063553,86.65737
2016-08-27,5.8109436,3.4359436,0.1303711,0.0075683594,,,4.66156,0.13059059,0.05798735,84.715996
2016-08-28,6.3109436,4.1703186,0.20825195,0.036499023,,,3.8051605,0.21142624,0.1735016,86.17807
2016-08-29,6.9046936,5.287506,0.25317383,0.27075195,,,7.9956055,0.37067991,0.81893635,89.43941
2016-08-30,6.4203186,5.4359436,0.32958984,0.4074707,,,9.20105,0.5240819,0.8906717,93.42352
2016-08-31,6.600006,5.475006,0.41552734,0.3947754,,,8.979797,0.57315844,0.75979364,92.52632
2017-06-01,3.3265686,1.5296936,0.03326416,-0.020095825,,,5.48172,0.03886318,-0.5434496,88.007866
2017-06-02,2.2484436,-0.7828064,-0.028701782,-0.26391602,,,0.36907196,0.26547214,-1.6791241,80.3714
2017-06-03,3.6859436,-0.2124939,-0.08746338,-0.6113281,,,1.7681122,0.6175532,-1.712903,75.67437
2017-06-04,4.9046936,-0.5015564,-0.11212158,-0.52734375,,,0.9069443,0.5391314,-1.7802925,68.03862
2017-06-05,4.8578186,1.9203186,-0.06518555,-0.30859375,,,6.252289,0.3154033,-1.7789702,81.284676
2017-06-06,4.131256,2.506256,-0.018356323,0.021957397,,,3.5915375,0.028619608,2.2671046,89.16418
2017-06-07,4.256256,2.256256,0.115478516,0.120666504,,,3.9043427,0.16702004,0.8073641,86.82892
2017-06-08,3.8109436,2.6390686,0.08111572,-0.024871826,,,6.969452,0.084843196,-0.29752046,92.05607
2017-06-09,4.1703186,2.131256,0.09802246,0.013900757,,,2.0771027,0.0990032,0.14087263,86.57905
2017-06-10,4.2953186,2.4671936,0.09362793,0.01826477,,,5.2375793,0.09539282,0.19265863,87.90072
2017-06-11,5.0765686,1.8578186,0.15942383,0.06878662,,,1.7824173,0.17363052,0.4073381,79.69926
2017-06-12,5.037506,2.0765686,0.26171875,0.08465576,,,0.8354187,0.27506962,0.31283912,81.17348
2017-06-13,4.818756,2.1234436,0.15625,0.06756592,,,1.5802383,0.17023283,0.4081402,82.69582
2017-06-14,5.1703186,2.8578186,0.17980957,0.15942383,,,5.104065,0.24030697,0.7253768,85.01875
2017-06-15,5.5140686,3.412506,0.19372559,0.29614258,,,8.43811,0.35387856,0.99149996,86.33297
2017-06-16,5.037506,3.2796936,0.17028809,0.19714355,,,8.926392,0.26050645,0.85835814,88.406624
2017-06-17,4.9046936,3.2171936,0.08996582,0.03869629,,,7.762909,0.09793494,0.40620112,88.83515
2017-06-18,5.7484436,3.600006,0.1352539,0.041656494,,,7.6789856,0.14152344,0.29876843,86.07245
2017-06-19,6.0921936,4.6390686,0.25463867,0.22631836,,,9.9105835,0.34067705,0.7265828,90.40445
2017-06-20,6.3578186,5.0140686,0.2927246,0.46020508,,,10.147095,0.545414,1.004273,91.11538
2017-06-21,5.1546936,4.537506,0.13049316,0.20263672,,,14.472961,0.24101889,0.99866766,95.78875
2017-06-22,5.506256,4.7171936,0.17749023,0.14587402,,,8.453369,0.22974336,0.6879352,94.65903
2017-06-23,5.9046936,4.318756,0.118652344,0.0871582,,,5.355835,0.14722408,0.6335512,89.55456
2017-06-24,6.662506,5.0765686,0.16369629,0.17272949,,,9.216309,0.23797469,0.8122422,89.61465
2017-06-25,6.8578186,5.4984436,0.16333008,0.15063477,,,8.56781,0.22218809,0.74498475,91.05067
2017-06-26,7.5453186,6.0140686,0.24694824,0.17480469,,,17.77649,0.30255598,0.6159814,90.02343
2017-06-27,7.0140686,5.9203186,0.19750977,0.17236328,,,36.04126,0.2621435,0.7175158,92.75029
2017-06-28,6.475006,5.9046936,0.17248535,0.0847168,,,18.096924,0.19216694,0.45654547,96.14337
2017-06-29,6.9515686,6.068756,0.3696289,0.2541504,,,10.879517,0.44857323,0.6023434,94.10829
2017-06-30,7.5296936,6.7640686,0.30517578,0.31176758,,,10.307312,0.43626973,0.7960824,94.89533
2017-07-01,7.756256,6.6390686,0.27001953,0.31347656,,,10.147095,0.41373676,0.85973793,92.642334
2017-07-02,7.4203186,6.8109436,0.32592773,0.52783203,,,18.38684,0.62035114,1.0176202,95.9145
2017-07-03,7.7953186,6.9828186,0.28833008,0.33984375,,,15.792847,0.445677,0.8672205,94.60158
2017-07-04,7.693756,6.7796936,0.08483887,0.27001953,,,30.960083,0.28303388,1.2663678,93.940445
2017-07-05,7.318756,6.631256,-0.0073051453,0.37353516,,,21.68274,0.37360656,1.5903506,95.39788
2017-07-06,7.412506,6.6234436,0.18615723,0.30908203,,,17.562866,0.36081326,1.0286943,94.737976
2017-07-07,7.412506,6.7328186,0.17285156,0.20263672,,,9.346008,0.26634434,0.8645562,95.45244
2017-07-08,8.170319,7.2484436,0.30029297,0.21362305,,,26.992798,0.368525,0.6183242,93.912575
2017-07-09,5.9828186,5.443756,-0.13342285,-0.30200195,,,60.08911,0.33016184,-1.9868058,96.33705
2017-07-10,6.0609436,5.4515686,0.1381836,0.36767578,,,12.893677,0.39278516,1.2112982,95.87067
2017-07-11,5.6859436,5.0140686,0.09088135,0.3930664,,,16.113281,0.403436,1.3435779,95.442375
2017-07-12,5.8265686,5.2953186,0.46069336,0.27734375,,,12.664795,0.5377341,0.5418989,96.38483
2017-07-13,6.568756,5.8890686,0.4230957,0.33984375,,,18.356323,0.542682,0.6767082,95.422325
2017-07-14,6.8421936,6.225006,0.1842041,0.14916992,,,24.642944,0.23702915,0.6806928,95.84431
2017-07-15,7.1234436,6.4046936,0.26123047,0.25927734,,,19.821167,0.3680572,0.78164583,95.185875
2017-07-16,7.631256,6.6078186,0.48120117,0.41748047,,,17.471313,0.6370593,0.71461195,93.2343
2017-07-17,7.2171936,5.8109436,0.5361328,0.2668457,,,13.511658,0.5988698,0.46182448,90.780464
2017-07-18,7.3890686,5.9359436,0.37768555,0.17675781,,,11.711121,0.41700083,0.4377236,90.498985
2017-07-19,7.4828186,5.8890686,0.3581543,0.32885742,,,10.383606,0.48623216,0.7427801,89.6307
2017-07-20,7.1703186,6.0609436,0.44067383,0.35791016,,,11.100769,0.5677087,0.6821288,92.65903
2017-07-21,6.8265686,6.225006,0.49169922,0.48413086,,,17.25769,0.69003683,0.7776425,95.947105
2017-07-22,6.7796936,6.100006,0.515625,0.42456055,,,13.61084,0.66792274,0.6888414,95.42988
2017-07-23,6.7015686,5.8421936,0.49902344,0.2824707,,,17.349243,0.57342315,0.5150798,94.249466
2017-07-24,6.9671936,5.818756,0.4482422,0.15905762,,,17.39502,0.47562632,0.34098676,92.397575
2017-07-25,7.0453186,6.3265686,0.37768555,0.33911133,,,16.479492,0.50758535,0.73163533,95.182945
2017-07-26,6.6546936,5.850006,0.41748047,0.40625,,,17.578125,0.58251953,0.77176535,94.60453
2017-07-27,7.0921936,6.287506,0.28833008,0.47216797,,,11.184692,0.5532421,1.0225817,94.6229
2017-07-28,7.1078186,6.600006,0.48510742,0.515625,,,12.626648,0.70795363,0.81588393,96.5766
2017-07-29,6.7328186,6.225006,0.35864258,0.36010742,,,32.409668,0.5082341,0.7874362,96.56648
2017-07-30,6.1234436,5.4671936,0.08868408,0.16455078,,,11.520386,0.18692733,1.076479,95.56155
2017-07-31,7.037506,6.1546936,0.21594238,0.20727539,,,9.552002,0.2993229,0.7649222,94.11222
2017-08-01,7.881256,6.756256,0.29223633,0.3125,,,13.809204,0.42785317,0.8188939,92.599724
2017-08-02,7.975006,7.4203186,0.32348633,0.41088867,,,17.715454,0.52294636,0.9038569,96.291176
2017-08-03,8.107819,7.2796936,0.12548828,0.4597168,,,8.903503,0.4765363,1.3043196,94.51366
2017-08-04,8.068756,7.193756,0.13366699,0.49951172,,,18.585205,0.51708686,1.3093271,94.209465
2017-08-05,8.123444,7.256256,0.3395996,0.46142578,,,11.978149,0.5729238,0.9363293,94.26226
2017-08-06,8.295319,7.2484436,0.25585938,0.29858398,,,13.290405,0.39321294,0.86230475,93.1195
2017-08-07,8.256256,7.2484436,0.33764648,0.4506836,,,16.357422,0.56313485,0.92781544,93.36653
2017-08-08,8.170319,7.631256,0.40844727,0.42382812,,,52.06299,0.5886081,0.8038766,96.399475
2017-08-09,6.7328186,6.3109436,0.17651367,-0.062072754,,,41.900635,0.18710987,-0.33815268,97.14011
2017-08-10,6.8734436,6.350006,0.12097168,0.017059326,,,30.456543,0.12216861,0.14009538,96.46642
2017-08-11,7.412506,6.6390686,0.11138916,0.10583496,,,52.947998,0.15365085,0.75983477,94.83975
2017-08-12,6.4046936,5.350006,-0.23803711,-0.1315918,,,77.51465,0.2719891,-2.6365867,92.967896
2017-08-13,4.7953186,3.7015686,-0.08123779,-0.46606445,,,20.202637,0.47309157,-1.7433685,92.62454
2017-08-14,5.6078186,4.9203186,-0.08392334,-0.24560547,,,5.7640076,0.259548,-1.9000577,95.335754
2017-08-15,6.3578186,5.4828186,0.07171631,-0.17834473,,,9.590149,0.19222401,-1.1884621,94.131996
2017-08-16,7.1234436,6.412506,0.18395996,0.10418701,,,10.322571,0.21141475,0.5153146,95.23708
2017-08-17,6.9203186,6.3421936,0.26538086,0.17651367,,,11.886597,0.31872258,0.58694035,96.10512
2017-08-18,6.9515686,6.318756,0.39331055,0.41918945,,,28.244019,0.57481563,0.81723833,95.74477
2017-08-19,5.725006,5.162506,0.05340576,-0.02519226,,,28.259277,0.059049346,-0.44076407,96.172745
2017-08-20,6.2015686,5.600006,0.4025879,0.32617188,,,15.266418,0.5181362,0.6809223,95.92715
2017-08-21,6.537506,5.9359436,0.42993164,0.39501953,,,21.652222,0.5838507,0.7431032,95.9379
2017-08-22,6.412506,5.9515686,0.41674805,0.5229492,,,25.604248,0.66869634,0.897937,96.8711
2017-08-23,6.2015686,5.3734436,0.27807617,0.35742188,,,10.7421875,0.452854,0.9096113,94.43166
2017-08-24,6.2796936,5.4515686,0.43603516,0.39575195,,,8.224487,0.58885163,0.73700625,94.43506
2017-08-25,6.3890686,5.4515686,0.30004883,0.36889648,,,9.70459,0.47551438,0.8879568,93.726265
2017-08-26,6.6703186,5.1234436,0.23742676,0.30126953,,,7.9421997,0.38358155,0.9033614,89.859116
2017-08-27,6.4671936,5.2640686,0.35253906,0.4050293,,,12.931824,0.536966,0.8545754,92.01799
2017-08-28,6.4046936,5.2328186,0.37695312,0.2932129,,,10.154724,0.4775641,0.661088,92.21422
2017-08-29,6.4984436,5.006256,0.203125,0.2401123,,,7.5569153,0.31450546,0.86865336,90.188644
2017-08-30,6.9203186,5.6703186,0.26245117,0.25927734,,,7.221222,0.3689246,0.77931494,91.747536
2017-08-31,6.537506,5.5140686,0.3305664,0.30615234,,,8.18634,0.450559,0.7470734,93.17683
2018-06-01,2.9671936,1.1000061,0.07940674,0.083618164,,,6.30188,0.11531447,0.8112254,87.531586
2018-06-02,2.662506,1.5296936,0.05697632,-0.014137268,,,8.19397,0.05870403,-0.24321349,92.242256
2018-06-03,4.0921936,2.1546936,0.0473938,-0.053833008,,,10.437012,0.071722835,-0.8489243,87.20011
2018-06-04,4.0921936,2.2171936,-0.08770752,-0.30615234,,,11.528015,0.318468,-1.8498068,87.589195
2018-06-05,4.818756,3.2171936,0.07196045,-0.062561035,,,4.72641,0.09535297,-0.7156386,89.36887
2018-06-06,5.2953186,3.8109436,0.17480469,-0.13549805,,,3.6334991,0.22117051,-0.6593973,90.147446
2018-06-07,4.9671936,4.162506,0.0007529259,-0.19177246,,,6.061554,0.19177394,-1.5668702,94.53279
2018-06-08,5.3578186,4.5296936,0.117004395,-0.015090942,,,9.399414,0.11797357,-0.12826943,94.39479
2018-06-09,6.1859436,5.256256,0.20654297,0.081604004,,,7.3928833,0.22207929,0.3762704,93.767235
2018-06-10,6.2328186,4.787506,0.23608398,0.113220215,,,8.720398,0.26182908,0.44717532,90.46405
2018-06-11,6.4984436,4.6859436,0.18078613,0.05218506,,,7.0877075,0.18816723,0.2810175,88.197105
2018-06-12,6.1546936,4.8265686,0.41723633,0.20166016,,,14.007568,0.46341446,0.4502177,91.20082
2018-06-13,5.4515686,4.3578186,0.18969727,0.31274414,,,15.335083,0.36577857,1.0255692,92.66207
2018-06-14,5.1859436,4.0609436,0.025039673,0.058135986,,,18.875122,0.06329911,1.1641003,92.44405
2018-06-15,5.4359436,4.9359436,0.20324707,0.6064453,,,26.58081,0.6395977,1.2474163,96.583694
2018-06-16,5.1546936,4.6078186,0.09197998,0.64697266,,,48.40088,0.6534783,1.4295729,96.26046
2018-06-17,4.7640686,4.4984436,0.040130615,0.2401123,,,52.734375,0.24344277,1.4051943,98.16218
2018-06-18,3.850006,2.4203186,-0.056640625,-0.16467285,,,1.2187958,0.17414163,-1.9020789,90.38822
2018-06-19,3.881256,1.2640686,-0.19958496,-0.3955078,,,0.8893013,0.44301307,-2.0381408,83.04017
2018-06-20,4.725006,2.2953186,-0.044525146,-0.19482422,,,2.2125244,0.19984736,-1.7954777,84.26353
2018-06-21,5.412506,3.068756,0.10864258,-0.038848877,,,1.0471344,0.11537957,-0.34341535,84.85805
2018-06-22,5.4046936,3.5921936,-0.013374329,-0.09857178,,,3.501892,0.09947496,-1.7056539,88.09906
2018-06-23,6.0609436,4.162506,0.087768555,-0.037353516,,,3.5877228,0.0953866,-0.4023712,87.628746
2018-06-24,7.0609436,5.5453186,0.20214844,0.32421875,,,35.827637,0.38207564,1.0132807,90.08416
2018-06-25,5.5453186,4.2328186,-0.10076904,-0.31103516,,,15.205383,0.32695147,-1.884105,91.25934
2018-06-26,6.4046936,4.9203186,0.02619934,-0.0009098053,,,9.0789795,0.026215134,-0.03471232,90.23072
2018-06-27,7.0921936,6.256256,0.38183594,0.2998047,,,12.077332,0.4854704,0.6656303,94.41934
2018-06-28,6.975006,6.256256,0.3725586,0.48266602,,,15.975952,0.6097265,0.9134406,95.18029
2018-06-29,6.9203186,6.412506,0.5415039,0.4663086,,,27.893066,0.7146119,0.71092373,96.57155
2018-06-30,7.0453186,6.568756,0.56933594,0.46801758,,,22.903442,0.73701006,0.6880369,96.78266
2018-07-01,7.1390686,6.693756,0.29589844,0.4658203,,,28.076172,0.55185544,1.0048815,96.99302
2018-07-02,6.1546936,5.1859436,-0.18713379,-0.11706543,,,46.38672,0.2207337,-2.582583,93.51147
2018-07-03,6.5296936,5.8578186,0.29760742,0.38110352,,,19.363403,0.4835391,0.90780467,95.47248
2018-07-04,6.287506,5.350006,0.028244019,0.19238281,,,17.913818,0.19444504,1.425026,93.721306
2018-07-05,6.8890686,5.4828186,0.08343506,0.10571289,,,4.0779114,0.13467228,0.90263796,90.75733
2018-07-06,7.9984436,6.6859436,0.12237549,0.10723877,,,8.987427,0.16271421,0.719571,91.42224
2018-07-07,8.154694,7.1546936,0.33203125,0.1538086,,,13.60321,0.365926,0.43380573,93.41126
2018-07-08,8.310944,7.7015686,0.37695312,0.64501953,,,31.00586,0.7470903,1.0419221,95.94284
2018-07-09,7.3890686,6.850006,0.34448242,0.3840332,,,39.367676,0.5158969,0.8396345,96.377365
2018-07-10,6.881256,6.4203186,0.17382812,0.017944336,,,34.576416,0.17475188,0.10286597,96.882645
2018-07-11,7.4828186,7.100006,0.21520996,0.29663086,,,32.196045,0.36647674,0.94315106,97.41719
2018-07-12,7.3109436,6.7484436,0.41601562,0.515625,,,20.03479,0.66252404,0.89191175,96.22021
2018-07-13,7.3578186,6.9359436,0.40161133,0.39135742,,,38.146973,0.56076044,0.77246785,97.154175
2018-07-14,7.443756,6.881256,0.24182129,0.26879883,,,24.475098,0.3615665,0.838182,96.224144
2018-07-15,7.475006,6.9515686,0.22033691,0.24121094,,,41.07666,0.32669723,0.83059347,96.483086
2018-07-16,7.5296936,6.6859436,0.25585938,0.041381836,,,17.669678,0.25918424,0.1603481,94.38763
2018-07-17,8.123444,7.1234436,0.3840332,0.2854004,,,11.0321045,0.4784714,0.63911295,93.40968
2018-07-18,7.756256,6.8578186,0.41137695,0.24475098,,,12.9852295,0.47867948,0.53670204,94.04413
2018-07-19,7.9828186,6.8421936,0.3449707,0.31958008,,,9.887695,0.47025123,0.74720955,92.506294
2018-07-20,8.037506,6.975006,0.3864746,0.4501953,,,14.633179,0.5933283,0.86141133,93.0062
2018-07-21,7.2328186,6.600006,0.6015625,0.42407227,,,17.074585,0.7360127,0.61404127,95.75413
2018-07-22,7.412506,6.506256,0.34326172,0.10333252,,,12.9470825,0.35847762,0.29240265,93.97772
2018-07-23,7.756256,6.725006,0.43701172,0.47729492,,,15.457153,0.6471396,0.82942843,93.19083
2018-07-24,7.8734436,7.0765686,0.35742188,0.4362793,,,22.201538,0.5639947,0.8844272,94.70613
2018-07-25,7.8578186,7.0140686,0.28320312,0.50097656,,,18.02063,0.57548374,1.0562807,94.40191
2018-07-26,7.4046936,6.756256,0.39941406,0.5292969,,,19.119263,0.6630888,0.9243497,95.65718
2018-07-27,7.068756,6.3890686,0.4284668,0.42797852,,,14.762878,0.6055984,0.78482807,95.4402
2018-07-28,7.2171936,6.412506,0.38134766,0.33764648,,,12.458801,0.50934386,0.72469187,94.628136
2018-07-29,7.4359436,6.3734436,0.3552246,0.55322266,,,14.86969,0.6574495,0.99999434,92.97371
2018-07-30,6.9984436,6.2953186,0.2524414,0.49951172,,,20.233154,0.55967724,1.1028569,95.283714
2018-07-31,7.162506,6.3421936,0.38061523,0.54589844,,,12.60376,0.6654871,0.96193373,94.52407
2018-08-01,6.662506,6.1078186,0.22741699,0.43774414,,,25.238037,0.49329343,1.0916547,96.252785
2018-08-02,6.631256,6.0453186,0.43017578,0.48535156,,,22.827148,0.6485502,0.845592,96.04445
2018-08-03,6.7171936,6.037506,0.20117188,0.24072266,,,13.938904,0.31371567,0.87466305,95.427635
2018-08-04,7.2640686,6.787506,0.31225586,0.28930664,,,31.066895,0.42567834,0.7472673,96.7882
2018-08-05,6.912506,6.1546936,0.20275879,0.39086914,,,18.112183,0.4403292,1.0922707,94.92186
2018-08-06,6.818756,5.9203186,0.54296875,0.44506836,,,18.096924,0.70206904,0.6866348,94.00064
2018-08-07,6.7484436,5.943756,0.5551758,0.40527344,,,10.093689,0.68736213,0.630572,94.60848
2018-08-08,7.0609436,6.0765686,0.32958984,0.33691406,,,22.247314,0.4713179,0.7963867,93.45611
2018-08-09,6.600006,6.0140686,0.20959473,-0.04269409,,,19.973755,0.21389888,-0.20094909,96.04348
2018-08-10,7.0453186,6.4671936,0.33496094,0.28295898,,,15.258789,0.4384799,0.7014395,96.10894
2018-08-11,7.475006,6.9671936,0.37426758,0.37548828,,,14.198303,0.53015816,0.7870263,96.586464
2018-08-12,7.412506,6.8578186,0.43774414,0.4790039,,,24.368286,0.64889497,0.8303745,96.274796
2018-08-13,7.0140686,6.5296936,0.25854492,0.25024414,,,30.715942,0.35981607,0.7690848,96.72988
2018-08-14,7.2953186,6.7171936,0.26416016,0.4416504,,,13.977051,0.51462185,1.03176,96.11657
2018-08-15,7.2484436,6.381256,0.46289062,0.49365234,,,11.772156,0.6767277,0.8175463,94.22318
2018-08-16,7.6546936,6.9828186,0.48266602,0.4104004,,,13.786316,0.6335574,0.7046555,95.51215
2018-08-17,7.6078186,6.8265686,0.34814453,0.40966797,,,23.68164,0.5376174,0.8664061,94.79677
2018-08-18,7.1078186,6.287506,0.30419922,0.33569336,,,18.615723,0.4530201,0.8345763,94.52174
2018-08-19,7.443756,6.2796936,0.3059082,0.3100586,,,8.880615,0.4355642,0.7921361,92.32596
2018-08-20,7.537506,6.7796936,0.5541992,0.3786621,,,13.336182,0.67120916,0.5994024,94.94655
2018-08-21,7.4671936,6.6390686,0.49609375,0.35913086,,,19.744873,0.612441,0.6265982,94.486305
2018-08-22,7.2796936,6.5453186,0.3942871,0.34277344,,,18.661499,0.5224519,0.71562093,95.08953
2018-08-23,7.3734436,6.8734436,0.34960938,0.46020508,,,19.226074,0.5779407,0.9211277,96.635506
2018-08-24,7.2328186,6.5140686,0.32543945,0.40942383,,,23.834229,0.5230093,0.8991902,95.18999
2018-08-25,6.8578186,6.1546936,0.18737793,0.52685547,,,14.1067505,0.5591844,1.229094,95.27852
2018-08-26,7.3578186,6.725006,0.42016602,0.43774414,,,12.481689,0.6067614,0.8058848,95.758286
2018-08-27,7.443756,6.9203186,0.3400879,0.40527344,,,17.944336,0.52906173,0.8726312,96.48223
2018-08-28,6.568756,6.0765686,0.34057617,0.58447266,,,26.901245,0.6764617,1.0431895,96.66625
2018-08-29,7.256256,6.5609436,0.5444336,0.41723633,,,19.714355,0.6859257,0.6538944,95.344406
2018-08-30,6.912506,6.193756,0.29052734,0.3798828,,,27.114868,0.47824377,0.917902,95.17793
2018-08-31,6.600006,6.006256,0.22790527,0.36669922,,,18.89038,0.43175125,1.0147145,95.99167
2019-06-01,2.537506,0.6703186,0.06185913,0.040649414,,,12.573242,0.074019775,0.58137035,87.49061
2019-06-02,2.1859436,0.6703186,0.09082031,0.052490234,,,9.109497,0.10489783,0.5240537,89.70603
2019-06-03,2.2640686,0.2484436,0.037628174,-0.10046387,,,2.5177002,0.10727939,-1.2124252,86.53043
2019-06-04,3.5765686,1.7953186,0.025177002,-0.3071289,,,2.5691986,0.3081591,-1.4890039,88.12909
2019-06-05,4.2015686,2.7640686,-0.0803833,-0.359375,,,4.989624,0.36825517,-1.7908496,90.3642
2019-06-06,4.5921936,2.8578186,0.01928711,-0.21923828,,,7.74765,0.22008502,-1.4830489,88.51414
2019-06-07,3.8421936,2.537506,0.025970459,-0.115722656,,,6.0577393,0.118601,-1.3500341,91.19413
2019-06-08,3.7796936,1.3734436,0.056274414,-0.21374512,,,1.7614365,0.22102892,-1.3133602,84.293884
2019-06-09,3.1390686,0.1390686,-0.05859375,-0.1817627,,,1.6107559,0.19097356,-1.8826421,80.68158
2019-06-10,3.8578186,1.4984436,0.008033752,-0.16381836,,,2.691269,0.16401523,-1.5217949,84.58665
2019-06-11,4.7953186,3.0609436,-0.012741089,-0.105285645,,,8.720398,0.10605377,-1.6912252,88.53189
2019-06-12,4.8890686,3.1234436,0.0496521,-0.11859131,,,4.5928955,0.12856604,-1.1742889,88.34473
2019-06-13,5.7328186,4.3421936,0.076416016,-0.0826416,,,7.575989,0.11255684,-0.8245186,90.77435
2019-06-14,6.4046936,4.9515686,0.3503418,0.38867188,,,11.070251,0.523264,0.8372183,90.42736
2019-06-15,5.7796936,3.9515686,0.44970703,0.30908203,,,3.3340454,0.54568136,0.60214907,88.03617
2019-06-16,5.9671936,3.9046936,0.42700195,0.34106445,,,5.958557,0.54649395,0.6739735,86.61669
2019-06-17,4.787506,2.5296936,0.3137207,0.4736328,,,6.881714,0.56810975,0.98577344,85.30672
2019-06-18,4.568756,2.4515686,0.3720703,0.61376953,,,7.56073,0.71773905,1.0258267,86.13983
2019-06-19,5.2796936,2.662506,0.43652344,0.4465332,,,6.3705444,0.62445545,0.796733,83.21461
2019-06-20,5.068756,3.100006,0.11517334,0.11218262,,,1.5201569,0.16077885,0.7722446,87.10173
2019-06-21,6.5140686,3.662506,0.296875,0.27368164,,,1.0738373,0.40377766,0.7447701,82.00381
2019-06-22,6.7015686,5.537506,0.11883545,0.53466797,,,17.8833,0.54771495,1.3520911,92.28198
2019-06-23,6.0921936,4.7796936,0.004508972,0.11730957,,,14.350891,0.11739619,1.5323787,91.29604
2019-06-24,6.6546936,4.3421936,0.18884277,-0.11193848,,,3.435135,0.21952635,-0.53507906,85.18324
2019-06-25,7.2015686,5.537506,0.27685547,0.09124756,,,5.4893494,0.29150483,0.31837374,89.17297
2019-06-26,6.850006,5.5296936,0.29833984,0.26098633,,,9.742737,0.39638433,0.7187141,91.29708
2019-06-27,6.4046936,5.4203186,0.15112305,0.3552246,,,13.420105,0.38603458,1.1685619,93.42272
2019-06-28,5.787506,4.631256,-0.0077705383,0.044006348,,,14.152527,0.044687133,1.7455723,92.27765
2019-06-29,6.7640686,5.3109436,0.16357422,0.23571777,,,9.666443,0.28691357,0.9641484,90.4536
2019-06-30,7.1078186,5.6546936,0.23266602,0.28808594,,,9.429932,0.3703066,0.891422,90.47861
2019-07-01,7.5765686,5.9671936,0.34472656,0.3449707,,,10.818481,0.48768964,0.7857521,89.54136
2019-07-02,7.8734436,6.7015686,0.29345703,0.2529297,,,8.628845,0.38741508,0.71136034,92.30171
2019-07-03,8.264069,7.0140686,0.2479248,0.25463867,,,16.067505,0.35539776,0.7987566,91.83206
2019-07-04,8.006256,7.193756,0.32104492,0.33911133,,,12.054443,0.46697572,0.8127582,94.610405
2019-07-05,7.7015686,6.943756,0.39648438,0.36572266,,,11.421204,0.5394005,0.74506134,94.953
2019-07-06,7.068756,5.9828186,0.32666016,0.09295654,,,8.911133,0.33962888,0.2772382,92.80341
2019-07-07,7.7953186,6.568756,0.29370117,0.19897461,,,13.954163,0.35475522,0.59544665,91.95079
2019-07-08,7.9203186,6.975006,0.1026001,0.49853516,,,25.100708,0.5089834,1.367827,93.750114
2019-07-09,7.1859436,6.1859436,-0.101501465,0.32470703,,,23.666382,0.3402017,1.8737668,93.361786
2019-07-10,7.4671936,6.3109436,-0.041503906,0.48291016,,,12.09259,0.4846904,1.6565311,92.377045
2019-07-11,7.8578186,6.8421936,-0.24072266,0.41503906,,,24.353027,0.47979665,2.09638,93.29611
2019-07-12,6.0140686,4.9203186,-0.42382812,-0.19311523,,,62.22534,0.46575075,-2.714054,92.69401
2019-07-13,5.2015686,4.1078186,-0.17089844,-0.35253906,,,34.0271,0.39177808,-2.0221815,92.64781
2019-07-14,5.0609436,4.1859436,-0.2208252,-0.23376465,,,72.265625,0.32157376,-2.3277383,94.07224
2019-07-15,4.5921936,4.225006,-0.0009407997,0.58496094,,,52.856445,0.5849617,1.5724046,97.46395
2019-07-16,4.0140686,3.412506,0.0019950867,0.09576416,,,10.223389,0.09578494,1.549966,95.85615
2019-07-17,5.193756,4.0140686,-0.09649658,-0.18273926,,,7.9727173,0.20665243,-2.056636,92.090454
2019-07-18,5.4046936,4.1546936,-0.049957275,-0.20410156,,,4.524231,0.21012658,-1.8108436,91.65064
2019-07-19,6.318756,5.3109436,0.11669922,0.026763916,,,9.9105835,0.11972892,0.22544241,93.26641
2019-07-20,6.5453186,5.568756,0.16967773,0.089660645,,,10.070801,0.1919103,0.48612213,93.4805
2019-07-21,6.8265686,5.7796936,0.19152832,0.07873535,,,8.628845,0.20708054,0.3900299,93.04111
2019-07-22,6.8578186,5.912506,0.18530273,0.03741455,,,8.842468,0.1890422,0.19923182,93.69846
2019-07-23,7.5765686,6.381256,0.23376465,-0.015808105,,,17.89856,0.23429854,-0.06752122,92.135345
2019-07-24,7.037506,5.787506,-0.041412354,-0.0970459,,,39.79492,0.10551251,-1.974131,91.75496
2019-07-25,7.1078186,6.1390686,0.16455078,0.32543945,,,14.038086,0.36467493,1.1026577,93.55929
2019-07-26,7.4359436,6.7015686,0.45532227,0.5,,,16.37268,0.6762532,0.83213127,95.09551
2019-07-27,7.4359436,6.6859436,0.37280273,0.15722656,,,14.404297,0.40460113,0.39910784,94.993515
2019-07-28,7.7484436,6.787506,0.37426758,0.33081055,,,25.543213,0.4995116,0.72384167,93.64133
2019-07-29,7.787506,7.037506,0.40014648,0.32299805,,,21.499634,0.5142421,0.6791155,95.0072
2019-07-30,7.4046936,7.0453186,0.33984375,0.5410156,,,20.477295,0.6388988,1.0099287,97.57211
2019-07-31,7.3421936,6.5921936,0.3935547,0.45410156,,,10.307312,0.6009106,0.85670567,94.98985
2019-08-01,7.0453186,6.4046936,0.48461914,0.52685547,,,21.102905,0.71584386,0.8271311,95.69641
2019-08-02,7.0765686,6.412506,0.29736328,0.42382812,,,20.629883,0.5177405,0.9589887,95.5432
2019-08-03,7.6234436,6.9515686,0.33764648,0.20593262,,,12.962341,0.39549133,0.5476715,95.511055
2019-08-04,7.7953186,6.9203186,0.27856445,0.16723633,,,10.688782,0.32490945,0.54067725,94.19718
2019-08-05,7.7015686,6.631256,0.22131348,0.4416504,,,15.411377,0.4939987,1.1062646,92.93818
2019-08-06,7.693756,6.2484436,0.35717773,0.26586914,,,11.650085,0.44526657,0.6398823,90.569756
2019-08-07,7.8421936,6.537506,0.3474121,0.11425781,,,9.567261,0.3657185,0.3177396,91.46113
2019-08-08,7.6859436,6.600006,0.23986816,0.16992188,,,24.093628,0.29395607,0.6163393,92.83758
2019-08-09,6.5765686,5.8890686,0.11029053,-0.12634277,,,18.585205,0.16770956,-0.85313034,95.37108
2019-08-10,7.4828186,5.881256,0.14831543,-0.008369446,,,10.635376,0.14855139,-0.05637026,89.582306
2019-08-11,7.3265686,6.1703186,0.34692383,0.30004883,,,13.420105,0.45867792,0.7130717,92.36879
2019-08-12,7.5609436,5.8734436,0.39282227,0.16601562,,,9.262085,0.4264628,0.39985538,89.057945
2019-08-13,7.506256,6.7328186,0.42626953,0.27563477,,,15.2282715,0.5076221,0.57399607,94.84351
2019-08-14,7.5765686,6.7484436,0.45898438,0.41625977,,,14.404297,0.619628,0.7366224,94.49098
2019-08-15,7.537506,6.7640686,0.3557129,0.32470703,,,12.672424,0.4816288,0.73986095,94.84477
2019-08-16,7.4515686,6.4671936,0.35253906,0.3630371,,,11.528015,0.5060432,0.8000679,93.47585
2019-08-17,7.1390686,5.9984436,0.17626953,0.27075195,,,12.825012,0.32307518,0.99369246,92.45751
2019-08-18,6.537506,5.381256,0.118896484,0.13354492,,,8.216858,0.1788033,0.84336025,92.322266
2019-08-19,6.6703186,5.3734436,0.14880371,0.10266113,,,8.804321,0.18078123,0.60392183,91.43373
2019-08-20,7.0140686,5.568756,0.18945312,0.28588867,,,10.360718,0.34296474,0.9855578,90.52079
2019-08-21,6.8890686,5.5140686,0.24780273,0.41333008,,,8.262634,0.4819211,1.0307244,90.95422
2019-08-22,6.881256,5.4046936,0.17016602,0.18664551,,,6.8588257,0.2525728,0.8315508,90.315125
2019-08-23,7.6234436,6.068756,0.22387695,0.51904297,,,18.920898,0.5652667,1.1635793,89.88382
2019-08-24,6.5609436,6.0140686,0.5083008,0.4091797,,,20.217896,0.65253174,0.6777794,96.301735
2019-08-25,6.1703186,5.100006,0.49804688,0.2043457,,,10.421753,0.53833807,0.38934898,92.85413
2019-08-26,6.9671936,5.3890686,0.39208984,0.24597168,,,11.985779,0.4628569,0.5602766,89.68728
2019-08-27,6.975006,5.381256,0.20239258,0.093811035,,,8.049011,0.22307682,0.43403208,89.59068
2019-08-28,7.6703186,5.7484436,0.26831055,0.2199707,,,7.411957,0.34695485,0.6867197,87.63528
2019-08-29,7.287506,6.1703186,0.23083496,0.19067383,,,12.283325,0.29940155,0.6904054,92.61574
2019-08-30,7.8109436,6.4828186,0.21972656,0.16455078,,,9.45282,0.27451178,0.6427896,91.311745
2019-08-31,7.256256,6.225006,0.34375,0.33911133,,,24.627686,0.482867,0.7786053,93.16448
2020-06-01,0.7015686,-1.5484314,0.09295654,-0.07470703,,,2.412796,0.11925627,-0.67697895,84.89618
2020-06-02,1.4125061,-1.5249939,-0.0071372986,-0.17163086,,,1.0919571,0.1717792,-1.6123575,80.805046
2020-06-03,2.506256,-1.0171814,0.17919922,0.061584473,,,0.9331703,0.18948616,0.3310199,77.57145
2020-06-04,2.943756,1.3578186,0.10620117,0.39160156,,,11.932373,0.40574682,1.3059691,89.31482
2020-06-05,3.2171936,2.506256,-0.084350586,0.36767578,,,28.045654,0.3772274,1.7963097,95.08837
2020-06-06,3.006256,1.9125061,0.03668213,0.041931152,,,23.773193,0.055711757,0.8520694,92.5208
2020-06-07,2.693756,1.3187561,0.010787964,-0.15454102,,,5.012512,0.15491709,-1.5011029,90.65689
2020-06-08,3.8265686,1.4984436,-0.061065674,-0.25317383,,,3.9634705,0.26043427,-1.8074762,84.77261
2020-06-09,5.3734436,3.568756,0.114746094,0.007522583,,,10.612488,0.11499241,0.06546483,88.14472
2020-06-10,5.068756,3.3109436,0.031158447,-0.072509766,,,1.502037,0.07892094,-1.1649399,88.40938
2020-06-11,5.0296936,3.4828186,0.034362793,-0.22607422,,,4.917145,0.22867084,-1.4199531,89.7313
2020-06-12,5.0296936,3.6078186,-0.013893127,-0.234375,,,5.3863525,0.2347864,-1.6300044,90.52496
2020-06-13,6.006256,4.2640686,-0.008880615,-0.1303711,,,17.37976,0.1306732,-1.6388092,88.58845
2020-06-14,5.7796936,4.5921936,-0.041748047,-0.15197754,,,18.218994,0.15760733,-1.8388824,92.07599
2020-06-15,6.162506,4.975006,0.10058594,0.16699219,,,36.102295,0.19494595,1.0286586,92.09938
2020-06-16,5.5765686,4.8109436,-0.14172363,-0.0418396,,,28.137207,0.14777057,-2.8545272,94.81682
2020-06-17,6.6390686,5.3734436,0.12915039,-0.032073975,,,8.979797,0.13307352,-0.24342129,91.63025
2020-06-18,6.2484436,4.9046936,-0.04525757,-0.23181152,,,23.81897,0.23618813,-1.7636054,91.10792
2020-06-19,6.4046936,5.3109436,-0.040496826,0.022262573,,,45.50171,0.046212714,2.638952,92.716064
2020-06-20,6.100006,5.4984436,0.05718994,0.37695312,,,28.457642,0.38126677,1.4202282,95.9239
2020-06-21,6.2328186,5.3109436,0.17578125,0.14172363,,,12.283325,0.22579777,0.67854035,93.8204
2020-06-22,5.9671936,4.850006,0.06982422,-0.10229492,,,17.959595,0.12385343,-0.9718592,92.540054
2020-06-23,6.193756,4.8578186,0.027420044,-0.07775879,,,12.268066,0.08245173,-1.2317809,91.15381
2020-06-24,6.1234436,4.6703186,0.07421875,-0.1295166,,,8.918762,0.14927483,-1.050433,90.406746
2020-06-25,6.287506,5.2796936,0.20739746,0.15686035,,,19.577026,0.2600363,0.6475383,93.26478
2020-06-26,5.5296936,4.0140686,-0.012016296,-0.28173828,,,27.98462,0.2819944,-1.6134211,89.96762
2020-06-27,6.0765686,5.0765686,0.058166504,0.03564453,,,8.338928,0.06821931,0.54977936,93.30444
2020-06-28,5.7640686,4.662506,-0.049835205,-0.14904785,,,7.1525574,0.15715855,-1.893468,92.6293
2020-06-29,5.4828186,4.1859436,-0.087524414,-0.35180664,,,22.872925,0.3625306,-1.8146317,91.35512
2020-06-30,5.787506,4.506256,-0.019302368,-0.24206543,,,6.4086914,0.2428338,-1.6503682,91.47526
2020-07-01,6.2796936,5.0140686,0.027954102,-0.25317383,,,8.621216,0.25471243,-1.4608271,91.607086
2020-07-02,6.5140686,5.2484436,0.043823242,-0.13391113,,,10.4599,0.1408995,-1.2545252,91.6222
2020-07-03,6.9515686,6.100006,0.20776367,0.1550293,,,19.699097,0.2592293,0.6410524,94.311485
2020-07-04,5.631256,4.8890686,-0.043670654,-0.10211182,,,43.395996,0.11105832,-1.9749304,94.97405
2020-07-05,6.6703186,5.693756,0.14440918,0.17810059,,,7.6408386,0.22928984,0.8894869,93.486824
2020-07-06,7.1546936,6.100006,0.23754883,0.16674805,,,16.708374,0.29023156,0.61203533,93.008575
2020-07-07,7.3578186,6.3734436,0.1427002,0.3251953,,,13.000488,0.35512722,1.1572837,93.47113
2020-07-08,7.9203186,7.0765686,0.2927246,0.24621582,,,9.178162,0.38250482,0.6993147,94.40462
2020-07-09,7.8578186,6.9515686,0.30932617,0.47973633,,,22.277832,0.5708149,0.9980968,93.99846
2020-07-10,7.318756,6.7796936,0.21057129,0.38085938,,,44.158936,0.43519437,1.0657412,96.37537
2020-07-11,6.881256,6.0140686,0.09075928,-0.05670166,,,45.318604,0.107015535,-0.5584179,94.206665
2020-07-12,6.4828186,5.4359436,0.13562012,0.1829834,,,22.857666,0.22776246,0.93297637,93.02256
2020-07-13,6.787506,5.5765686,0.050689697,-0.076538086,,,6.8588257,0.09180155,-0.9858363,91.98784
2020-07-14,7.350006,6.3734436,0.24450684,0.36035156,,,12.367249,0.4354731,0.97463036,93.52103
2020-07-15,7.3734436,6.412506,0.36669922,0.41308594,,,10.986328,0.5523661,0.8448147,93.622856
2020-07-16,7.6234436,6.6546936,0.25219727,0.30322266,,,12.161255,0.39439502,0.87700915,93.58494
2020-07-17,7.8265686,6.975006,0.36254883,0.23022461,,,20.736694,0.42947063,0.56577003,94.35002
2020-07-18,7.4984436,6.943756,0.39916992,0.32226562,,,16.662598,0.5130222,0.67920023,96.277306
2020-07-19,7.5453186,6.7484436,0.089538574,0.30419922,,,32.562256,0.317103,1.2845385,94.69261
2020-07-20,5.318756,4.3109436,-0.20703125,-0.12792969,,,48.27881,0.24336791,-2.5880976,93.21386
2020-07-21,5.2171936,4.2953186,0.017608643,-0.13781738,,,17.562866,0.13893774,-1.4437169,93.77125
2020-07-22,6.4203186,5.475006,0.12365723,0.31811523,,,7.385254,0.34130397,1.2000532,93.67702
2020-07-23,6.693756,5.7171936,0.16394043,0.18579102,,,48.37036,0.24777967,0.84779525,93.48801
2020-07-24,5.8734436,4.537506,-0.017181396,-0.28344727,,,17.684937,0.28396752,-1.6313381,91.13201
2020-07-25,6.4984436,5.4046936,0.14379883,-0.12524414,,,13.282776,0.19069399,-0.71654165,92.72135
2020-07-26,7.287506,6.3578186,0.2133789,0.061431885,,,10.246277,0.22204602,0.28031966,93.82034
2020-07-27,7.4828186,6.725006,0.22766113,0.38330078,,,16.25061,0.44581282,1.034838,94.9444
2020-07-28,6.6859436,6.3109436,-0.04949951,0.12561035,,,49.89624,0.13501172,1.9461819,97.45332
2020-07-29,6.475006,5.7171936,0.3803711,0.2841797,,,11.619568,0.4748055,0.64165,94.90447
2020-07-30,6.8734436,5.9828186,0.35351562,0.21789551,,,11.329651,0.4152731,0.5523675,94.05394
2020-07-31,7.6234436,6.8890686,0.32885742,0.38793945,,,15.24353,0.5085708,0.86763734,95.10268
2020-08-01,7.5453186,6.7171936,0.21887207,0.13208008,,,17.303467,0.25563672,0.5429582,94.489655
2020-08-02,8.248444,6.9828186,0.2006836,0.25585938,,,10.063171,0.32517368,0.90567046,91.73283
2020-08-03,7.9359436,6.6078186,0.12866211,0.20092773,,,9.979248,0.23859148,1.0012418,91.32003
2020-08-04,8.100006,6.100006,0.17163086,0.11785889,,,8.911133,0.20820151,0.6017438,87.203705
2020-08-05,8.685944,6.818756,0.36035156,0.3095703,,,12.657166,0.4750653,0.7097411,88.058716
2020-08-06,7.9828186,6.7328186,0.2208252,0.14855957,,,18.569946,0.26614603,0.5922005,91.81449
2020-08-07,8.623444,7.5296936,0.2770996,0.31567383,,,15.335083,0.42004067,0.85038066,92.839516
2020-08-08,8.717194,7.8578186,0.23132324,0.2553711,,,34.820557,0.3445647,0.8347686,94.338684
2020-08-09,8.107819,7.631256,0.3400879,0.5966797,,,30.227661,0.6867943,1.0527525,96.80942
2020-08-10,7.3421936,6.5453186,0.4423828,0.45092773,,,23.544312,0.63169485,0.79496336,94.68422
2020-08-11,8.475006,7.6078186,0.3852539,0.6044922,,,22.55249,0.7168203,1.0033879,94.27785
2020-08-12,8.295319,7.7484436,0.23962402,0.67041016,,,23.468018,0.7119476,1.2275187,96.351715
2020-08-13,7.9359436,7.1703186,0.3852539,0.55371094,,,22.750854,0.67454904,0.96291685,94.911446
2020-08-14,7.8578186,7.193756,0.3322754,0.35253906,,,40.924072,0.48444888,0.81497955,95.57033
2020-08-15,7.193756,6.475006,0.22216797,0.21252441,,,23.391724,0.30744955,0.76321703,95.18852
2020-08-16,7.9828186,7.1546936,0.32128906,0.2397461,,,13.2751465,0.4008801,0.64106506,94.50833
2020-08-17,8.045319,6.7015686,0.07727051,0.049591064,,,16.51001,0.09181506,0.5705786,91.229324
2020-08-18,8.225006,6.756256,0.105163574,0.2722168,,,17.837524,0.2918242,1.2021359,90.46212
2020-08-19,7.6546936,6.2328186,0.48876953,0.58251953,,,24.490356,0.76041085,0.8726872,90.713425
2020-08-20,7.037506,5.756256,0.41967773,0.3564453,,,10.101318,0.55062026,0.70410556,91.55678
2020-08-21,6.943756,5.6078186,0.34838867,0.4519043,,,15.045166,0.5706068,0.9140311,91.204544
2020-08-22,6.756256,5.7796936,0.31079102,0.54345703,,,15.655518,0.6260484,1.0513116,93.49116
2020-08-23,7.2484436,6.318756,0.37402344,0.46044922,,,23.483276,0.5932175,0.8885996,93.81847
2020-08-24,7.3265686,6.256256,0.19763184,0.15563965,,,17.25769,0.25155923,0.66708666,92.917725
2020-08-25,7.6859436,6.0296936,0.25512695,0.25268555,,,23.101807,0.3590818,0.7805905,89.26069
2020-08-26,7.2953186,5.881256,0.33520508,0.15515137,,,8.766174,0.36937025,0.43349263,90.73694
2020-08-27,6.7484436,5.412506,0.33642578,0.27148438,,,8.476257,0.43230322,0.67897445,91.191376
2020-08-28,6.412506,5.475006,0.23327637,0.40112305,,,10.185242,0.46402323,1.0440475,93.72741
2020-08-29,6.4046936,5.1234436,0.14038086,0.17016602,,,8.117676,0.2205975,0.8810176,91.51565
2020-08-30,6.3578186,4.381256,0.17553711,-0.056152344,,,3.8032532,0.18429965,-0.309602,87.17866
2020-08-31,7.7484436,6.2484436,0.17700195,0.1385498,,,9.414673,0.22477931,0.66413915,90.23297
2021-06-01,3.4515686,1.3578186,0.0791626,-0.036712646,,,1.4734268,0.087261304,-0.43423972,86.16737
2021-06-02,2.443756,0.0140686035,-0.045928955,-0.2446289,,,1.2788773,0.24890314,-1.7563853,83.99321
2021-06-03,3.4203186,0.2250061,-0.071899414,-0.22961426,,,0.5836487,0.24060805,-1.8742563,79.589066
2021-06-04,3.7015686,1.3812561,-0.0063591003,-0.22680664,,,2.5844574,0.22689576,-1.5988265,84.805855
2021-06-05,3.9359436,2.0296936,0.047210693,-0.18164062,,,3.0097961,0.18767568,-1.3165101,87.3795
2021-06-06,4.412506,2.3265686,0.10003662,-0.14770508,,,5.2452087,0.17839316,-0.975487,86.31526
2021-06-07,4.2328186,2.068756,0.140625,-0.09136963,,,2.040863,0.16770151,-0.57619214,85.817505
2021-06-08,4.600006,1.8500061,-0.072631836,-0.29492188,,,7.511139,0.30373392,-1.8122659,82.345695
2021-06-09,5.3265686,2.8578186,-0.031463623,-0.21289062,,,4.5433044,0.2152031,-1.7175266,84.100685
2021-06-10,5.1234436,3.787506,0.062072754,-0.057006836,,,6.4086914,0.084278144,-0.74288154,91.08066
2021-06-11,5.4046936,4.100006,0.2142334,0.11407471,,,12.435913,0.24271174,0.48929167,91.29987
2021-06-12,5.4515686,4.2171936,0.1517334,-0.047851562,,,29.556274,0.15909995,-0.3054938,91.75406
2021-06-13,5.7953186,4.350006,0.15515137,0.15600586,,,14.381409,0.22002222,0.78814435,90.43205
2021-06-14,6.631256,5.5296936,0.27392578,0.4519043,,,34.973145,0.52844375,1.0258605,92.67861
2021-06-15,5.506256,4.6234436,-0.05987549,0.3815918,,,34.576416,0.38626075,1.7264371,94.041534
2021-06-16,6.1546936,5.256256,0.23327637,0.18798828,,,11.230469,0.29959548,0.67830443,93.96955
2021-06-17,6.443756,5.3109436,0.25317383,0.2578125,,,10.360718,0.3613368,0.7944758,92.46711
2021-06-18,6.2953186,5.3265686,0.24914551,0.40063477,,,24.475098,0.47178566,1.014446,93.518555
2021-06-19,5.9046936,5.1390686,0.23339844,0.46826172,,,17.227173,0.5232054,1.1084008,94.83014
2021-06-20,5.7171936,4.7484436,0.0019006729,0.27441406,,,22.491455,0.27442065,1.5638702,93.48934
2021-06-21,6.6859436,5.6859436,0.18127441,0.3017578,,,11.627197,0.35202014,1.0298415,93.33604
2021-06-22,6.9671936,5.9359436,0.37036133,0.38183594,,,16.235352,0.53194565,0.8006518,93.1492
2021-06-23,6.4671936,5.6390686,0.31958008,0.40356445,,,11.856079,0.5147773,0.9010179,94.4432
2021-06-24,6.1703186,4.9203186,0.22155762,0.23999023,,,8.44574,0.32662377,0.82531345,91.6998
2021-06-25,6.2328186,4.725006,0.14428711,0.44335938,,,12.664795,0.46624705,1.2561661,90.07047
2021-06-26,5.2640686,4.0140686,-0.0074920654,-0.04815674,,,19.79065,0.04873605,-1.7251357,91.641556
2021-06-27,6.2328186,5.2796936,0.17346191,0.024536133,,,8.430481,0.17518863,0.14051747,93.616974
2021-06-28,6.850006,5.975006,0.1953125,-0.022598267,,,8.796692,0.1966155,-0.11519092,94.154434
2021-06-29,7.881256,6.850006,0.2536621,0.09460449,,,23.406982,0.2707295,0.3569764,93.19738
2021-06-30,8.225006,7.6390686,0.16479492,0.27416992,,,51.574707,0.31988516,1.0295914,96.09354
2021-07-01,5.287506,4.3421936,-0.16503906,-0.4091797,,,94.23828,0.44120958,-1.9541798,93.62097
2021-07-02,5.0296936,3.600006,-0.12609863,-0.24719238,,,27.664185,0.27749765,-2.0425098,90.47518
2021-07-03,5.2796936,4.1703186,-0.06222534,-0.14855957,,,12.939453,0.16106501,-1.967453,92.550865
2021-07-04,5.5765686,4.506256,0.058624268,-0.16235352,,,8.956909,0.17261364,-1.224276,92.82115
2021-07-05,6.1703186,4.9984436,0.023651123,-0.22644043,,,4.398346,0.22767223,-1.4667262,92.20012
2021-07-06,7.568756,6.5453186,0.17810059,0.09893799,,,7.293701,0.20373645,0.5070694,93.23104
2021-07-07,7.8578186,7.006256,0.18811035,0.4050293,,,22.354126,0.44658062,1.1360022,94.351395
2021-07-08,6.9046936,5.8890686,0.29711914,0.30297852,,,13.839722,0.42435336,0.7951619,93.24655
2021-07-09,7.3421936,6.6078186,0.3840332,0.31225586,,,11.802673,0.49495983,0.6826754,95.09193
2021-07-10,7.6703186,7.006256,0.20825195,0.19934082,,,26.626587,0.2882805,0.76353884,95.563835
2021-07-11,6.7171936,5.8734436,0.22595215,0.2607422,,,23.452759,0.34502298,0.85675913,94.35204
2021-07-12,6.5453186,5.7484436,0.47485352,0.4267578,,,17.623901,0.6384419,0.7321045,94.65109
2021-07-13,6.5453186,5.5296936,0.54248047,0.30639648,,,11.21521,0.623028,0.51413983,93.22773
2021-07-14,6.9828186,6.0609436,0.37158203,0.2854004,,,11.177063,0.46853665,0.6549649,93.85632
2021-07-15,6.9984436,6.256256,0.31225586,0.19506836,,,15.975952,0.36817846,0.5583884,95.02756
2021-07-16,6.8265686,6.2640686,0.29223633,0.105773926,,,19.577026,0.31078961,0.3472777,96.20581
2021-07-17,7.631256,6.631256,0.1928711,0.26757812,,,38.78784,0.3298444,0.94624466,93.3846
2021-07-18,6.8421936,5.818756,0.0847168,-0.10144043,,,29.571533,0.13216314,-0.87499374,93.19291
2021-07-19,7.7015686,6.787506,0.37719727,0.4152832,,,22.109985,0.56101507,0.83342034,93.94082
2021-07-20,7.537506,6.756256,0.46069336,0.48242188,,,17.074585,0.66706014,0.8084332,94.79392
2021-07-21,7.506256,6.600006,0.50439453,0.65478516,,,25.19226,0.8265334,0.9144163,93.98209
2021-07-22,7.068756,6.1859436,0.36865234,0.3852539,,,15.548706,0.5332215,0.8074153,94.11365
2021-07-23,8.225006,6.9359436,0.23034668,0.25463867,,,15.029907,0.34336635,0.83544445,91.5841
2021-07-24,8.607819,7.2796936,0.40820312,0.40771484,,,11.398315,0.57694125,0.78479975,91.36437
2021-07-25,8.725006,7.7171936,0.42700195,0.45751953,,,22.125244,0.6258233,0.81988627,93.39042
2021-07-26,7.568756,6.881256,0.18005371,0.016448975,,,30.685425,0.18080351,0.09110305,95.40686
2021-07-27,7.7171936,6.6078186,0.20715332,0.24047852,,,15.335083,0.31739944,0.85970885,92.68988
2021-07-28,7.3890686,6.2015686,0.31689453,0.2709961,,,13.786316,0.41696647,0.7074831,92.17365
2021-07-29,7.5765686,6.2484436,0.33447266,0.3317871,,,10.253906,0.47112063,0.7813674,91.29617
2021-07-30,7.725006,6.4359436,0.3005371,0.36279297,,,13.641357,0.47110647,0.87897754,91.55189
2021-07-31,7.725006,6.318756,0.15649414,0.40966797,,,11.741638,0.43854105,1.2059008,90.8161
2021-08-01,7.6859436,6.5765686,0.21862793,0.51171875,,,10.749817,0.55646586,1.167028,92.688126
2021-08-02,7.6859436,6.5609436,0.26123047,0.6088867,,,18.753052,0.662559,1.1655174,92.58861
2021-08-03,7.381256,6.4984436,0.39257812,0.49023438,,,15.441895,0.62805045,0.8955697,94.127914
2021-08-04,6.9828186,6.037506,0.42016602,0.64501953,,,27.069092,0.76979846,0.99343723,93.704575
2021-08-05,6.3890686,5.318756,0.4284668,0.2232666,,,13.2369995,0.48314777,0.48037112,92.866234
2021-08-06,6.4359436,5.5765686,0.4345703,0.34716797,,,11.512756,0.55621666,0.67405546,94.23756
2021-08-07,7.100006,6.0140686,0.43139648,0.4831543,,,13.969421,0.64771986,0.8419316,92.80515
2021-08-08,7.693756,6.725006,0.36694336,0.52197266,,,14.205933,0.63804615,0.95806414,93.588425
2021-08-09,7.5765686,6.6546936,0.32763672,0.4567871,,,12.1536255,0.56213903,0.9485778,93.88454
2021-08-10,7.8890686,6.7015686,0.27685547,0.47070312,,,6.954193,0.54608643,1.0391176,92.20364
2021-08-11,8.092194,7.162506,0.33569336,0.43676758,,,14.099121,0.55086833,0.915506,93.8587
2021-08-12,8.029694,6.9515686,0.3190918,0.47631836,,,18.76831,0.57332253,0.98054975,92.906235
2021-08-13,7.6390686,6.725006,0.28759766,0.40112305,,,35.003662,0.49357077,0.9487643,93.93789
2021-08-14,7.412506,6.8890686,0.27124023,0.58203125,,,64.331055,0.64213055,1.1346974,96.48136
2021-08-15,6.5296936,5.7953186,0.40527344,0.3347168,,,16.418457,0.5256252,0.6903375,95.06068
2021-08-16,7.068756,6.162506,0.31152344,0.28173828,,,6.7100525,0.42002776,0.7352345,93.96164
2021-08-17,7.6078186,6.1234436,0.2512207,0.34472656,,,8.43811,0.4265539,0.9410322,90.31986
2021-08-18,7.693756,6.4671936,0.35498047,0.44555664,,,14.854431,0.569677,0.8980633,91.94452
2021-08-19,7.2484436,6.3421936,0.37280273,0.65478516,,,23.925781,0.7534756,1.0532176,93.970055
2021-08-20,7.1546936,6.225006,0.40942383,0.72314453,,,14.953613,0.83100295,1.0556222,93.81397
2021-08-21,7.0765686,6.256256,0.43603516,0.44458008,,,15.197754,0.62271833,0.7951012,94.52041
2021-08-22,7.2484436,6.3421936,0.42333984,0.42285156,,,17.532349,0.5983478,0.78482115,93.970055
2021-08-23,7.1703186,6.475006,0.37646484,0.41625977,,,16.052246,0.5612468,0.83555627,95.34128
2021-08-24,7.631256,6.6546936,0.3618164,0.48242188,,,16.540527,0.60302734,0.9272952,93.53511
2021-08-25,7.568756,6.850006,0.30615234,0.35131836,,,18.64624,0.4659977,0.85398704,95.20258
2021-08-26,7.8265686,6.9046936,0.08062744,0.2512207,,,27.511597,0.26384205,1.2602385,93.89637
2021-08-27,5.662506,5.1234436,0.04373169,-0.12890625,,,48.736572,0.1361223,-1.2437285,96.32778
2021-08-28,6.037506,5.3265686,0.4267578,0.34521484,,,15.823364,0.54890394,0.6801591,95.19642
2021-08-29,4.7015686,4.1234436,0.095458984,0.2331543,,,27.60315,0.25193918,1.1821922,96.03638
2021-08-30,5.2015686,4.4984436,0.25073242,0.3095703,,,8.804321,0.39837235,0.8900256,95.21676
2021-08-31,5.6390686,4.7328186,0.23144531,0.1739502,,,7.9727173,0.28952652,0.644513,93.89405
2022-06-01,4.850006,3.381256,0.13868713,0.09918213,,,5.9280396,0.17050283,0.62082165,90.21312
2022-06-02,4.631256,2.975006,0.1660614,0.01673317,,,10.08606,0.16690233,0.10042597,89.00851
2022-06-03,5.068756,3.506256,0.30270386,0.23989868,,,2.9258728,0.3862396,0.6701629,89.63562
2022-06-04,5.225006,3.287506,0.2403717,0.153656,,,5.7907104,0.28528708,0.5687762,87.30936
2022-06-05,5.787506,4.256256,0.18284607,0.1600647,,,2.3059845,0.24300903,0.71906036,89.88896
2022-06-06,6.443756,5.318756,0.26513672,0.27749634,,,5.6495667,0.38379905,0.80817133,92.517296
2022-06-07,6.412506,5.568756,0.32922363,0.39593506,,,8.43811,0.51492983,0.8771356,94.338615
2022-06-08,6.506256,5.600006,0.31381226,0.29248047,,,13.031006,0.42897898,0.7502287,93.93518
2022-06-09,6.225006,5.568756,0.3493042,0.6209717,,,11.711121,0.71247405,1.0583975,95.56509
2022-06-10,5.725006,4.350006,0.38101196,0.35321045,,,19.699097,0.51954573,0.747551,90.87313
2022-06-11,5.631256,3.912506,0.28781128,0.25442505,,,8.979797,0.38414508,0.72390443,88.70186
2022-06-12,5.568756,4.318756,0.18460083,0.18858337,,,5.7373047,0.2638961,0.79606956,91.66121
2022-06-13,6.725006,5.006256,0.27285767,0.3090515,,,5.7640076,0.41226706,0.8475166,88.79516
2022-06-14,6.693756,5.631256,0.25372314,0.25701904,,,14.472961,0.36115676,0.7918512,92.93331
2022-06-15,6.006256,5.100006,0.027009964,0.04940796,,,23.80371,0.056308832,1.0705116,93.91152
2022-06-16,4.631256,3.818756,0.23284912,0.030488968,,,57.495117,0.23483673,0.13019802,94.46645
2022-06-17,4.381256,3.318756,0.09585571,0.1615448,,,45.043945,0.18784313,1.0352666,92.80522
2022-06-18,4.318756,3.537506,0.106048584,0.21142578,,,23.666382,0.23653153,1.1058793,94.66104
2022-06-19,4.193756,3.193756,0.2121582,0.29962158,,,35.52246,0.36712965,0.95466334,93.20544
2022-06-20,4.381256,3.350006,0.23704529,0.20166016,,,7.850647,0.31121904,0.70491433,93.0101
2022-06-21,4.631256,3.068756,0.027627945,-0.05426407,,,6.664276,0.060892466,-1.0998644,89.60084
2022-06-22,5.412506,3.881256,-0.01271534,-0.21328735,,,3.276825,0.21366604,-1.6303419,89.859924
2022-06-23,6.412506,5.318756,0.16505432,-0.016180038,,,2.7503967,0.16584547,-0.09771636,92.71651
2022-06-24,7.006256,5.693756,0.46322632,0.27981567,,,7.3280334,0.54117966,0.54339814,91.356895
2022-06-25,7.037506,6.443756,0.35510254,0.46820068,,,7.05719,0.58763057,0.9219149,96.00542
2022-06-26,6.818756,6.225006,0.39767456,0.35147095,,,26.031494,0.5307324,0.7238011,95.99855
2022-06-27,7.100006,6.506256,0.45095825,0.24873352,,,26.96228,0.5150065,0.5040452,96.00738
2022-06-28,7.693756,6.943756,0.28277588,0.1771698,,,12.619019,0.33369347,0.5597044,95.003555
2022-06-29,6.818756,6.193756,0.13381958,0.32147217,,,22.262573,0.34821263,1.1763422,95.79192
2022-06-30,6.787506,6.162506,0.29003906,0.22595215,,,28.213501,0.36766428,0.6618294,95.79089
2022-07-01,7.506256,6.537506,0.32806396,0.25897217,,,13.893127,0.41796237,0.66824114,93.57912
2022-07-02,7.412506,6.912506,0.3078308,0.3577881,,,12.59613,0.47198743,0.86031157,96.63654
2022-07-03,7.475006,6.725006,0.23829651,0.13209534,,,15.945435,0.27245992,0.5061629,94.99504
2022-07-04,8.131256,6.818756,0.042835236,0.006281376,,,13.938904,0.04329334,0.14560266,91.43093
2022-07-05,8.850006,7.475006,0.2753601,0.30923462,,,18.966675,0.4140643,0.84327877,91.08843
2022-07-06,8.475006,7.131256,0.34783936,0.30892944,,,20.248413,0.46521997,0.7262229,91.258
2022-07-07,8.506256,7.256256,0.24996948,0.25109863,,,9.254456,0.35430956,0.78765166,91.847176
2022-07-08,8.381256,7.193756,0.29693604,0.58477783,,,14.167786,0.6558476,1.1009474,92.23299
2022-07-09,6.912506,5.975006,0.40985107,0.55718994,,,19.836426,0.69169253,0.93659586,93.751724
2022-07-10,7.162506,5.881256,0.397583,0.414917,,,15.579224,0.574655,0.8067291,91.564865
2022-07-11,7.693756,6.287506,0.37869263,0.3699646,,,11.146545,0.52941656,0.7737404,90.81391
2022-07-12,8.068756,6.631256,0.31726074,0.44223022,,,9.82666,0.54426277,0.94848055,90.64526
2022-07-13,7.725006,6.256256,0.44610596,0.4553833,,,13.442993,0.63748294,0.7956889,90.42582
2022-07-14,7.381256,5.631256,0.43969727,0.43530273,,,13.435364,0.61872625,0.7803759,88.6585
2022-07-15,7.443756,5.256256,0.29763794,0.2508545,,,10.566711,0.38925096,0.7003095,86.013794
2022-07-16,8.162506,6.162506,0.35769653,0.40878296,,,5.279541,0.54318535,0.85195047,87.20967
2022-07-17,8.193756,6.256256,0.25115967,0.21920776,,,10.307312,0.33336648,0.7175727,87.58925
2022-07-18,8.443756,6.912506,0.37768555,0.34106445,,,10.71167,0.50889224,0.7344911,90.09115
2022-07-19,7.568756,6.631256,0.14935303,0.2121582,,,23.147583,0.259456,0.9574109,93.783424
2022-07-20,7.037506,6.037506,0.26391602,0.37145996,,,33.233643,0.45566893,0.9530693,93.35416
2022-07-21,7.100006,6.287506,0.2110138,0.22999573,,,17.807007,0.31212956,0.8284136,94.5723
2022-07-22,7.225006,5.943756,0.21124268,0.24191284,,,20.385742,0.3211624,0.85297644,91.56891
2022-07-23,5.662506,4.662506,-0.046710968,-0.3131714,,,33.38623,0.3166358,-1.7188594,93.28285
2022-07-24,6.131256,5.225006,0.16204834,0.07299042,,,14.801025,0.17772807,0.42320624,93.91745
2022-07-25,6.412506,5.506256,0.2237091,0.16586304,,,12.9470825,0.27848935,0.6379891,93.930756
2022-07-26,6.600006,5.912506,0.3475647,0.32373047,,,17.929077,0.47497645,0.74990827,95.37193
2022-07-27,6.475006,5.693756,0.34979248,0.2401886,,,17.120361,0.4243175,0.6017169,94.75061
2022-07-28,6.943756,6.162506,0.44082642,0.3764038,,,17.01355,0.5796618,0.7067304,94.76978
2022-07-29,6.943756,6.225006,0.50061035,0.6168213,,,13.259888,0.7944049,0.8890239,95.179115
2022-07-30,7.318756,6.506256,0.43634033,0.51312256,,,17.196655,0.67356336,0.86609167,94.58154
2022-07-31,7.131256,6.193756,0.15039062,0.3765869,,,20.828247,0.40550593,1.190849,93.76232
2022-08-01,7.787506,6.975006,0.3320923,0.62402344,,,14.984131,0.7068879,1.081738,94.60126
2022-08-02,7.631256,6.662506,0.23625183,0.7200928,,,15.174866,0.75785786,1.2537764,93.58533
2022-08-03,7.662506,6.756256,0.45263672,0.6913452,,,17.63916,0.82634026,0.991111,93.98938
2022-08-04,7.350006,6.600006,0.29727173,0.45254517,,,16.036987,0.54144955,0.9895938,94.99016
2022-08-05,7.787506,6.787506,0.34457397,0.323761,,,32.073975,0.47281328,0.7542667,93.39258
2022-08-06,7.537506,6.287506,0.318573,0.6519165,,,16.403198,0.7255921,1.1162525,91.78652
2022-08-07,7.600006,6.225006,0.31622314,0.29553223,,,12.687683,0.43282372,0.7515889,91.00321
2022-08-08,8.225006,6.725006,0.30355835,0.2947693,,,8.377075,0.42312717,0.7707098,90.268234
2022-08-09,8.693756,7.256256,0.2387085,0.26437378,,,13.175964,0.3561955,0.83637005,90.68956
2022-08-10,7.975006,6.693756,0.49588013,0.5904541,,,17.990112,0.77105975,0.87223715,91.617165
2022-08-11,7.475006,6.100006,0.2849121,0.2548523,,,29.99878,0.38226247,0.729765,90.99463
2022-08-12,8.131256,6.287506,0.23579407,0.15548706,,,11.360168,0.2824448,0.5829681,88.15129
2022-08-13,8.100006,6.506256,0.4126892,0.49002075,,,7.74765,0.6406502,0.8708555,89.67903
2022-08-14,6.693756,5.318756,0.38241577,0.19541931,,,19.02771,0.42945376,0.4724189,90.94069
2022-08-15,6.912506,5.787506,0.114723206,0.3562317,,,12.10022,0.37424916,1.259238,92.54433
2022-08-16,6.162506,5.350006,0.04478836,-0.09572601,,,9.101868,0.105685696,-1.1331726,94.53246
2022-08-17,7.131256,5.568756,0.11432648,0.03527832,,,6.6375732,0.11964574,0.2993053,89.79732
2022-08-18,7.975006,6.412506,0.11023712,0.14640808,,,6.5689087,0.18326907,0.92541355,89.862404
2022-08-19,7.100006,5.912506,0.4189148,0.4340515,,,9.82666,0.6032332,0.80314225,92.15625
2022-08-20,6.850006,5.568756,0.29833984,0.3334961,,,21.499634,0.44746655,0.84098226,91.544624
2022-08-21,7.068756,5.631256,0.15014648,0.33740234,,,9.651184,0.36930245,1.1521021,90.57375
2022-08-22,7.100006,5.225006,0.16688538,0.3196411,,,8.857727,0.3605845,1.0896236,87.86813
2022-08-23,7.256256,5.756256,0.3692627,0.45111084,,,7.6675415,0.58297163,0.88483846,90.19636
2022-08-24,7.006256,5.787506,0.2607727,0.15467834,,,13.900757,0.30319598,0.5353704,91.9516
2022-08-25,7.662506,5.850006,0.082481384,0.0005366206,,,9.025574,0.08248313,0.0065058684,88.30016
2022-08-26,7.350006,5.850006,0.15690613,0.07672882,,,4.878998,0.17466208,0.45481783,90.203354
2022-08-27,7.537506,6.600006,0.25668335,0.42001343,,,14.335632,0.49223736,1.0222323,93.78192
2022-08-28,6.787506,6.037506,0.25134277,0.67785645,,,11.84082,0.72295403,1.2157212,94.96812
2022-08-29,6.725006,5.850006,0.3526001,0.40246582,,,18.859863,0.53507525,0.851344,94.14874
2022-08-30,6.975006,5.818756,0.29483032,0.28985596,,,22.537231,0.41345057,0.7768906,92.348114
2022-08-31,7.037506,6.287506,0.32028198,0.45065308,,,7.3394775,0.5528732,0.952921,94.977936
2023-06-01,2.318756,-3.024994,0.055576324,-0.11768341,,,0.5764961,0.1301465,-1.1295918,67.79385
2023-06-02,1.0375061,-4.399994,0.07876587,-0.062397003,,,0.03567338,0.100486055,-0.66995645,67.03971
2023-06-03,1.0062561,-5.212494,0.10282898,-0.12788391,,,0.09983778,0.16409782,-0.89357215,63.19399
2023-06-04,2.881256,-1.7437439,0.11898041,-0.10165405,,,0.04005432,0.15649244,-0.7070293,71.61499
2023-06-05,3.100006,0.2562561,0.16012573,0.12973022,,,0.85163116,0.20608294,0.68091583,81.59405
2023-06-06,2.600006,-0.5249939,0.05734253,0.07044983,,,4.6424866,0.090836905,0.88760793,79.874916
2023-06-07,3.225006,-0.4624939,0.07588196,-0.040905,,,4.2762756,0.08620493,-0.49440593,76.76551
2023-06-08,3.693756,-0.2437439,0.057704926,-0.057621002,,,2.6454926,0.08154777,-0.7846705,75.46125
2023-06-09,4.506256,1.1000061,0.18592834,0.094177246,,,1.8510818,0.20841953,0.4688535,78.550514
2023-06-10,4.756256,2.068756,0.21366882,0.09361267,,,2.9335022,0.23327601,0.41293105,82.73393
2023-06-11,5.537506,2.850006,0.20300293,0.21073914,,,3.232956,0.29261097,0.80409414,82.83295
2023-06-12,5.475006,3.381256,0.1824646,0.1395874,,,7.129669,0.22973457,0.65303904,86.37656
2023-06-13,5.537506,4.381256,0.15478516,0.17781067,,,11.993408,0.23574367,0.8545176,92.26269
2023-06-14,4.787506,3.068756,-0.023227692,0.05801773,,,38.513184,0.06249466,1.9516088,88.629105
2023-06-15,4.350006,3.100006,0.0579834,0.60491943,,,41.381836,0.607692,1.4752352,91.582214
2023-06-16,4.631256,2.600006,0.041057587,0.115242004,,,12.252808,0.12233742,1.2285442,86.673706
2023-06-17,5.475006,3.975006,0.16877747,0.102256775,,,2.8858185,0.19733799,0.5447226,90.062164
2023-06-18,6.068756,4.881256,0.26605225,0.24832153,,,17.211914,0.3639332,0.75094134,92.09366
2023-06-19,5.912506,4.975006,0.26184082,0.21772766,,,14.610291,0.34053773,0.69367117,93.70296
2023-06-20,6.037506,5.225006,0.22865295,0.11781311,,,17.593384,0.25721994,0.47577193,94.52712
2023-06-21,6.475006,5.037506,0.20916748,-0.02593422,,,11.421204,0.2107691,-0.123358265,90.53091
2023-06-22,7.631256,5.881256,0.07421112,-0.09626007,,,7.293701,0.12154543,-0.91402525,88.679855
2023-06-23,8.537506,7.100006,0.2000122,-0.022499084,,,6.248474,0.20127366,-0.11201766,90.67851
2023-06-24,7.662506,6.256256,0.066337585,0.077194214,,,12.832642,0.101782225,0.8608936,90.81172
2023-06-25,7.600006,6.350006,0.26956177,0.35232544,,,17.318726,0.44361782,0.91770536,91.79046
2023-06-26,6.881256,5.912506,0.30249023,0.23738098,,,20.645142,0.38451275,0.66537637,93.547966
2023-06-27,6.850006,5.506256,0.32028198,0.29776,,,11.016846,0.43731174,0.7489734,91.148834
2023-06-28,6.912506,6.006256,0.32818604,0.41375732,,,16.113281,0.528111,0.9002248,93.95431
2023-06-29,6.850006,6.037506,0.18585205,0.59399414,,,20.065308,0.62239057,1.2675605,94.56173
2023-06-30,6.443756,5.787506,0.23852539,0.58966064,,,23.010254,0.63607705,1.1864055,95.57269
2023-07-01,6.631256,5.600006,0.2692566,0.424469,,,15.258789,0.50266594,1.0055106,93.131355
2023-07-02,7.568756,6.693756,0.25045776,0.3923645,,,22.323608,0.4654879,1.0026692,94.18698
2023-07-03,7.537506,6.693756,0.2320404,0.4584961,,,13.641357,0.51386905,1.1022884,94.38797
2023-07-04,6.787506,5.975006,0.30749512,0.54400635,,,22.888184,0.6248969,1.0563265,94.55908
2023-07-05,6.287506,5.256256,0.34033203,0.4456787,,,22.232056,0.56076324,0.9186312,93.11304
2023-07-06,7.381256,6.037506,0.2850952,0.37216187,,,13.206482,0.46881098,0.917101,91.184746
2023-07-07,7.568756,6.193756,0.20063782,0.4322815,,,11.154175,0.47657406,1.1362485,91.001076
2023-07-08,7.537506,6.537506,0.31259155,0.35681152,,,11.802673,0.4743711,0.85136116,93.3798
2023-07-09,7.975006,7.068756,0.2921753,0.39154053,,,11.451721,0.488539,0.9297189,94.00391
2023-07-10,8.006256,7.068756,0.27023315,0.32659912,,,13.397217,0.42390203,0.87956077,93.80443
2023-07-11,8.006256,6.850006,0.38619995,0.35583496,,,7.9574585,0.52513707,0.74449974,92.40855
2023-07-12,7.912506,6.975006,0.47906494,0.48492432,,,11.245728,0.68165594,0.79147637,93.79994
2023-07-13,7.975006,6.881256,0.42095947,0.51782227,,,9.3307495,0.6673431,0.8882136,92.80376
2023-07-14,7.787506,7.006256,0.3499756,0.5115967,,,15.220642,0.61985004,0.97083163,94.80404
2023-07-15,7.881256,6.912506,0.30178833,0.39920044,,,20.874023,0.500437,0.9234777,93.59771
2023-07-16,8.162506,6.850006,0.36331177,0.38635254,,,16.952515,0.530343,0.81612325,91.432976
2023-07-17,7.756256,7.006256,0.3524475,0.5007324,,,14.36615,0.6123334,0.9574818,95.00599
2023-07-18,6.475006,5.475006,0.16847229,0.19340515,,,37.41455,0.2564926,0.8541881,93.32513
2023-07-19,7.443756,5.881256,0.24345398,0.14749146,,,18.936157,0.2846464,0.5446944,89.821495
2023-07-20,8.381256,6.756256,0.22718811,0.22558594,,,10.925293,0.3201616,0.7818596,89.50875
2023-07-21,8.006256,6.850006,0.44018555,0.57055664,,,13.175964,0.7206235,0.91367537,92.40855
2023-07-22,7.662506,6.412506,0.49856567,0.586853,,,28.045654,0.77004164,0.86655897,91.79438
2023-07-23,7.256256,6.100006,0.5581665,0.44107056,,,14.053345,0.7114022,0.66874486,92.36466
2023-07-24,6.975006,6.100006,0.51208496,0.43917847,,,23.727417,0.67461747,0.70890594,94.16011
2023-07-25,7.100006,6.256256,0.4812317,0.586792,,,12.886047,0.7588865,0.88391525,94.36885
2023-07-26,7.193756,6.443756,0.51971436,0.48349,,,14.465332,0.70983493,0.7493052,94.98405
2023-07-27,7.506256,6.662506,0.50805664,0.4656067,,,10.124207,0.689138,0.7418276,94.386604
2023-07-28,7.818756,6.975006,0.5050659,0.49368286,,,14.175415,0.7062679,0.7740013,94.40021
2023-07-29,7.693756,6.787506,0.40078735,0.40786743,,,15.930176,0.57182723,0.79415333,93.99083
2023-07-30,8.006256,6.818756,0.25195312,0.47253418,,,12.619019,0.5355081,1.0809463,92.21064
2023-07-31,8.693756,7.381256,0.31072998,0.5361328,,,10.20813,0.6196705,1.0455295,91.4676
2023-08-01,8.568756,7.287506,0.42129517,0.47283936,,,13.450623,0.6332982,0.84298146,91.655075
2023-08-02,8.381256,7.256256,0.40109253,0.42840576,,,12.710571,0.5868617,0.81831366,92.62808
2023-08-03,8.506256,7.506256,0.40786743,0.5187988,,,10.002136,0.65993035,0.9045414,93.42909
2023-08-04,7.912506,7.037506,0.30773926,0.55114746,,,13.374329,0.6312424,1.0615566,94.20245
2023-08-05,7.943756,7.162506,0.34127808,0.4845276,,,25.45166,0.5926531,0.9571554,94.81033
2023-08-06,7.912506,7.131256,0.36819458,0.55462646,,,18.325806,0.665716,0.984739,94.80908
2023-08-07,8.131256,7.350006,0.14437866,0.5048828,,,16.281128,0.5251208,1.2922652,94.817894
2023-08-08,7.006256,5.943756,-0.09449005,-0.18540955,,,35.705566,0.2080987,-2.0421174,92.95037
2023-08-09,7.756256,6.850006,0.16636658,0.061367035,,,19.851685,0.17732386,0.3533824,93.993744
2023-08-10,8.006256,6.850006,0.12678528,0.16772461,,,14.877319,0.21025236,0.92352134,92.40855
2023-08-11,8.381256,7.318756,0.40170288,0.46020508,,,9.552002,0.61086327,0.85316944,93.02467
2023-08-12,8.100006,7.412506,0.25198364,0.47003174,,,17.700195,0.53331566,1.0786881,95.42584
2023-08-13,6.975006,6.412506,0.0055775642,0.41934204,,,30.853271,0.41937914,1.5574963,96.21022
2023-08-14,7.162506,6.068756,0.20835876,0.41522217,,,34.5459,0.46456733,1.1057092,92.75858
2023-08-15,7.631256,6.537506,0.318573,0.3590393,,,9.132385,0.4799979,0.8450463,92.7847
2023-08-16,8.006256,6.975006,0.26000977,0.41470337,,,10.780334,0.48947316,1.0107762,93.20393
2023-08-17,7.943756,6.631256,0.24009705,0.38919067,,,8.010864,0.457292,1.018033,91.41866
2023-08-18,8.100006,6.350006,0.34591675,0.38568115,,,12.359619,0.5180814,0.83969754,88.719734
2023-08-19,8.225006,6.975006,0.21351624,0.21308899,,,11.375427,0.3016556,0.78439665,91.829636
2023-08-20,8.256256,7.162506,0.2928772,0.35858154,,,10.009766,0.46298787,0.8859155,92.8193
2023-08-21,7.975006,7.381256,0.31478882,0.42825317,,,17.852783,0.5315005,0.93693006,96.03464
2023-08-22,8.037506,7.287506,0.40090942,0.5553589,,,17.105103,0.6849466,0.945528,95.0169
2023-08-23,7.318756,6.631256,0.4383545,0.46765137,,,13.008118,0.64097774,0.8177232,95.39788
2023-08-24,6.787506,6.068756,0.21282959,0.15713501,,,31.402588,0.26455218,0.6359799,95.173225
2023-08-25,6.662506,6.162506,0.19364929,0.21095276,,,29.49524,0.2863584,0.82813877,96.61663
2023-08-26,6.318756,5.412506,0.25012207,0.18644714,,,27.618408,0.31196728,0.6405664,93.92632
2023-08-27,6.131256,4.568756,0.22599792,0.18440247,,,11.199951,0.2916836,0.6843897,89.71938
2023-08-28,5.693756,4.193756,0.3133545,0.26193237,,,3.8890839,0.4084111,0.6962499,90.0788
2023-08-29,5.943756,4.006256,0.14863586,0.105667114,,,5.0811768,0.18236819,0.6180124,87.37795
2023-08-30,6.818756,4.818756,0.17718506,0.103248596,,,1.996994,0.20507272,0.5276138,87.08053
2023-08-31,7.412506,5.631256,0.15016174,0.077819824,,,3.1642914,0.16912857,0.47813293,88.469475
2024-06-01,4.100006,1.6625061,0.134552,0.18362427,,,0.98896027,0.2276447,0.93842226,84.14309
2024-06-02,4.568756,2.256256,0.17028809,0.34884644,,,3.873825,0.3881905,1.1166766,84.95133
2024-06-03,4.287506,2.631256,0.15097046,0.18182373,,,5.7868958,0.23633017,0.8778437,88.97958
2024-06-04,3.881256,2.568756,0.29693604,0.50982666,,,6.6871643,0.5899951,1.0433996,91.14622
2024-06-05,3.662506,2.162506,0.04089737,0.055034637,,,7.6065063,0.0685668,0.9317126,89.92283
2024-06-06,4.537506,2.881256,0.12638855,0.09832001,,,3.1852722,0.16012773,0.6611309,89.00063
2024-06-07,4.912506,3.381256,0.18260193,0.13546753,,,3.9253235,0.22736515,0.63827986,89.82103
2024-06-08,5.881256,4.225006,0.24508667,0.09876251,,,4.4174194,0.26423758,0.38306388,89.11275
2024-06-09,6.506256,4.568756,0.19143677,0.06930542,,,4.814148,0.20359586,0.3473495,87.43127
2024-06-10,6.662506,4.318756,0.18395996,-0.015640259,,,3.376007,0.18462363,-0.08481594,84.99796
2024-06-11,7.537506,6.037506,0.2982788,0.2949829,,,1.6098022,0.41950583,0.7798427,90.21731
2024-06-12,7.006256,5.725006,0.26452637,0.2583313,,,7.1525574,0.36974216,0.7735502,91.554756
2024-06-13,7.131256,5.631256,0.30737305,0.17549133,,,6.969452,0.35394266,0.51877713,90.187035
2024-06-14,7.350006,5.975006,0.19970703,0.18687439,,,7.6446533,0.2735049,0.75221515,90.98604
2024-06-15,7.068756,5.350006,0.13908386,0.09967804,,,22.67456,0.17111409,0.62183034,88.82426
2024-06-16,7.318756,6.100006,0.17022705,0.1617279,,,4.585266,0.23480453,0.75980043,91.970894
2024-06-17,7.725006,7.131256,0.23345947,0.34509277,,,13.420105,0.41664416,0.97600853,96.02688
2024-06-18,7.725006,7.131256,0.18920898,0.41848755,,,25.146484,0.4592732,1.1461761,96.02688
2024-06-19,5.131256,3.412506,-0.03861618,-0.22357178,,,72.5708,0.22688223,-1.7418326,88.65883
2024-06-20,5.412506,3.693756,-0.019866943,-0.08244324,,,54.473877,0.0848032,-1.8072652,88.68306
2024-06-21,5.818756,4.318756,0.045368195,0.036895752,,,17.01355,0.058477085,0.68276906,90.08828
2024-06-22,6.350006,4.943756,0.014554977,-0.0032708645,,,5.607605,0.014917973,-0.2210525,90.71914
2024-06-23,6.943756,5.475006,0.10205078,0.006542206,,,6.248474,0.10226027,0.064019755,90.3687
2024-06-24,7.193756,5.662506,0.16090393,0.058712006,,,8.255005,0.17128098,0.34987652,89.99674
2024-06-25,8.006256,6.975006,0.2337799,0.30371094,,,5.531311,0.38326672,0.9147778,93.20393
2024-06-26,7.662506,6.818756,0.27020264,0.25860596,,,13.206482,0.37401405,0.76347184,94.39342
2024-06-27,7.475006,6.662506,0.45532227,0.46591187,,,19.485474,0.6514539,0.7968927,94.58813
2024-06-28,8.256256,7.631256,0.46264648,0.5465698,,,12.191772,0.7160868,0.8683642,95.838974
2024-06-29,8.162506,7.225006,0.42111206,0.5383301,,,19.577026,0.6834725,0.9069688,93.811905
2024-06-30,8.037506,7.225006,0.33520508,0.38549805,,,21.102905,0.5108534,0.85506845,94.611725
2024-07-01,8.225006,7.256256,0.40396118,0.41082764,,,30.654907,0.5761632,0.79382527,93.61468
2024-07-02,8.600006,7.537506,0.29458618,0.455719,,,14.862061,0.5426425,0.99694145,93.03639
2024-07-03,8.006256,6.975006,0.21734619,0.39456177,,,20.690918,0.4504646,1.0672972,93.20393
2024-07-04,8.162506,6.975006,0.4045105,0.40927124,,,19.638062,0.57544047,0.79124826,92.21996
2024-07-05,7.975006,7.162506,0.17955017,0.8320923,,,14.976501,0.8512437,1.3582733,94.6091
2024-07-06,6.756256,6.193756,0.13838196,0.73669434,,,28.823853,0.7495786,1.3851182,96.203705
2024-07-07,6.662506,5.818756,0.2692871,0.40393066,,,38.909912,0.48546425,0.98279375,94.34964
2024-07-08,7.568756,6.443756,0.3954773,0.3781128,,,13.061523,0.5471486,0.7629553,92.581924
2024-07-09,8.381256,7.537506,0.42749023,0.4683838,,,9.681702,0.6341382,0.831013,94.42457
2024-07-10,8.412506,7.631256,0.37994385,0.2344513,,,13.2751465,0.44645798,0.5528752,94.82919
2024-07-11,7.943756,6.818756,0.36889648,0.33328247,,,32.958984,0.49715373,0.7347223,92.60328
2024-07-12,7.787506,6.568756,0.34246826,0.47052002,,,48.76709,0.5819567,0.9416222,91.99972
2024-07-13,7.912506,7.193756,0.23066711,0.43740845,,,17.944336,0.49450326,1.0855093,95.215416
2024-07-14,8.662506,7.318756,0.2961731,0.6265869,,,18.234253,0.6930582,1.1292452,91.27046
2024-07-15,9.100006,8.037506,0.31396484,0.38961792,,,10.467529,0.5003759,0.8925121,93.06305
2024-07-16,8.881256,7.818756,0.36880493,0.6338501,,,17.166138,0.7333369,1.0438303,93.05141
2024-07-17,8.287506,7.631256,0.41864014,0.557251,,,23.31543,0.69698507,0.92648953,95.63606
2024-07-18,8.537506,7.506256,0.59277344,0.50305176,,,25.375366,0.7774583,0.7037045,93.231674
2024-07-19,8.006256,6.600006,0.4550476,0.3635254,,,16.845703,0.5824251,0.67405355,90.83575
2024-07-20,8.881256,7.350006,0.46939087,0.5308838,,,12.130737,0.7086363,0.84679693,90.12387
2024-07-21,8.100006,7.350006,0.2902832,0.46020508,,,19.332886,0.54410756,1.0080591,95.019325
2024-07-22,7.943756,6.881256,0.23750305,0.16996765,,,42.08374,0.292056,0.62114835,93.00115
2024-07-23,8.287506,7.287506,0.29162598,0.3065796,,,13.748169,0.42312735,0.8103904,93.418
2024-07-24,8.850006,7.881256,0.45550537,0.4760437,,,16.479492,0.65886474,0.80744207,93.645355
2024-07-25,8.693756,7.818756,0.51013184,0.5373535,,,17.929077,0.7409341,0.81137997,94.23738
2024-07-26,8.975006,7.725006,0.4539795,0.40826416,,,15.762329,0.61055464,0.7324287,91.876274
2024-07-27,8.975006,7.693756,0.5093384,0.4136963,,,15.548706,0.6561785,0.6821496,91.680885
2024-07-28,9.287506,7.443756,0.19683838,0.17576599,,,21.911621,0.26389208,0.728904,88.25338
2024-07-29,9.193756,7.693756,0.22520447,0.21356201,,,30.48706,0.31036395,0.7588699,90.33933
2024-07-30,9.475006,7.725006,0.23175049,0.24249268,,,17.074585,0.33542657,0.8080455,88.83554
2024-07-31,9.037506,7.162506,0.31552124,0.43249512,,,16.998291,0.5353557,0.9405206,88.04297
2024-08-01,8.006256,6.725006,0.35650635,0.39193726,,,19.607544,0.52982223,0.8327023,91.61916
2024-08-02,8.068756,6.787506,0.3670044,0.40377808,,,11.146545,0.5456455,0.83307153,91.62316
2024-08-03,7.662506,6.443756,0.27124023,0.35998535,,,13.679504,0.45073354,0.92507446,91.99204
2024-08-04,7.787506,6.662506,0.33346558,0.53967285,,,12.59613,0.63438636,1.0173166,92.59439
2024-08-05,8.381256,7.287506,0.43551636,0.4864502,,,9.613037,0.65292287,0.84058684,92.82619
2024-08-06,6.881256,6.225006,0.26467896,0.19741821,,,26.19934,0.33019525,0.6408578,95.58785
2024-08-07,7.100006,6.318756,0.43597412,0.2609558,,,41.56494,0.5081057,0.53935856,94.77615
2024-08-08,7.381256,6.568756,0.43829346,0.37329102,,,23.925781,0.57571465,0.7054755,94.584175
2024-08-09,7.162506,6.475006,0.37927246,0.31497192,,,22.30835,0.493006,0.69304216,95.392265
2024-08-10,7.475006,6.693756,0.24064636,0.28381348,,,17.089844,0.37210315,0.8675208,94.79139
2024-08-11,7.818756,6.662506,0.21321106,0.39990234,,,20.41626,0.45318964,1.0809757,92.39761
2024-08-12,7.850006,6.631256,0.3265686,0.37973022,,,22.81189,0.5008414,0.8605244,92.00354
2024-08-13,8.100006,7.225006,0.32058716,0.5285034,,,10.7421875,0.6181359,1.0255421,94.21086
2024-08-14,7.850006,6.725006,0.19895935,0.3329773,,,19.805908,0.38789004,1.0322051,92.597946
2024-08-15,8.193756,6.350006,0.09278107,0.22021484,,,14.831543,0.23896214,1.1720462,88.156845
2024-08-16,7.756256,6.162506,0.20787048,0.25350952,,,23.666382,0.32783717,0.88399595,89.65216
2024-08-17,7.662506,5.912506,0.20358276,0.20024109,,,22.277832,0.28555635,0.7771233,88.68252
2024-08-18,7.412506,6.193756,0.26834106,0.32855225,,,18.066406,0.42420927,0.8859324,91.97667
2024-08-19,7.256256,6.193756,0.36639404,0.4723816,,,10.879517,0.59782016,0.9110918,92.96396
2024-08-20,6.287506,5.600006,0.42199707,0.48458862,,,16.952515,0.6425789,0.85432976,95.36058
2024-08-21,6.756256,6.006256,0.3229065,0.60235596,,,20.492554,0.6834481,1.0787088,94.96689
2024-08-22,6.975006,6.225006,0.3269348,0.48843384,,,20.080566,0.58775336,0.98093605,94.97548
2024-08-23,7.193756,6.256256,0.43606567,0.41296387,,,14.732361,0.60057676,0.7581952,93.76534
2024-08-24,7.225006,6.131256,0.46847534,0.41711426,,,12.771606,0.62725866,0.7274666,92.76207
2024-08-25,6.912506,5.443756,0.2554016,0.16467285,,,11.84845,0.3038867,0.57268304,90.3664
2024-08-26,6.412506,4.912506,0.27163696,0.16091919,,,9.498596,0.31572396,0.53481644,90.13313
2024-08-27,6.725006,4.975006,0.26864624,0.23989868,,,9.101868,0.36016965,0.7289292,88.60216
2024-08-28,6.537506,4.943756,0.124565125,0.15774536,,,8.94928,0.20099768,0.90239245,89.55602
2024-08-29,6.631256,4.787506,0.2876892,0.24667358,,,8.110046,0.37896296,0.7087922,88.016914
2024-08-30,7.412506,4.850006,0.30163574,0.15614319,,,11.054993,0.33965397,0.47767147,83.79459
2024-08-31,8.037506,6.350006,0.2097168,0.27026367,,,5.0735474,0.3420871,0.91087985,89.09723
2025-06-01,3.381256,-0.8687439,0.42095947,0.60479736,,,6.2589645,0.73687637,0.96273714,73.707405
2025-06-02,2.350006,-0.6499939,0.520874,0.6939697,,,5.072117,0.8677002,0.9269294,80.56941
2025-06-03,1.6625061,-0.6187439,0.3526001,0.49014282,,,7.6093674,0.6037937,0.94718015,84.81233
2025-06-04,1.3187561,0.2875061,0.21025085,0.3928833,,,19.985199,0.44560376,1.079427,92.839905
2025-06-05,0.3812561,-1.1187439,0.007857323,0.025314331,,,16.986847,0.026505714,1.2698346,89.663155
2025-06-06,0.5062561,-1.4624939,-0.104911804,-0.34561157,,,13.958931,0.36118394,-1.8655106,86.64617
2025-06-07,3.006256,-1.8062439,-0.11077881,-0.40194702,,,7.9364777,0.41693327,-1.8397254,70.65832
2025-06-08,4.600006,-1.6499939,-0.077423096,-0.4711914,,,4.8823357,0.47750986,-1.7336545,63.899113
2025-06-09,5.725006,1.3187561,-0.028316498,-0.36132812,,,1.1456013,0.362436,-1.6490043,73.30818
2025-06-10,5.756256,3.006256,-0.044540405,-0.30410767,,,4.590988,0.30735213,-1.7162249,82.49498
2025-06-11,6.225006,4.412506,0.03263855,-0.21650696,,,10.804176,0.21895328,-1.4211724,88.17271
2025-06-12,6.943756,5.162506,0.14749146,-0.023269653,,,3.9868355,0.14931579,-0.15647969,88.42865
2025-06-13,6.037506,4.537506,0.13926697,-0.011184692,,,7.309437,0.13971537,-0.08013917,90.104836
2025-06-14,7.193756,5.725006,0.20779419,0.19566345,,,7.7576637,0.28541654,0.7553403,90.38703
2025-06-15,7.100006,5.756256,0.21543884,0.20777893,,,9.703636,0.29930916,0.7673009,91.165764
2025-06-16,7.162506,6.131256,0.36367798,0.37094116,,,6.8235397,0.5194796,0.79528487,93.15954
2025-06-17,7.068756,6.162506,0.4065857,0.34939575,,,13.190269,0.53608704,0.70989203,93.96164
2025-06-18,7.600006,6.850006,0.41119385,0.43515015,,,16.94107,0.5986953,0.8136962,94.9999
2025-06-19,7.568756,6.850006,0.3708496,0.25854492,,,24.564743,0.45207843,0.60882354,95.20258
2025-06-20,7.193756,6.412506,0.11620331,-0.13479614,,,35.972595,0.17796968,-0.85933834,94.77996
2025-06-21,8.287506,7.100006,0.11073303,0.085105896,,,12.253761,0.13965964,0.6552793,92.22741
2025-06-22,7.787506,6.881256,0.32489014,0.4201355,,,26.800156,0.5311002,0.91255015,93.99519
2025-06-23,7.287506,6.475006,0.36932373,0.32629395,,,15.924454,0.49281615,0.7236185,94.58023
2025-06-24,7.631256,6.662506,0.1039505,0.13256836,,,16.431808,0.16846387,0.9058089,93.58533
2025-06-25,8.193756,7.318756,0.38278198,0.40905762,,,24.267197,0.56022334,0.818569,94.215065
2025-06-26,7.912506,6.975006,0.26535034,0.32754517,,,30.548096,0.4215408,0.88991606,93.79994
2025-06-27,7.693756,6.662506,0.36047363,0.27749634,,,29.04892,0.45491257,0.6560597,93.18754
2025-06-28,7.350006,6.193756,0.4623108,0.33737183,,,13.385773,0.5723207,0.6304154,92.37018
2025-06-29,7.100006,6.350006,0.3822937,0.52441406,,,10.482788,0.6489673,0.9408764,94.98038
2025-06-30,6.787506,5.787506,0.44366455,0.36657715,,,21.900177,0.5755146,0.69054246,93.34128
2025-07-01,7.725006,6.475006,0.4663391,0.4046936,,,9.390831,0.6174537,0.7147431,91.79832
2025-07-02,7.693756,6.506256,0.51135254,0.6017456,,,12.0306015,0.7896703,0.8664289,92.19195
2025-07-03,7.725006,6.631256,0.52716064,0.4570923,,,21.406174,0.6977333,0.71432865,92.78991
2025-07-04,7.725006,6.662506,0.28219604,0.19918823,,,15.366554,0.3454136,0.6146417,92.98936
2025-07-05,7.818756,5.631256,0.17279053,0.087020874,,,11.875153,0.19346628,0.46653992,86.05269
2025-07-06,7.975006,4.693756,0.23742676,0.3381958,,,17.974854,0.41321647,0.958703,79.76961
2025-07-07,7.975006,6.475006,0.34655762,0.38388062,,,18.033981,0.5171716,0.83645046,90.249756
2025-07-08,7.725006,6.506256,0.18891907,0.33694458,,,16.65306,0.38629273,1.0597882,91.99588
2025-07-09,7.225006,6.131256,0.44818115,0.3043518,,,12.410164,0.54175305,0.59654874,92.76207
2025-07-10,7.162506,6.443756,0.41000366,0.48706055,,,11.906624,0.6366561,0.8710868,95.187355
2025-07-11,7.287506,6.006256,0.29867554,0.3223877,,,13.331413,0.43947798,0.8235596,91.572945
2025-07-12,7.600006,5.631256,0.19898987,0.2781372,,,11.187553,0.34199017,0.9497844,87.344734
2025-07-13,7.318756,5.568756,0.47827148,0.44296265,,,8.081436,0.6518892,0.74708915,88.65315
2025-07-14,7.068756,5.350006,0.56970215,0.32373047,,,17.587662,0.65525717,0.516743,88.82426
2025-07-15,7.318756,6.225006,0.43597412,0.40481567,,,10.035515,0.59493625,0.7483566,92.7673
2025-07-16,6.881256,5.693756,0.35394287,0.61657715,,,15.38372,0.71094507,1.0496802,92.143036
2025-07-17,6.787506,5.475006,0.2654724,0.43899536,,,13.978958,0.51302296,1.0269083,91.34239
2025-07-18,8.006256,6.443756,0.21963501,0.15348816,,,7.7815056,0.2679518,0.6099422,89.8648
2025-07-19,9.006256,7.100006,0.25646973,0.23124695,,,6.134033,0.34532866,0.7337282,87.85206
2025-07-20,7.225006,5.943756,0.14758301,0.31420898,,,17.99202,0.34714267,1.1316837,91.56891
2025-07-21,8.006256,6.818756,0.42764282,0.40600586,,,16.254425,0.58967716,0.7594495,92.21064
2025-07-22,8.131256,7.068756,0.45898438,0.5933838,,,19.723892,0.7501806,0.91242194,93.011246
2025-07-23,8.412506,7.162506,0.3203125,0.546875,,,12.495041,0.63377625,1.0409473,91.84133
2025-07-24,8.662506,6.943756,0.31417847,0.38552856,,,10.321617,0.49733326,0.8870183,88.95769
2025-07-25,8.600006,7.037506,0.27243042,0.28399658,,,9.096146,0.3935383,0.80618167,89.91022
2025-07-26,8.506256,7.475006,0.47366333,0.6430664,,,12.945175,0.798681,0.93594605,93.23004
2025-07-27,8.537506,7.631256,0.52545166,0.68756104,,,18.45932,0.8653552,0.9182529,94.02992
2025-07-28,7.818756,6.600006,0.35983276,0.5,,,35.568237,0.6160192,0.9469936,92.00163
2025-07-29,7.850006,6.725006,0.47003174,0.43997192,,,18.138885,0.6438207,0.75237757,92.597946
2025-07-30,7.787506,6.818756,0.53515625,0.58447266,,,16.756058,0.79246485,0.8294168,93.59306
2025-07-31,7.912506,6.912506,0.36990356,0.4356079,,,15.371323,0.5714743,0.8667865,93.39896
2025-08-01,8.287506,7.131256,0.41653442,0.47006226,,,12.289047,0.6280601,0.8456995,92.424904
2025-08-02,8.381256,7.256256,0.3843994,0.5340576,,,11.403084,0.65801245,0.9469238,92.62808
2025-08-03,8.037506,7.068756,0.21585083,0.6022949,,,12.800217,0.63980526,1.226675,93.60543
2025-08-04,7.475006,6.537506,0.30395508,0.6096802,,,16.422272,0.68124783,1.1083107,93.778915
2025-08-05,7.068756,6.287506,0.33328247,0.46847534,,,12.326241,0.5749316,0.95244735,94.77488
2025-08-06,7.412506,6.537506,0.21946716,0.24998474,,,14.503479,0.33265328,0.85031366,94.17993
2025-08-07,8.318756,6.537506,0.32077026,0.5145874,,,7.147312,0.60637754,1.0133814,88.547806
2025-08-08,7.537506,6.350006,0.31756592,0.34848022,,,11.724472,0.47147277,0.83177954,92.18257
2025-08-09,7.568756,6.662506,0.30889893,0.37841797,,,14.21833,0.48848614,0.8862009,93.985016
2025-08-10,7.943756,7.006256,0.48910522,0.46707153,,,17.017365,0.67629856,0.7623587,93.80143
2025-08-11,7.912506,7.256256,0.3592224,0.309021,,,17.950058,0.47385094,0.7104145,95.62329
2025-08-12,9.006256,7.787506,0.2250824,0.35351562,,,14.080048,0.41908875,1.0038297,92.07393
2025-08-13,8.537506,7.600006,0.2600708,0.5863037,,,16.277313,0.641396,1.1532966,93.829796
2025-08-14,7.100006,6.162506,0.2220459,0.29934692,,,27.751923,0.3727103,0.9325847,93.7608
2025-08-15,7.662506,6.100006,0.2204895,0.27874756,,,16.809464,0.35540935,0.9015669,89.83837
2025-08-16,7.506256,6.131256,0.4333496,0.55163574,,,17.831802,0.70149404,0.90491503,90.99678
2025-08-17,7.381256,6.037506,0.6055298,0.57037354,,,16.605377,0.8318607,0.75550985,91.184746
2025-08-18,6.912506,5.600006,0.5786743,0.51763916,,,20.004272,0.7764111,0.72978246,91.350685
2025-08-19,6.881256,5.443756,0.35299683,0.46069336,,,12.4874115,0.5803836,0.916989,90.56025
2025-08-20,6.631256,5.443756,0.3251953,0.3650818,,,13.709068,0.4889138,0.8431173,92.12789
2025-08-21,7.287506,6.006256,0.37417603,0.46783447,,,9.549141,0.5990633,0.8961747,91.572945
2025-08-22,7.100006,6.068756,0.3605957,0.28173828,,,13.459206,0.4576087,0.6632424,93.15623
2025-08-23,7.443756,6.037506,0.3908081,0.2710266,,,23.691177,0.4755906,0.60635227,90.79639
2025-08-24,7.100006,5.850006,0.36349487,0.46740723,,,9.0065,0.5921132,0.9098119,91.75892
2025-08-25,6.943756,5.850006,0.3360901,0.3829956,,,11.467934,0.509551,0.8505353,92.746346
2025-08-26,7.162506,5.818756,0.39364624,0.33374023,,,9.043694,0.5160813,0.70322573,91.16999
2025-08-27,7.350006,6.475006,0.42666626,0.4429016,,,9.94873,0.6149845,0.8040666,94.1771
2025-08-28,6.600006,5.912506,0.27633667,0.46749878,,,20.856857,0.5430626,1.0369496,95.37193
2025-08-29,6.225006,5.475006,0.37298584,0.47802734,,,38.368225,0.60632384,0.9082081,94.94594
2025-08-30,6.506256,5.756256,0.3477478,0.37106323,,,13.171196,0.50854343,0.8178229,94.95704
2025-08-31,5.943756,5.225006,0.3970642,0.5307007,,,15.116692,0.66279954,0.9284555,95.14121
2026-06-01,2.881256,0.4125061,-0.03957367,-0.079689026,,,2.33984,0.088974245,-2.0317214,83.80867
2026-06-02,3.287506,1.0687561,-0.008851051,-0.18812561,,,4.5895576,0.18833372,-1.6178102,85.379944
2026-06-03,3.037506,0.6312561,-0.015659332,-0.19139099,,,3.7195683,0.19203053,-1.652433,84.20648
2026-06-04,3.662506,0.7562561,0.016664505,-0.1761322,,,0.7431507,0.17691879,-1.4764636,81.30318
2026-06-05,4.287506,2.350006,0.0717926,-0.088516235,,,1.8396378,0.113970615,-0.8893435,87.21905
2026-06-06,3.850006,2.006256,0.07332611,-0.064826965,,,4.6191216,0.097873665,-0.7239558,87.76178
2026-06-07,3.850006,1.6000061,-0.027002335,-0.23469543,,,0.97966194,0.23624368,-1.6853453,85.25081
2026-06-08,4.193756,2.787506,0.19664001,0.18513489,,,8.275986,0.27007818,0.7552714,90.564026
2026-06-09,3.818756,2.131256,0.040721893,-0.06548309,,,2.4101734,0.07711231,-1.0144519,88.74214
2026-06-10,3.568756,2.037506,0.114730835,0.16108704,,,9.716034,0.19776803,0.95191014,89.7154
2026-06-11,4.131256,3.006256,0.16610718,0.43911743,,,12.275696,0.4694845,1.2091575,92.38182
2026-06-12,3.600006,2.443756,0.10987091,0.07257843,,,7.1458817,0.13167857,0.5837763,92.145294
2026-06-13,3.068756,1.4125061,-0.04372406,-0.30621338,,,4.3678284,0.3093193,-1.712627,88.87614
2026-06-14,3.693756,1.9125061,0.026403427,-0.081977844,,,4.697323,0.08612496,-1.2592077,88.13971
2026-06-15,3.693756,1.8812561,-0.010807991,-0.13354492,,,2.961874,0.13398156,-1.6515518,87.94326
2026-06-16,4.256256,1.7875061,0.046913147,-0.13027954,,,1.9197464,0.13846877,-1.2251557,83.973816
2026-06-17,5.037506,2.662506,0.11602783,-0.04013443,,,2.5706291,0.12277309,-0.3330207,84.62787
2026-06-18,5.912506,4.037506,0.21398926,0.04761505,,,5.81789,0.21922271,0.2189445,87.75911
2026-06-19,6.225006,4.162506,0.24307251,0.13972473,,,6.2012672,0.28036985,0.52170455,86.64253
2026-06-20,6.287506,5.131256,0.29873657,0.26864624,,,23.675919,0.40176404,0.73241425,92.307434
2026-06-21,5.787506,4.818756,0.10635376,0.3105774,,,11.594772,0.32828256,1.2408733,93.492905
2026-06-22,5.693756,4.662506,0.21955872,0.34075928,,,10.168076,0.4053676,0.998423,93.081215
2026-06-23,4.881256,2.662506,0.22402954,0.22453308,,,1.668334,0.3171819,0.7865207,85.553856
2026-06-24,4.975006,2.506256,0.21356201,0.06401062,,,2.6135445,0.22294864,0.29120767,84.05917
2026-06-25,6.100006,3.881256,0.20695496,0.051563263,,,2.6688576,0.2132818,0.24418049,85.684814
2026-06-26,6.975006,5.100006,0.19841003,0.14604187,,,5.552292,0.24636309,0.63452023,87.85671
2026-06-27,6.850006,5.131256,0.18862915,0.106040955,,,5.6824684,0.21639232,0.5121359,88.805756
2026-06-28,6.787506,5.350006,0.106658936,0.023014069,,,8.03566,0.1091136,0.21251445,90.5535
2026-06-29,7.412506,6.068756,0.14511108,0.11017609,,,16.550064,0.18219768,0.6493971,91.18685
2026-06-30,7.631256,6.600006,0.16433716,0.14950562,,,23.857117,0.22216801,0.73817545,93.18425
2026-07-01,7.725006,6.912506,0.26589966,0.37661743,,,20.669937,0.46102422,0.9560411,94.59863
2026-07-02,8.162506,7.475006,0.36853027,0.39834595,,,20.950317,0.54267305,0.82425797,95.42807
2026-07-03,8.318756,7.412506,0.37664795,0.33190918,,,18.579483,0.5020233,0.7223412,94.01982
2026-07-04,8.381256,7.475006,0.40698242,0.36050415,,,19.84024,0.5436892,0.72491294,94.02271
2026-07-05,8.162506,6.850006,0.37893677,0.2958374,,,13.59272,0.48074198,0.6628638,91.432976
2026-07-06,8.225006,6.787506,0.287323,0.24681091,,,8.249283,0.37877452,0.70969677,90.656364
2026-07-07,8.631256,7.131256,0.2632141,0.6014404,,,14.226913,0.65651524,1.1582688,90.29815
2026-07-08,8.287506,7.131256,0.34869385,0.5128784,,,27.130127,0.6201868,0.97370434,92.424904
2026-07-09,8.037506,7.162506,0.2578125,0.3684082,,,32.295227,0.44965753,0.9602038,94.20806
2026-07-10,8.725006,7.600006,0.38357544,0.5469971,,,20.72525,0.6680838,0.9592396,92.647484
2026-07-11,8.006256,7.100006,0.13795471,0.35217285,,,41.843414,0.37822908,1.1974443,94.005356
2026-07-12,8.287506,7.350006,0.14468384,0.6676636,,,40.454865,0.68316036,1.3573942,93.81788
2026-07-13,7.631256,6.350006,0.116867065,0.1665039,,,36.52954,0.20342435,0.9588045,91.59509
2026-07-14,7.100006,6.225006,0.044700623,0.24899292,,,24.148941,0.25297356,1.3931628,94.16579
2026-07-15,7.725006,7.037506,0.34527588,0.45291138,,,13.550758,0.5695122,0.9194395,95.41246
2026-07-16,7.725006,6.943756,0.43743896,0.32540894,,,20.990372,0.5452007,0.6395829,94.801506
2026-07-17,8.068756,7.412506,0.32662964,0.3215332,,,24.400711,0.4583345,0.77753544,95.62862
2026-07-18,8.225006,7.068756,0.13922119,0.12600708,,,30.225754,0.18777733,0.7356177,92.42127
2026-07-19,7.537506,6.693756,0.15364075,0.2541809,,,20.973206,0.29700744,1.0271081,94.38797
2026-07-20,7.350006,6.506256,0.3574524,0.4533081,,,15.3541565,0.57728714,0.90308124,94.37979
2026-07-21,6.850006,5.756256,0.3921814,0.37124634,,,19.659042,0.54002786,0.7579826,92.7411
2026-07-22,7.193756,6.225006,0.4855957,0.44909668,,,17.879486,0.661431,0.74636877,93.563576
2026-07-23,6.756256,5.725006,0.41519165,0.37841797,,,15.4771805,0.5617689,0.739094,93.138
2026-07-24,7.100006,6.162506,0.39556885,0.46417236,,,12.962341,0.6098612,0.865025,93.7608
2026-07-25,7.537506,6.475006,0.3239746,0.24822998,,,9.086609,0.4081393,0.65379,92.97921
2026-07-26,7.756256,6.350006,0.3413086,0.35812378,,,12.5694275,0.4947163,0.8094347,90.81828
2026-07-27,7.881256,6.725006,0.33636475,0.50427246,,,12.133598,0.60616165,0.9825424,92.40126
2026-07-28,8.193756,7.037506,0.54748535,0.57562256,,,15.363693,0.7944064,0.8104459,92.41946
2026-07-29,7.600006,6.568756,0.5829468,0.56225586,,,22.865295,0.8099127,0.7673327,93.1826
2026-07-30,7.193756,6.318756,0.39645386,0.6130371,,,19.842148,0.73006177,0.9967413,94.17004
2026-07-31,7.256256,6.225006,0.46350098,0.6289673,,,11.811256,0.7813021,0.9357166,93.16448
2026-08-01,7.787506,6.912506,0.48718262,0.5078125,,,16.328812,0.703719,0.80612886,94.19683
2026-08-02,7.537506,6.912506,0.35421753,0.45083618,,,17.986298,0.573344,0.904842,95.81555
2026-08-03,7.412506,6.256256,0.007870674,0.09989929,,,25.259018,0.10020886,1.4921726,92.37384
2026-08-04,7.662506,6.537506,0.30230713,0.4225464,,,14.567375,0.5195527,0.9497821,92.587265
2026-08-05,7.756256,6.725006,0.31796265,0.6418457,,,18.131256,0.71628636,1.1108451,93.19083
2026-08-06,7.818756,6.850006,0.45465088,0.4588318,,,11.843681,0.64593655,0.78997505,93.59462
2026-08-07,7.787506,6.693756,0.34780884,0.37747192,,,12.800217,0.5132797,0.82627416,92.793365
2026-08-08,7.756256,6.537506,0.38653564,0.4468689,,,17.911911,0.5908482,0.85766584,91.997795
2026-08-09,7.818756,7.006256,0.3867798,0.4923706,,,18.884659,0.6261209,0.9049311,94.60256
2026-08-10,7.537506,6.631256,0.318573,0.4354248,,,22.70317,0.5395216,0.93915135,93.98355
2026-08-11,7.912506,5.787506,0.2875061,0.20574951,,,10.607719,0.35354295,0.62114257,86.435425
2026-08-12,8.756256,6.600006,0.27093506,0.24850464,,,8.883476,0.36764163,0.74224305,86.33451
2026-08-13,8.381256,7.100006,0.40914917,0.6939697,,,29.60968,0.8056035,1.0380754,91.643135
2026-08-14,7.662506,6.350006,0.45700073,0.31524658,,,10.958672,0.5551847,0.60385853,91.4002
2026-08-15,7.100006,6.131256,0.43399048,0.48660278,,,18.707275,0.6520199,0.8424865,93.5589
2026-08-16,7.131256,6.287506,0.37454224,0.55303955,,,34.26361,0.6679331,0.97550726,94.370224
2026-08-17,7.037506,5.912506,0.36383057,0.36920166,,,13.989449,0.51834595,0.79272527,92.551506
2026-08-18,7.850006,6.756256,0.33026123,0.3204651,,,11.498451,0.46018514,0.77034515,92.79683
2026-08-19,7.818756,6.787506,0.33532715,0.40594482,,,10.741234,0.5265316,0.88037705,93.19411
2026-08-20,7.725006,6.756256,0.3482666,0.4501953,,,13.238907,0.5691796,0.91236776,93.58997
2026-08-21,7.631256,6.537506,0.4022827,0.52001953,,,26.395798,0.6574585,0.9123668,92.7847
2026-08-22,7.381256,6.318756,0.34051514,0.51116943,,,11.059761,0.6142025,0.98315203,92.97075
2026-08-23,7.975006,6.787506,0.33016968,0.4008484,,,9.555817,0.5193182,0.8817839,92.20877
2026-08-24,7.881256,6.350006,0.2224884,0.31954956,,,5.642414,0.38937515,0.9625873,90.04883
2026-08-25,7.850006,6.287506,0.26202393,0.31655884,,,8.382797,0.41093314,0.87937653,89.8528
2026-08-26,7.912506,6.506256,0.42297363,0.53448486,,,16.532898,0.68160164,0.9013417,90.82921
2026-08-27,7.881256,6.943756,0.38616943,0.44415283,,,10.36644,0.58855635,0.8551174,93.79844
2026-08-28,8.193756,7.006256,0.24031067,0.36499023,,,12.032509,0.4369978,0.9885366,92.221825
2026-08-29,7.912506,6.850006,0.24880981,0.44543457,,,31.440735,0.510214,1.0613915,92.99947
2026-08-30,7.631256,6.443756,0.42053223,0.37094116,,,14.739037,0.5607537,0.7228233,92.1882
2026-08-31,7.443756,6.600006,0.40353394,0.3682251,,,17.57431,0.5462869,0.7396789,94.38388
